Mush No,Dry matter,400,402.95,405.89,408.84,411.78,414.73,417.68,420.62,423.57,426.51,429.46,432.41,435.35,438.3,441.24,444.19,447.14,450.08,453.03,455.97,458.92,461.87,464.81,467.76,470.7,473.65,476.6,479.54,482.49,485.43,488.38,491.33,494.27,497.22,500.16,503.11,506.06,509,511.95,514.89,517.84,520.79,523.73,526.68,529.62,532.57,535.52,538.46,541.41,544.35,547.3,550.25,553.19,556.14,559.08,562.03,564.98,567.92,570.87,573.81,576.76,579.71,582.65,585.6,588.54,591.49,594.44,597.38,600.33,603.27,606.22,609.17,612.11,615.06,618,620.95,623.9,626.84,629.79,632.73,635.68,638.63,641.57,644.52,647.46,650.41,653.36,656.3,659.25,662.19,665.14,668.09,671.03,673.98,676.92,679.87,682.82,685.76,688.71,691.65,694.6,697.55,700.49,703.44,706.38,709.33,712.28,715.22,718.17,721.11,724.06,727.01,729.95,732.9,735.84,738.79,741.74,744.68,747.63,750.57,753.52,756.47,759.41,762.36,765.3,768.25,771.2,774.14,777.09,780.03,782.98,785.93,788.87,791.82,794.76,797.71,800.66,803.6,806.55,809.49,812.44,815.39,818.33,821.28,824.22,827.17,830.12,833.06,836.01,838.95,841.9,844.85,847.79,850.74,853.68,856.63,859.58,862.52,865.47,868.41,871.36,874.31,877.25,880.2,883.14,886.09,889.04,891.98,894.93,897.87,900.82,903.77,906.71,909.66,912.6,915.55,918.5,921.44,924.39,927.33,930.28,933.23,936.17,939.12,942.06,945.01,947.96,950.9,953.85,956.79,959.74,962.69,965.63,968.58,971.52,974.47,977.42,980.36,983.31,986.25,989.2,992.15,995.09,998.04
M1,0.085060404,0.294403682,0.29002267,0.289410342,0.288926451,0.28862608,0.288916575,0.289242111,0.289123373,0.290643025,0.293503723,0.298758534,0.305378758,0.312959417,0.320472761,0.326197048,0.33158103,0.335822335,0.339684971,0.343177745,0.34637293,0.349886871,0.352379289,0.354603989,0.356918116,0.359479474,0.36223194,0.364089936,0.366802933,0.369113366,0.372230293,0.374912293,0.378350557,0.381358201,0.38417132,0.387473231,0.390690299,0.393587042,0.396310608,0.39927794,0.401133321,0.403360285,0.405518736,0.407752237,0.409776215,0.411557953,0.413318356,0.41561038,0.417628634,0.419852364,0.421948664,0.423961254,0.425768416,0.426854841,0.428328648,0.42951027,0.431383499,0.433197175,0.435947522,0.439286764,0.442299671,0.444791765,0.44749645,0.449851889,0.452055741,0.453862682,0.45598914,0.457767729,0.459740021,0.461036684,0.462577057,0.46366014,0.465145032,0.465659982,0.466388937,0.467461783,0.468157278,0.46860256,0.469507027,0.470209105,0.47112592,0.472156086,0.473017967,0.474199719,0.475306197,0.476408886,0.478262249,0.479338131,0.481136104,0.482032667,0.484230394,0.485490428,0.487452083,0.488907768,0.490815563,0.492489279,0.494061443,0.495728657,0.497498661,0.498273395,0.499640048,0.500994957,0.502163827,0.504440468,0.504103428,0.505199014,0.505944274,0.507531172,0.508405092,0.509115387,0.509836987,0.511172794,0.511682143,0.512756153,0.512726511,0.513177722,0.51307668,0.514150433,0.514524352,0.515145197,0.515923486,0.51685423,0.517095252,0.517657033,0.517854098,0.51953241,0.519635215,0.520725947,0.520674825,0.521343413,0.521457394,0.522490677,0.522777761,0.523429114,0.523512997,0.523304097,0.523616642,0.524581116,0.525360954,0.525668364,0.525235012,0.526065171,0.525899776,0.526118827,0.526064652,0.525767284,0.525746573,0.524601463,0.524946053,0.524448169,0.523399851,0.523817566,0.524291056,0.523698221,0.523859527,0.523001968,0.522913476,0.523654133,0.523921918,0.523050543,0.521820173,0.522318744,0.522408576,0.522892496,0.522928735,0.521605432,0.521773217,0.521410875,0.519963046,0.520066977,0.521183287,0.520227281,0.520581144,0.519006686,0.519341347,0.517760853,0.518147226,0.517624589,0.516907809,0.515321084,0.515810898,0.511509034,0.510571377,0.511563959,0.509832164,0.509868871,0.502715469,0.501834579,0.503152331,0.496878736,0.500139286,0.496410706,0.497811282,0.49413943,0.498505038,0.495571753,0.494157321,0.493342409,0.492672599,0.494069999,0.497852863,0.492982452,0.491387559,0.50113543,0.423658567
M2,0.070156892,0.212419274,0.210913722,0.211567536,0.212056645,0.212728962,0.21429365,0.215569982,0.216703161,0.218838866,0.22178009,0.226287277,0.231516963,0.237375439,0.243117553,0.247558666,0.25179458,0.255315919,0.258522226,0.261437559,0.264291215,0.267515953,0.27009865,0.272342084,0.27489433,0.277545397,0.280534185,0.282664547,0.285473595,0.287768261,0.290636193,0.292997429,0.295985445,0.298570587,0.301073408,0.303848043,0.306581196,0.308987018,0.311233932,0.313668467,0.315173081,0.316963561,0.318640536,0.320393003,0.321917401,0.323346424,0.324683319,0.326475572,0.328147594,0.329870085,0.331544771,0.333055483,0.334490206,0.335311781,0.336490386,0.337400005,0.33889666,0.340425522,0.342952876,0.345769733,0.348327658,0.350562059,0.353001577,0.355218485,0.357343006,0.359167347,0.36124365,0.363070274,0.364913735,0.366381708,0.367883711,0.36901831,0.370483725,0.371210221,0.372059666,0.373212637,0.374054992,0.374708755,0.375688191,0.376478903,0.377490566,0.378600938,0.379609922,0.380959659,0.38215941,0.383378207,0.385169254,0.386336668,0.387893478,0.388807705,0.390563493,0.391703796,0.393064201,0.394124022,0.395691182,0.397078843,0.398269232,0.399516217,0.400754654,0.401302286,0.402226302,0.403004389,0.40342481,0.404925626,0.404500175,0.405953532,0.406197287,0.40733738,0.407906032,0.408329945,0.40881271,0.409578505,0.409742695,0.410351052,0.410169414,0.410313097,0.409989147,0.410734261,0.41079741,0.411236659,0.411712123,0.412309615,0.412396282,0.412676856,0.412793693,0.413988748,0.414090798,0.414819839,0.414807581,0.415093013,0.415245349,0.416007638,0.416299742,0.416750856,0.417059747,0.416914276,0.41731173,0.418069482,0.418855485,0.419117917,0.418946083,0.419670841,0.419650971,0.41992857,0.420042953,0.419876992,0.419887019,0.419042321,0.419553244,0.419376171,0.418723538,0.41916231,0.419658215,0.41932154,0.419647428,0.418972626,0.419077678,0.41967614,0.41997065,0.419363407,0.418532209,0.418909825,0.419053629,0.41936332,0.419432102,0.418322376,0.418208383,0.417976716,0.416546261,0.416618952,0.417263489,0.416209168,0.416407634,0.415001376,0.415111454,0.413533635,0.413613835,0.412928747,0.411999345,0.41036823,0.410411439,0.406282282,0.404852253,0.405183239,0.403376288,0.402705284,0.396428061,0.395010956,0.395435913,0.389895025,0.391808187,0.388112351,0.388652696,0.385192125,0.387925237,0.38495423,0.383073001,0.381618526,0.38032936,0.380573686,0.382960813,0.378284582,0.376865595,0.382819996,0.315165274
M3,0.061830091,0.245384418,0.250624742,0.25276933,0.251783528,0.250740344,0.249274157,0.246342503,0.244591486,0.245328395,0.24656263,0.252468631,0.259193066,0.267599563,0.275280889,0.281625308,0.28657067,0.29051268,0.295203153,0.298218156,0.301617498,0.304507311,0.307243982,0.309426234,0.311494131,0.313270401,0.315180771,0.316715968,0.318865107,0.321150481,0.323358325,0.326018776,0.329073013,0.332055395,0.33452006,0.337524517,0.339861299,0.341998734,0.344510943,0.346852067,0.349168549,0.350309284,0.35275275,0.354096892,0.356218669,0.357529539,0.3596545,0.361498918,0.362977884,0.364787447,0.366615238,0.368152283,0.369688069,0.370968159,0.371663211,0.372929976,0.374162013,0.375901555,0.377466801,0.381182199,0.384016572,0.386184301,0.388090437,0.3898473,0.391987768,0.393365801,0.394879493,0.395944941,0.397126352,0.39799752,0.399483358,0.400575949,0.401592066,0.402189605,0.403516416,0.404262465,0.405330597,0.406010407,0.406174747,0.407539751,0.408060551,0.408824319,0.409331297,0.41010767,0.410689083,0.411850915,0.412707632,0.413850825,0.41538171,0.416214278,0.417625259,0.41893397,0.419969893,0.42186005,0.423247213,0.42432577,0.425648782,0.42699749,0.428322249,0.429213481,0.430018807,0.430489681,0.431691944,0.435016147,0.433086812,0.432506581,0.434105427,0.434826448,0.435738555,0.436478749,0.43687793,0.436990196,0.437289871,0.438410735,0.438369552,0.438422445,0.439071468,0.43951866,0.439561494,0.44075661,0.441066765,0.441730474,0.442721574,0.443393332,0.44421754,0.444768268,0.445461231,0.445359258,0.44557788,0.445942686,0.446367092,0.446665009,0.447015846,0.447491594,0.447096949,0.448035505,0.44765647,0.44827003,0.448368555,0.448986576,0.448799228,0.449251362,0.448188474,0.44811031,0.447605262,0.448365545,0.447728519,0.447307204,0.447389055,0.447120123,0.446501992,0.445707102,0.445623675,0.445837466,0.44554305,0.444926875,0.445726677,0.445748331,0.445686061,0.444595032,0.444638662,0.444603216,0.442827721,0.44273069,0.442340976,0.44190972,0.441646672,0.442094831,0.440465469,0.441409293,0.441303513,0.441328412,0.441203363,0.439142981,0.440544925,0.439046703,0.438738735,0.438145736,0.437467875,0.435819297,0.435938746,0.432470569,0.433647435,0.432290361,0.430435176,0.430090104,0.428021941,0.424471905,0.425425945,0.421723883,0.421364642,0.423325455,0.422179998,0.421508699,0.422610189,0.42258869,0.424252637,0.42676896,0.424511748,0.424007384,0.425374783,0.426973976,0.426130461,0.424673278,0.326693089
M4,0.064090714,0.228469583,0.230664814,0.231272055,0.229645817,0.228354701,0.226998322,0.224455445,0.222956318,0.223496727,0.224293608,0.229062466,0.234395634,0.241034027,0.247063036,0.252097326,0.256223569,0.259526501,0.263657561,0.266390036,0.269667459,0.2725884,0.275518892,0.277930223,0.28027967,0.282346836,0.284525936,0.286409616,0.28883453,0.291287014,0.293572328,0.29618384,0.299103522,0.301879037,0.304199451,0.306898674,0.309007093,0.310811743,0.313006377,0.315048081,0.317074059,0.318008036,0.32019559,0.321372876,0.3232488,0.324372642,0.326184393,0.327770748,0.328968351,0.330551535,0.33216441,0.333555814,0.334977486,0.336254419,0.337036132,0.338344414,0.339571766,0.341229809,0.342697897,0.346216474,0.349060953,0.351359375,0.353431058,0.355388234,0.357758138,0.35934271,0.361160813,0.362583636,0.364093492,0.365325229,0.367083603,0.368530576,0.369845758,0.370802137,0.372444049,0.373531618,0.374893967,0.375910032,0.376407429,0.378058522,0.378891102,0.379969192,0.380782788,0.381790515,0.382617959,0.383987934,0.385073111,0.386356523,0.388032236,0.388978877,0.390424234,0.391684614,0.392683667,0.394442545,0.395667514,0.396615967,0.397745253,0.398910683,0.400064405,0.400811921,0.401367508,0.401748899,0.402828764,0.405846799,0.404134276,0.402878299,0.40458477,0.405152732,0.405902781,0.406509204,0.406785132,0.406759443,0.406996439,0.40789656,0.407812991,0.407707151,0.40827354,0.408520374,0.408530091,0.409609828,0.409917597,0.410489519,0.411428384,0.412051767,0.412818585,0.41330767,0.41395251,0.413846818,0.414049158,0.414346316,0.414765016,0.415109586,0.415587918,0.416080219,0.415883889,0.416852748,0.416725537,0.417434291,0.417746885,0.418456165,0.418533745,0.419002219,0.418221885,0.418204518,0.417926281,0.418633817,0.418243968,0.417897789,0.418266591,0.418431368,0.418039392,0.417460345,0.417597531,0.417990933,0.417868674,0.417492891,0.418333925,0.418550136,0.418780078,0.417827612,0.417901964,0.418036349,0.416424352,0.416382374,0.416128941,0.415809376,0.415615347,0.416108077,0.414560727,0.41544431,0.415464445,0.415598811,0.415468006,0.41359059,0.414977085,0.413541837,0.413186987,0.412678683,0.411932962,0.4104942,0.410629289,0.40735462,0.408575531,0.407216343,0.405436828,0.405053368,0.402995991,0.399495904,0.400217904,0.396844789,0.396242987,0.398325432,0.397278056,0.396689505,0.397900235,0.397867589,0.399657152,0.402171901,0.400140488,0.400118027,0.401609287,0.403419426,0.402999331,0.402126286,0.310122372
M5,0.068956535,0.305874495,0.301415089,0.29892097,0.299867004,0.29873487,0.298569966,0.300077321,0.301614538,0.302712092,0.306357362,0.312053708,0.318976043,0.327994241,0.334850302,0.342072041,0.347902884,0.352415948,0.356737297,0.360443359,0.363888803,0.366517359,0.369992824,0.372656362,0.376176432,0.378501168,0.380816302,0.383389251,0.386397797,0.388905538,0.392246255,0.394856955,0.398079001,0.40161224,0.405238698,0.408777303,0.412192255,0.415699086,0.418444388,0.421596966,0.42410771,0.426467156,0.428702557,0.430421299,0.432150988,0.434227844,0.436202821,0.438042192,0.440197438,0.442427069,0.444618645,0.446629361,0.448026496,0.449481674,0.450264658,0.451769735,0.453095335,0.455446989,0.458506162,0.462005114,0.465279084,0.4679307,0.470447528,0.472487461,0.474950306,0.47710362,0.479126949,0.481078172,0.482588576,0.484075749,0.485320133,0.485826333,0.487137923,0.487911906,0.488706298,0.489252032,0.48976335,0.490435025,0.490949934,0.491366118,0.492440019,0.493427001,0.494368468,0.495845944,0.497212254,0.498487572,0.499827571,0.501930939,0.502915259,0.505248785,0.506564239,0.508449051,0.51039534,0.512253332,0.514129134,0.516375063,0.518312574,0.519618734,0.521841596,0.523898085,0.525238952,0.52676867,0.528222938,0.529177416,0.530020406,0.533407946,0.533465902,0.535274012,0.536202436,0.537681829,0.53817701,0.539453283,0.540218953,0.540561788,0.540429501,0.541464074,0.541726447,0.543255141,0.54392781,0.544621283,0.544864916,0.545360679,0.54649385,0.547520862,0.54723788,0.548426096,0.549892523,0.549301352,0.550404582,0.550485985,0.550873018,0.552142412,0.552783415,0.553244499,0.553539058,0.554392475,0.55442449,0.554032053,0.554552427,0.555460615,0.555815789,0.555914756,0.554731167,0.555564329,0.555621949,0.555540051,0.554218821,0.554479418,0.553891151,0.552096247,0.552678783,0.55167172,0.552017685,0.551156664,0.551154626,0.551553589,0.551174992,0.551767668,0.549619459,0.550345111,0.550832488,0.550881223,0.548645544,0.548597736,0.548102748,0.548637115,0.548116122,0.547313858,0.547574531,0.547231128,0.548068861,0.546273446,0.546048333,0.543643515,0.54659713,0.543635077,0.543238963,0.541272143,0.539243538,0.53983606,0.534900593,0.536220568,0.533566436,0.532944762,0.529130698,0.527175421,0.521456604,0.523642747,0.517543687,0.518701174,0.514097292,0.512570302,0.510876201,0.509846781,0.510682993,0.510412198,0.512406764,0.506924824,0.509751521,0.505830854,0.503964933,0.512517112,0.503891595,0.505668919,0.434347611
M6,0.068548297,0.241511135,0.241369612,0.241277232,0.243484853,0.24360316,0.244632285,0.247021961,0.249349296,0.251376258,0.255379,0.260686534,0.266852933,0.274471961,0.280286847,0.286333008,0.291394352,0.295269305,0.299141957,0.302531922,0.305885092,0.308586119,0.312008884,0.314816009,0.318355072,0.32088427,0.323410377,0.326216205,0.329340012,0.331936244,0.335021659,0.337542217,0.340480289,0.343616555,0.346864811,0.349858033,0.352788746,0.35572708,0.358102913,0.360775614,0.362982874,0.36497143,0.366851303,0.368226263,0.369677657,0.371432547,0.373038612,0.374600984,0.37628883,0.378114488,0.379915469,0.38157277,0.382662734,0.383940573,0.38466711,0.38606322,0.387234389,0.389128338,0.391461098,0.394354872,0.397147669,0.399482463,0.401674515,0.403421517,0.405594395,0.407466724,0.409285601,0.410994958,0.412337126,0.413720924,0.414948398,0.415527761,0.416829292,0.417677179,0.418505375,0.419180746,0.419814457,0.420569422,0.421138075,0.421718333,0.422739837,0.423799603,0.424728342,0.426140957,0.427406712,0.428658909,0.429942115,0.431800444,0.432750752,0.434654062,0.435743357,0.437155765,0.43843808,0.439706026,0.441212179,0.442754775,0.444136275,0.4448667,0.446383076,0.447768396,0.448483163,0.449141624,0.449729046,0.450355118,0.450749724,0.452699535,0.452823406,0.454128961,0.454653535,0.45561691,0.455776383,0.456544377,0.456868895,0.456862381,0.456493816,0.457075496,0.457170723,0.458021919,0.458543353,0.458825618,0.458933625,0.459104485,0.460044047,0.460645548,0.460386337,0.461261854,0.462430484,0.461704295,0.462498194,0.462449665,0.462592534,0.463508487,0.463967972,0.464403066,0.46465247,0.465302301,0.465459802,0.465170454,0.465717736,0.466553612,0.466913217,0.46696582,0.46616805,0.466751239,0.467002566,0.46680294,0.466040953,0.4664524,0.466341509,0.465072305,0.465606006,0.464879931,0.46538092,0.464792613,0.464936181,0.465403231,0.465179553,0.465874551,0.464140143,0.464786311,0.465324129,0.4653875,0.463588998,0.46353892,0.463090156,0.463536893,0.463147442,0.462310637,0.462638879,0.462298666,0.46295656,0.461408007,0.461219472,0.459124815,0.461500592,0.458932237,0.458577555,0.456826706,0.455107996,0.455716477,0.451464581,0.452359413,0.45001396,0.44950442,0.446446218,0.44474974,0.439659055,0.441420415,0.436320736,0.436961823,0.432852427,0.431239033,0.429721273,0.4282957,0.428762018,0.42785358,0.429110193,0.423891069,0.425729842,0.421966005,0.419683794,0.425966162,0.418305122,0.418687208,0.35269878
M7,0.065263204,0.286325642,0.286532928,0.284381253,0.284366039,0.282790683,0.281856597,0.279859698,0.279119762,0.279211814,0.28092563,0.285184878,0.290794086,0.298146013,0.304759804,0.309610498,0.314372511,0.318024913,0.321970013,0.324997777,0.328284793,0.330699428,0.333799238,0.33603023,0.337895276,0.340038423,0.341838169,0.343993216,0.345986019,0.348512985,0.35096662,0.353564821,0.356725853,0.359963424,0.362589747,0.365266112,0.367713935,0.370460232,0.373230673,0.375534683,0.377749569,0.379633659,0.381774208,0.383897556,0.385998714,0.387587111,0.389424343,0.391543554,0.393554641,0.39554127,0.397389656,0.399850675,0.401575858,0.403408217,0.404441865,0.406057436,0.408003722,0.410102362,0.412100911,0.41557971,0.418455953,0.421121645,0.423388214,0.425578396,0.428147213,0.430120035,0.432038928,0.433484804,0.435308249,0.43657591,0.438054718,0.439484312,0.440298974,0.441075138,0.442285207,0.442277152,0.443029683,0.443667239,0.443870878,0.444637964,0.44564378,0.446627372,0.447653657,0.44878016,0.450124888,0.451861867,0.45341582,0.455070885,0.457129237,0.45884364,0.460903207,0.462467179,0.464361311,0.466708852,0.468871541,0.470146487,0.472358064,0.473432786,0.475489665,0.476960896,0.478277345,0.479476048,0.481007928,0.484058334,0.482940081,0.482654824,0.484596674,0.485450239,0.486456797,0.487625934,0.487917252,0.489369959,0.489051471,0.490755444,0.491014523,0.490998068,0.491344678,0.491472011,0.492812631,0.493472153,0.494206451,0.495043608,0.495998591,0.496315709,0.497729287,0.497993735,0.498586488,0.499428319,0.499207552,0.500991282,0.500245671,0.500944541,0.500978514,0.50232998,0.502870065,0.50355373,0.503722369,0.503661533,0.50439333,0.504715536,0.504232145,0.506159802,0.505078204,0.50530922,0.50563292,0.50546947,0.505866899,0.505131054,0.504406687,0.503848126,0.504244765,0.503460352,0.504329237,0.5029523,0.503476085,0.504808346,0.503888387,0.50515383,0.504383664,0.505672658,0.503656617,0.504713257,0.503667763,0.50467629,0.503595457,0.503065706,0.505849008,0.504365465,0.503835948,0.504807359,0.504500483,0.504507581,0.503625656,0.505288918,0.504440168,0.504058974,0.503082077,0.503920504,0.501808307,0.501648897,0.500764748,0.498211563,0.49912297,0.498715132,0.495331901,0.497209154,0.492898032,0.494391967,0.489829603,0.486693079,0.488035879,0.487845214,0.487598065,0.488124671,0.490602904,0.486148851,0.489496551,0.487173971,0.491855435,0.492041319,0.493836805,0.496234449,0.493532882,0.50093423,0.429646381
M8,0.067139618,0.215118508,0.21860063,0.218838487,0.220252916,0.220169669,0.220769758,0.220377933,0.221052686,0.222027419,0.224171421,0.228004425,0.232663605,0.238600371,0.243812514,0.24778453,0.251589167,0.254586726,0.257852322,0.260464627,0.263361712,0.265633812,0.268626301,0.270844475,0.272883873,0.275118959,0.277207603,0.279397558,0.281527081,0.28386084,0.286134159,0.288259757,0.290922231,0.29357074,0.295669564,0.297776026,0.299637223,0.301687051,0.303731935,0.305386792,0.30692579,0.308162452,0.309528133,0.310884558,0.312218712,0.31311674,0.314261886,0.315568356,0.316836055,0.318075437,0.319172965,0.320749141,0.321758652,0.322858635,0.32343775,0.324473877,0.325756058,0.32713594,0.328618352,0.331180304,0.33332389,0.335358827,0.337122062,0.338865846,0.34089461,0.342527572,0.344090851,0.34529139,0.34669451,0.347753125,0.348891073,0.350004698,0.350714144,0.35131654,0.352291022,0.35227381,0.352899684,0.353413137,0.353652449,0.354245309,0.355037258,0.355881193,0.356707355,0.357693099,0.358775371,0.360200708,0.361483455,0.362778655,0.364307167,0.365608301,0.36699463,0.368100236,0.369199853,0.37062689,0.372168007,0.372897506,0.374412818,0.374975267,0.376258786,0.377048712,0.377775481,0.378171334,0.378750104,0.380711064,0.379241806,0.379483569,0.380510844,0.380920896,0.381451321,0.382110025,0.38207671,0.382858369,0.382256803,0.38326313,0.383178101,0.382859614,0.382817559,0.382694223,0.383477028,0.383711517,0.384018061,0.384405074,0.384952055,0.384906146,0.385836562,0.38577565,0.386137407,0.386556288,0.386293248,0.387382808,0.386652326,0.387000319,0.386944579,0.38783868,0.388319569,0.388704629,0.388863696,0.388738978,0.389344532,0.38954772,0.389142061,0.390556906,0.389750137,0.38997334,0.390231875,0.390113601,0.39050701,0.389991347,0.389532569,0.38925204,0.389708081,0.38917934,0.389962159,0.388892758,0.389396957,0.390488135,0.389903767,0.390786438,0.390340703,0.391333844,0.3897986,0.390604257,0.389774115,0.390538706,0.389682633,0.389168632,0.391188236,0.38986928,0.389355701,0.389898896,0.389508442,0.389244679,0.388465397,0.389691509,0.388764724,0.388244938,0.387255031,0.387578784,0.385799184,0.385415723,0.384331738,0.381959997,0.382104582,0.381387206,0.378312956,0.379465639,0.375513683,0.376067048,0.372029883,0.369034975,0.36930246,0.368543516,0.367768194,0.367542868,0.369089347,0.365050065,0.36680667,0.364492324,0.367168891,0.366588599,0.367185702,0.36797116,0.365594196,0.369952788,0.314557786
M9,0.068880661,0.282484981,0.278525949,0.280350254,0.27947751,0.279087246,0.279177859,0.277862309,0.276550365,0.27809674,0.280953283,0.284844755,0.290910593,0.297818644,0.303877592,0.309219003,0.313552532,0.317563436,0.320591144,0.323989852,0.32702723,0.329807325,0.332727812,0.334833187,0.337105943,0.339113224,0.340887826,0.342756773,0.34500743,0.347237999,0.349821837,0.352364663,0.355192539,0.3580572,0.360667463,0.363379391,0.365718571,0.36804072,0.370626878,0.372378742,0.374367135,0.375712301,0.377519856,0.379095963,0.380507184,0.381753725,0.38292981,0.384626763,0.38577275,0.387068146,0.388779004,0.390117589,0.391221693,0.392533628,0.392910726,0.394013038,0.395242451,0.39692946,0.398527417,0.401383529,0.403709546,0.405611431,0.40770892,0.409255987,0.41119804,0.412753398,0.414337118,0.415551591,0.417168845,0.417936901,0.418899474,0.419918328,0.420883832,0.421528817,0.422344208,0.422964169,0.423240626,0.423849836,0.424083698,0.424618312,0.425393391,0.426027168,0.426943806,0.427442731,0.428500823,0.429613087,0.430835674,0.431887923,0.433833323,0.43466687,0.436381747,0.437901475,0.438835034,0.440773827,0.44227255,0.44323862,0.444775189,0.446118166,0.447140797,0.4482895,0.449024805,0.449919547,0.451114699,0.452921845,0.452782523,0.452621268,0.453845648,0.454447971,0.455225521,0.455743859,0.456011194,0.456230268,0.456637253,0.457586343,0.457605924,0.457376537,0.457925568,0.457878498,0.458346578,0.458546574,0.458901781,0.459278893,0.460380756,0.45978371,0.460809544,0.461269872,0.461673532,0.462091446,0.462258479,0.462281424,0.462697715,0.463085978,0.463556574,0.463704108,0.464023146,0.464155633,0.464043131,0.464341931,0.464602653,0.466312036,0.465413947,0.46576541,0.465160507,0.465934613,0.465598994,0.464862122,0.465583332,0.46542359,0.464169882,0.464159274,0.464056813,0.463914445,0.463914815,0.462971208,0.46263779,0.462949968,0.463882909,0.464142244,0.463932503,0.462735376,0.462862627,0.462780362,0.462241221,0.462178808,0.461655217,0.461768433,0.46303899,0.462257063,0.462346799,0.461930788,0.46234069,0.46287477,0.460627925,0.46068261,0.462708763,0.460698515,0.46049574,0.459310289,0.458118511,0.45864338,0.458655387,0.457152875,0.455689843,0.456172049,0.453905967,0.45315924,0.449947256,0.448636378,0.449227302,0.447268975,0.445147122,0.44578439,0.441800501,0.442695564,0.445955754,0.442350738,0.446485324,0.445367172,0.443807604,0.444594569,0.447289739,0.441999886,0.44862113,0.447187286,0.389618362
M10,0.076519722,0.21200785,0.210532347,0.212708401,0.212868144,0.213109774,0.214149031,0.214105471,0.213983012,0.215984774,0.21896338,0.222677294,0.227994837,0.233979976,0.239226941,0.243851752,0.247743161,0.251435441,0.254338876,0.257573518,0.260623383,0.263519869,0.266639507,0.269070046,0.271711386,0.274126591,0.276503042,0.278786177,0.281363517,0.283761423,0.286440526,0.288891511,0.291618753,0.29432401,0.296889728,0.299478593,0.301744568,0.303978949,0.306357761,0.308110054,0.310028851,0.311350009,0.313060451,0.314545464,0.315861818,0.317051092,0.318188078,0.319783872,0.320931429,0.322219777,0.323852973,0.325067215,0.326129506,0.327306816,0.327749961,0.328805311,0.329957265,0.331608664,0.333352173,0.336052924,0.338328107,0.340294434,0.342440963,0.344163616,0.346193851,0.347918232,0.349690235,0.351182408,0.352906861,0.354029545,0.355204556,0.356407836,0.357561042,0.358419702,0.359481324,0.360341943,0.360868667,0.3617174,0.362199833,0.362922806,0.363872345,0.364681562,0.365785981,0.366543692,0.367776113,0.36906666,0.370425897,0.371623846,0.373507789,0.374512429,0.376060515,0.377522527,0.378264324,0.379908604,0.381313186,0.382216592,0.383532711,0.384719757,0.385547307,0.38654877,0.387088853,0.387646195,0.388364337,0.389840379,0.38966056,0.389926403,0.390874312,0.391411781,0.39211886,0.39259384,0.392791823,0.39288272,0.393196701,0.393957542,0.393918585,0.39375172,0.394164531,0.394110037,0.394478925,0.394653123,0.394887637,0.395224127,0.396116645,0.395591267,0.396505015,0.396835765,0.397227744,0.397543273,0.397769733,0.397762054,0.398144259,0.39843266,0.398958124,0.399083833,0.399556538,0.399695283,0.399706444,0.400050167,0.40040118,0.401946499,0.401339495,0.401639097,0.401286504,0.402093522,0.401853971,0.401405682,0.402227827,0.402118356,0.401290251,0.40158527,0.401660205,0.401652206,0.401752992,0.401156035,0.401030043,0.401376905,0.402295811,0.402520413,0.402483552,0.401522348,0.401681367,0.401670652,0.401428306,0.401318067,0.400936139,0.400933165,0.402023996,0.401317221,0.401221318,0.400839571,0.40102234,0.401450678,0.399286499,0.399316825,0.400965512,0.399100676,0.398798933,0.397714815,0.396506279,0.396958805,0.396488903,0.394842798,0.393434128,0.393619029,0.391400715,0.390510894,0.387322155,0.385888083,0.3860557,0.384023686,0.382013555,0.381986367,0.377874643,0.378463693,0.380587727,0.377073118,0.379885728,0.378241663,0.37650297,0.376313593,0.377816676,0.372562209,0.377639012,0.375497676,0.314684327
M11,0.090807919,0.327673057,0.325152993,0.322854395,0.323804031,0.322851578,0.324374923,0.326059165,0.327212696,0.330509101,0.333244548,0.339220805,0.345518851,0.353875858,0.36064281,0.366973897,0.372237303,0.376683598,0.380931242,0.383929228,0.387496766,0.390171442,0.39258785,0.395337533,0.398292278,0.400681435,0.402692682,0.405139165,0.40752462,0.409877543,0.412566732,0.41561129,0.418773165,0.422271355,0.425845378,0.429074629,0.432708033,0.43584087,0.439245472,0.442053879,0.444604705,0.447005802,0.449460797,0.45212311,0.454552739,0.4564786,0.458739227,0.461453398,0.463936095,0.466456292,0.468724035,0.470921245,0.47309025,0.474534544,0.47632993,0.477633782,0.479128115,0.481696504,0.484467446,0.488102638,0.490775969,0.492824669,0.494976866,0.497012869,0.499072408,0.501062239,0.502684918,0.504155116,0.505852779,0.506607655,0.507444971,0.508323829,0.508654206,0.509176138,0.509128032,0.509024846,0.509341677,0.509084022,0.509934649,0.510037143,0.51072609,0.511711742,0.512399491,0.513242073,0.514353759,0.515649939,0.516547084,0.518200378,0.51953493,0.520665296,0.521915161,0.523619015,0.525094187,0.52620377,0.528582854,0.530050435,0.531836637,0.533422356,0.534938339,0.535958984,0.537894366,0.539127188,0.540280906,0.541642901,0.542038915,0.545206949,0.545493054,0.546382479,0.547856195,0.548537283,0.550001237,0.550634545,0.551108319,0.552645258,0.553040741,0.553308224,0.553407006,0.554447534,0.555262774,0.556013936,0.556501348,0.557564761,0.558178732,0.559357314,0.559706588,0.559759965,0.561304675,0.56136634,0.562453254,0.562400627,0.56310287,0.563814554,0.564488181,0.565296352,0.565970816,0.566008999,0.566725542,0.567083541,0.567377367,0.566728652,0.567802419,0.56683557,0.567865305,0.567292624,0.566994954,0.566284602,0.565643341,0.566513873,0.564452251,0.563921638,0.563847479,0.563381929,0.56382257,0.562162213,0.562059645,0.563041841,0.561702551,0.562295021,0.561429276,0.560576863,0.561204682,0.560326093,0.560374474,0.559287158,0.559494245,0.558320868,0.557003884,0.558618138,0.557313417,0.555892545,0.55688333,0.556033399,0.554506141,0.555245439,0.55368198,0.552847149,0.553688565,0.551419239,0.549158799,0.548278839,0.546971619,0.544019677,0.541146115,0.540076004,0.539067515,0.536817421,0.535541479,0.532331601,0.527203692,0.524014343,0.524622566,0.524084813,0.523589328,0.523765121,0.52141754,0.522635189,0.52013453,0.518715511,0.516838473,0.517502518,0.520062094,0.52331989,0.523020621,0.523224583,0.446806704
M12,0.084697579,0.242845594,0.243727712,0.243571177,0.245375393,0.245435075,0.247443644,0.24963602,0.2513236,0.254631425,0.257441546,0.262458972,0.267395123,0.273761793,0.279033412,0.28391334,0.288225744,0.291771902,0.295450009,0.298178819,0.301554522,0.304243938,0.306892336,0.309762576,0.312815554,0.315418547,0.317856409,0.320583474,0.323266743,0.325716056,0.328377257,0.331185003,0.334121198,0.337257045,0.340342543,0.34312466,0.346187289,0.348785611,0.351682348,0.354074018,0.356304106,0.358382493,0.360483832,0.362697091,0.364732833,0.366356556,0.368309988,0.370570657,0.372648385,0.374749625,0.376613312,0.378462188,0.380236151,0.38151829,0.383169705,0.384460986,0.385926198,0.388147402,0.390531124,0.393748365,0.39621607,0.398256841,0.40039094,0.40248841,0.404664429,0.406677618,0.408498309,0.410143809,0.411994721,0.413040848,0.414168128,0.415365833,0.416152666,0.41706645,0.41749867,0.417901293,0.418585974,0.41881439,0.419893107,0.420379661,0.421379347,0.422582009,0.423499149,0.424610296,0.425902407,0.427425386,0.428528243,0.430219406,0.43163324,0.432895704,0.434071555,0.43565644,0.436835723,0.437752744,0.439807398,0.441042354,0.442554443,0.443771818,0.444954442,0.445709312,0.447169791,0.447840925,0.448358716,0.449473491,0.449532551,0.451959001,0.452220226,0.452807424,0.453937039,0.454423794,0.455457739,0.455921623,0.456155415,0.45722898,0.457476454,0.457476467,0.457492506,0.458093632,0.458644024,0.459079507,0.459395397,0.460097281,0.460620117,0.46131625,0.461613455,0.461563145,0.462784556,0.462721148,0.463592584,0.463442004,0.463933634,0.464380172,0.464951014,0.465658637,0.466312012,0.466356157,0.467048611,0.467399611,0.467841945,0.467333867,0.468458747,0.467877037,0.468795158,0.468396824,0.468319754,0.467847528,0.467614194,0.468501292,0.467165892,0.466966412,0.467122469,0.466924032,0.467454331,0.466227581,0.466394531,0.467366975,0.466490267,0.467219102,0.466488991,0.465933954,0.46655456,0.465943348,0.465974099,0.46525334,0.46546193,0.464533798,0.463419967,0.464795456,0.463776872,0.462506165,0.463260539,0.462403258,0.461231912,0.461844491,0.460361592,0.459576932,0.460102941,0.458103547,0.456099272,0.455266703,0.454085286,0.451310041,0.448445764,0.447350405,0.446219949,0.443845139,0.442354819,0.4393613,0.434802382,0.431358863,0.431404693,0.430568737,0.429943194,0.429556505,0.427339414,0.427583168,0.425324184,0.423267255,0.421526398,0.421330933,0.423123303,0.425088302,0.424608561,0.42368683,0.350362413
M13,0.056475189,0.261820881,0.259030262,0.259657694,0.260653405,0.261981098,0.262476659,0.264532432,0.26597065,0.268682493,0.272126388,0.27697454,0.282403579,0.288610992,0.295021843,0.300093391,0.305179799,0.309352728,0.313241466,0.316793496,0.320013531,0.323679042,0.326759147,0.329234143,0.331731721,0.334553842,0.337100038,0.339678896,0.34207041,0.344941581,0.347631071,0.350649833,0.353601276,0.357259082,0.360018586,0.363211322,0.366343645,0.36916813,0.372197306,0.374471292,0.377081103,0.379372495,0.38156778,0.3838861,0.386038577,0.387773958,0.389660452,0.391772587,0.393883725,0.396156722,0.398115739,0.400361067,0.402475416,0.403844406,0.405550659,0.407333505,0.409447107,0.41155006,0.413685737,0.416737745,0.419054544,0.421584251,0.423932848,0.426531003,0.428788319,0.430422975,0.432891368,0.434543845,0.436070034,0.437723029,0.439369792,0.440583221,0.4419623,0.442739542,0.443924736,0.444607354,0.445405757,0.446143647,0.447061301,0.447766212,0.448749585,0.449817271,0.451354468,0.452510267,0.453671601,0.455047886,0.456530224,0.45750353,0.459811861,0.461206985,0.462398426,0.464176708,0.466305223,0.467569676,0.469730545,0.47063683,0.472806238,0.474317071,0.475962682,0.477393899,0.478802658,0.480049128,0.481113901,0.482874424,0.483158585,0.485471511,0.486126489,0.48726056,0.488020747,0.489666249,0.490427073,0.491619258,0.492177302,0.493204394,0.493703279,0.494145619,0.494564364,0.49552969,0.495693254,0.496858018,0.497298837,0.498714654,0.498715661,0.499769628,0.500462699,0.501230613,0.501846175,0.50262907,0.503050662,0.503461319,0.504126462,0.503987301,0.504770768,0.505907504,0.505487601,0.505727712,0.506519807,0.50690555,0.507051185,0.507786617,0.507750584,0.509031119,0.508104255,0.508827336,0.507970162,0.508107675,0.508534036,0.507907295,0.507465451,0.505957526,0.50660961,0.50598178,0.506685858,0.506455862,0.50540375,0.506352762,0.506597701,0.505996924,0.506419423,0.505876219,0.506864185,0.505799095,0.506312492,0.50510817,0.505425507,0.504530028,0.504863192,0.504895618,0.503740254,0.504169523,0.503381835,0.502599143,0.503321781,0.50218504,0.502803211,0.501558925,0.502419282,0.502258375,0.498966298,0.497693599,0.498647377,0.494635149,0.4940647,0.491797593,0.490303449,0.490507673,0.487930837,0.48339987,0.480557191,0.479251421,0.477693741,0.479257894,0.481071329,0.477665824,0.476385394,0.473522338,0.478602703,0.478381957,0.47798134,0.471837299,0.475589683,0.47038776,0.468322782,0.467273909,0.395147863
M14,0.064814109,0.238378426,0.239791586,0.242171346,0.243998679,0.245619861,0.246333917,0.248357379,0.249733638,0.252181473,0.255566357,0.260507901,0.266205257,0.272496359,0.278721439,0.283476089,0.288027084,0.291708999,0.295172385,0.298313767,0.301317003,0.304706679,0.307763507,0.310100709,0.312626797,0.315392518,0.317994884,0.320603813,0.322986774,0.325691697,0.328143503,0.330833415,0.333446349,0.336724907,0.339152266,0.341909263,0.344580176,0.346900846,0.349361591,0.351091022,0.35315402,0.354832429,0.356332204,0.357921134,0.359345561,0.360359748,0.361619676,0.363115705,0.364727157,0.366426008,0.367805194,0.369354735,0.370721869,0.371320952,0.372145157,0.373097217,0.374495035,0.376089171,0.378020046,0.380833294,0.38286855,0.385076919,0.387031802,0.389197166,0.391091072,0.392373688,0.394414193,0.395722759,0.396858427,0.398158451,0.39943183,0.400339185,0.401393652,0.401947109,0.402885638,0.403373807,0.403934724,0.404471506,0.40513581,0.405624602,0.406344778,0.407196445,0.408479833,0.4094711,0.410396956,0.411600735,0.412848859,0.413690656,0.415586684,0.416752585,0.417521185,0.418911016,0.420330225,0.42108857,0.422817279,0.423318127,0.424940063,0.425938441,0.427035187,0.428015927,0.428786156,0.429396488,0.429617914,0.430814801,0.430562472,0.432546203,0.432736275,0.433398691,0.433732719,0.434868368,0.435163085,0.435846795,0.435800928,0.43632379,0.436355235,0.436333946,0.436300256,0.436810608,0.436630823,0.437274231,0.437437295,0.438433248,0.438145273,0.438794883,0.439227221,0.43964011,0.440075058,0.440452369,0.440669763,0.440776804,0.441145393,0.440797924,0.441397328,0.4422591,0.441900093,0.442022067,0.44268897,0.442934548,0.443093958,0.443555587,0.443579251,0.444598452,0.443749908,0.44430879,0.44354376,0.443623603,0.444008805,0.443343207,0.443022603,0.441754375,0.442482254,0.441818953,0.442466458,0.442202273,0.441318376,0.442131732,0.442380278,0.441774144,0.442224083,0.441759689,0.442676221,0.441640528,0.441980106,0.440902405,0.441079036,0.440227696,0.440390968,0.440339763,0.439110904,0.439336345,0.438408341,0.437583146,0.438088175,0.436882869,0.437369425,0.436103663,0.436505706,0.436232816,0.433175295,0.43177698,0.432352146,0.428511821,0.427601793,0.425155339,0.423543816,0.423574283,0.420636715,0.416244267,0.413320334,0.41167377,0.409845975,0.410619524,0.411647374,0.408161478,0.406336782,0.4032397,0.407001595,0.406210587,0.404922318,0.398822325,0.401034061,0.395970133,0.393444286,0.391280427,0.334546289
M15,0.065688919,0.299590054,0.296315943,0.296146266,0.295981712,0.296046776,0.295159044,0.294570363,0.293904719,0.29494554,0.297349422,0.301901905,0.307515482,0.313998001,0.320528257,0.326055812,0.330617095,0.333499083,0.337358849,0.339727611,0.343516054,0.34590036,0.348458589,0.350680948,0.352616699,0.354342093,0.356387402,0.358492654,0.360557108,0.363091612,0.365636551,0.368589241,0.37139776,0.374337909,0.377059689,0.380233173,0.383020533,0.385802942,0.388093066,0.390564054,0.392497083,0.394110432,0.39619313,0.398021956,0.399705408,0.400913651,0.402674539,0.404376885,0.406073304,0.407941648,0.409722944,0.411057182,0.412220952,0.413771075,0.414609979,0.415948936,0.417307153,0.418658916,0.420555972,0.423250877,0.425410137,0.427429636,0.429623932,0.431314691,0.432812166,0.434155712,0.435538994,0.436046116,0.437374955,0.438224376,0.438901444,0.439368499,0.439976936,0.440287212,0.440774281,0.441059213,0.441246426,0.441015968,0.441187235,0.441899592,0.442325365,0.44279393,0.44387717,0.444540202,0.445491887,0.446742905,0.448069405,0.449221817,0.450942863,0.452219585,0.453926301,0.455283514,0.45658919,0.458272102,0.459908999,0.461053432,0.462996675,0.463885743,0.465719365,0.466360527,0.467553704,0.468321543,0.469710359,0.471925212,0.470685563,0.471905882,0.472819588,0.473620464,0.47460146,0.474930681,0.475340885,0.476241309,0.476450358,0.477646888,0.477422436,0.47752109,0.477248967,0.478152329,0.478344243,0.478567204,0.479818276,0.479498859,0.480978097,0.481418936,0.482257275,0.481925792,0.482748553,0.483051905,0.48311036,0.482908376,0.483881803,0.484101797,0.484474851,0.484330662,0.484517802,0.485346109,0.484978865,0.485931079,0.485939709,0.486471214,0.486389641,0.487446647,0.486694876,0.486272483,0.486735938,0.485795351,0.486230839,0.484477329,0.485154723,0.483719759,0.484535234,0.484036817,0.483831262,0.482661895,0.483462988,0.483529255,0.484236782,0.48413682,0.483650406,0.483644471,0.481987792,0.483243053,0.482598107,0.483817388,0.481358497,0.48110279,0.482197077,0.481116632,0.482693077,0.482065039,0.482064074,0.482313419,0.481803543,0.481661567,0.481039748,0.481001581,0.480451011,0.478903685,0.47742886,0.477386405,0.476892803,0.474858156,0.472849739,0.472449198,0.47276373,0.471522132,0.467509194,0.465431779,0.465141292,0.462534186,0.459779516,0.459782567,0.459857728,0.460733321,0.463605643,0.465318057,0.463224716,0.461677167,0.459884738,0.460049254,0.462229009,0.464942237,0.462819242,0.460961452,0.407018585
M16,0.072258971,0.257827773,0.25519264,0.254991407,0.254708489,0.254908159,0.254465621,0.254230573,0.253830515,0.25479772,0.256941613,0.260905207,0.26580227,0.271294632,0.276787534,0.281443778,0.285283984,0.287719642,0.291031812,0.293073964,0.29651487,0.2988682,0.301461794,0.303783928,0.305885578,0.307808954,0.310118119,0.312375006,0.314580288,0.31704528,0.319413669,0.321932423,0.324417996,0.326919452,0.32928254,0.331965647,0.334282908,0.336520193,0.338248802,0.340140341,0.34152911,0.34263584,0.344094147,0.345274183,0.346288149,0.34691765,0.348012781,0.349124427,0.350294556,0.351568094,0.352767631,0.353469786,0.354073986,0.354979947,0.355294068,0.356079435,0.356962544,0.357924435,0.359605347,0.361948609,0.363838628,0.365648727,0.367607196,0.369144196,0.370537285,0.371806011,0.373135867,0.37374127,0.374976958,0.37587433,0.376554356,0.377079326,0.377741358,0.378138529,0.378692235,0.379072494,0.37934379,0.379302321,0.379559041,0.380239035,0.38076486,0.381290498,0.382353081,0.383100942,0.384071397,0.385320455,0.386650124,0.38778193,0.3893292,0.390520188,0.391930508,0.393137336,0.394100254,0.395432553,0.396669485,0.397556237,0.399076363,0.39970874,0.401070752,0.401465268,0.402226025,0.402609305,0.403447028,0.404927929,0.403504318,0.404557717,0.40493195,0.405317503,0.405936785,0.405936251,0.406049831,0.406464074,0.406351279,0.407067371,0.406585409,0.406306196,0.405762081,0.406279759,0.406160025,0.406071506,0.406913949,0.406371174,0.407444932,0.40764095,0.408178608,0.407617704,0.408230045,0.408325793,0.408295898,0.407936401,0.408752682,0.408828584,0.409164519,0.408995985,0.409295732,0.409874212,0.409712818,0.410543965,0.410721612,0.411248483,0.411238007,0.412231412,0.411710005,0.411436804,0.41197655,0.411356493,0.411845992,0.41053634,0.411337929,0.410350161,0.411161714,0.410921892,0.411049516,0.410131131,0.411001859,0.411143753,0.411927761,0.411891367,0.411797232,0.411890528,0.410635026,0.411719606,0.411331862,0.412467911,0.410463892,0.410328498,0.411225233,0.410299399,0.411701181,0.411114287,0.411230451,0.411482345,0.410959105,0.410881123,0.410232326,0.410229537,0.409728653,0.408387986,0.407060991,0.407134988,0.406608175,0.404824798,0.402980673,0.402707474,0.403012992,0.401843981,0.398223267,0.396418772,0.396071668,0.393826392,0.391247289,0.391201275,0.391239823,0.391815049,0.394087159,0.395572496,0.393327859,0.391967177,0.39030996,0.390401591,0.392114474,0.394287213,0.392559737,0.390609154,0.345641424
M17,0.073197922,0.346397385,0.344467647,0.342728075,0.341431897,0.340484932,0.340448115,0.340379293,0.339257089,0.341444988,0.343699207,0.349928841,0.357680052,0.365217026,0.372617644,0.378878102,0.38462552,0.388109582,0.391951722,0.394556037,0.397532017,0.400334303,0.402527152,0.403935462,0.406220465,0.408215592,0.409960733,0.411728085,0.41389704,0.416209789,0.418859632,0.421483316,0.424511026,0.427501998,0.430440292,0.433759422,0.436169222,0.43947465,0.44157378,0.443951087,0.44579975,0.446780594,0.448754398,0.449745038,0.451213373,0.452247579,0.453557778,0.454885671,0.456752087,0.458421478,0.460021494,0.461539028,0.462785712,0.463327653,0.463990154,0.464187826,0.465403239,0.46739083,0.469497258,0.472922067,0.475412242,0.477300682,0.4795063,0.481643241,0.483055947,0.48504329,0.486351512,0.48772545,0.488913495,0.489923119,0.491280119,0.49212644,0.492845105,0.49393617,0.494174209,0.494829208,0.49536694,0.49579296,0.496477156,0.496652177,0.497111584,0.49779629,0.498680508,0.499098523,0.499895884,0.500980745,0.501523777,0.502585159,0.503362763,0.504907796,0.505885572,0.507134202,0.507714523,0.509280599,0.51052173,0.512044968,0.51336407,0.51425289,0.515465174,0.516891128,0.51811151,0.518993081,0.520053913,0.521281429,0.521199163,0.523439928,0.523498273,0.524451704,0.525097376,0.526133707,0.526264175,0.526736772,0.527158712,0.527915973,0.527643092,0.527146603,0.527963105,0.528221613,0.528888766,0.529325763,0.52984773,0.530596817,0.529860676,0.530998072,0.531005197,0.532561535,0.532562441,0.532508732,0.533059273,0.533548965,0.533555224,0.534333167,0.534486993,0.534720026,0.535516326,0.535970565,0.536958185,0.536389398,0.536667856,0.537464408,0.536460256,0.536543366,0.536830113,0.536375304,0.536777197,0.535579977,0.534566742,0.535036431,0.533129605,0.532948161,0.532180987,0.531537792,0.532368158,0.532187074,0.531080615,0.532067553,0.530617727,0.530015607,0.530582902,0.530005899,0.529227648,0.530102807,0.528700917,0.529532888,0.527821983,0.529033779,0.527421951,0.527547439,0.526448473,0.524697628,0.526407132,0.525835943,0.524197625,0.52591052,0.523959556,0.522798149,0.523817694,0.520586576,0.520396046,0.519155156,0.51678623,0.516120661,0.515665338,0.513379565,0.512163476,0.50840509,0.505669101,0.500937989,0.497994771,0.501660528,0.495615441,0.492184206,0.494482818,0.491698818,0.490758035,0.494657756,0.494272886,0.494479652,0.494886425,0.489761345,0.49438849,0.490287842,0.490305263,0.489950686,0.441345415
M18,0.071291075,0.260249433,0.261499648,0.261827462,0.26184625,0.262067692,0.26308028,0.263780732,0.263775318,0.266234239,0.268330834,0.273082018,0.278506368,0.283545163,0.288672523,0.293266095,0.297675382,0.300483209,0.303826808,0.306253211,0.309176754,0.31204543,0.314588132,0.316420735,0.319056104,0.32133777,0.323652738,0.325853667,0.328397953,0.330829799,0.333463708,0.335902768,0.338717042,0.341359815,0.343933097,0.346749252,0.348825113,0.351507785,0.353368299,0.355473195,0.357227091,0.358268901,0.360083058,0.361084693,0.362501262,0.363479379,0.364720005,0.36589489,0.36748311,0.368848092,0.370187632,0.371454348,0.372515599,0.373126609,0.373945942,0.374418142,0.375610256,0.377275301,0.378916141,0.381773751,0.383967627,0.385787121,0.387957635,0.390100006,0.391720061,0.39374339,0.395307694,0.396880769,0.398277193,0.399560885,0.401035177,0.402173797,0.403186193,0.404547417,0.405205624,0.406234706,0.407083354,0.407875677,0.408800323,0.409341005,0.410125971,0.411063107,0.412166062,0.412957473,0.414010851,0.415339704,0.416161171,0.417435933,0.418362483,0.419916108,0.420892406,0.422055576,0.422422841,0.423658773,0.424820312,0.426040845,0.427109924,0.427787379,0.428638464,0.429679828,0.430529151,0.430873177,0.431245403,0.432192315,0.431915786,0.43342851,0.433504682,0.434157199,0.434607793,0.435278284,0.435253337,0.435375637,0.435531117,0.435934846,0.435518715,0.434792959,0.435344015,0.435130763,0.435589131,0.435625668,0.435928569,0.436368775,0.435642454,0.436382974,0.436328901,0.437460639,0.437421231,0.437264774,0.437634546,0.437907482,0.437808552,0.438311459,0.438446537,0.438658304,0.439440192,0.439816771,0.440746824,0.440318596,0.440803284,0.441566809,0.441016285,0.441150885,0.441633082,0.441243026,0.441777393,0.440847324,0.440280586,0.440870923,0.43956584,0.439574591,0.439118301,0.438761482,0.439606396,0.439578556,0.438856733,0.439849415,0.438842601,0.438441512,0.439130083,0.438737964,0.438204887,0.438951321,0.437940756,0.438634614,0.437274567,0.438207633,0.436947646,0.436962105,0.436119025,0.434586245,0.435909446,0.435313344,0.433900513,0.4352374,0.433553801,0.432442282,0.433088212,0.430171273,0.429744065,0.428479375,0.426092471,0.425121468,0.424246694,0.4219784,0.420430876,0.416798123,0.413817533,0.409284365,0.406117531,0.408319945,0.403028846,0.399753035,0.401221021,0.398246776,0.396933228,0.399705287,0.398903241,0.398735825,0.398880257,0.39373067,0.397080989,0.393495851,0.392957015,0.392016142,0.344191074
M19,0.062398001,0.260249433,0.261499648,0.261827462,0.26184625,0.262067692,0.26308028,0.263780732,0.263775318,0.266234239,0.268330834,0.273082018,0.278506368,0.283545163,0.288672523,0.293266095,0.297675382,0.300483209,0.303826808,0.306253211,0.309176754,0.31204543,0.314588132,0.316420735,0.319056104,0.32133777,0.323652738,0.325853667,0.328397953,0.330829799,0.333463708,0.335902768,0.338717042,0.341359815,0.343933097,0.346749252,0.348825113,0.351507785,0.353368299,0.355473195,0.357227091,0.358268901,0.360083058,0.361084693,0.362501262,0.363479379,0.364720005,0.36589489,0.36748311,0.368848092,0.370187632,0.371454348,0.372515599,0.373126609,0.373945942,0.374418142,0.375610256,0.377275301,0.378916141,0.381773751,0.383967627,0.385787121,0.387957635,0.390100006,0.391720061,0.39374339,0.395307694,0.396880769,0.398277193,0.399560885,0.401035177,0.402173797,0.403186193,0.404547417,0.405205624,0.406234706,0.407083354,0.407875677,0.408800323,0.409341005,0.410125971,0.411063107,0.412166062,0.412957473,0.414010851,0.415339704,0.416161171,0.417435933,0.418362483,0.419916108,0.420892406,0.422055576,0.422422841,0.423658773,0.424820312,0.426040845,0.427109924,0.427787379,0.428638464,0.429679828,0.430529151,0.430873177,0.431245403,0.432192315,0.431915786,0.43342851,0.433504682,0.434157199,0.434607793,0.435278284,0.435253337,0.435375637,0.435531117,0.435934846,0.435518715,0.434792959,0.435344015,0.435130763,0.435589131,0.435625668,0.435928569,0.436368775,0.435642454,0.436382974,0.436328901,0.437460639,0.437421231,0.437264774,0.437634546,0.437907482,0.437808552,0.438311459,0.438446537,0.438658304,0.439440192,0.439816771,0.440746824,0.440318596,0.440803284,0.441566809,0.441016285,0.441150885,0.441633082,0.441243026,0.441777393,0.440847324,0.440280586,0.440870923,0.43956584,0.439574591,0.439118301,0.438761482,0.439606396,0.439578556,0.438856733,0.439849415,0.438842601,0.438441512,0.439130083,0.438737964,0.438204887,0.438951321,0.437940756,0.438634614,0.437274567,0.438207633,0.436947646,0.436962105,0.436119025,0.434586245,0.435909446,0.435313344,0.433900513,0.4352374,0.433553801,0.432442282,0.433088212,0.430171273,0.429744065,0.428479375,0.426092471,0.425121468,0.424246694,0.4219784,0.420430876,0.416798123,0.413817533,0.409284365,0.406117531,0.408319945,0.403028846,0.399753035,0.401221021,0.398246776,0.396933228,0.399705287,0.398903241,0.398735825,0.398880257,0.39373067,0.397080989,0.393495851,0.392957015,0.392016142,0.344191074
M20,0.071363859,0.22897184,0.229155283,0.230403353,0.231130842,0.231821069,0.231768061,0.230719031,0.231826751,0.233150102,0.235564442,0.239105396,0.245058949,0.250909356,0.256622553,0.260933076,0.265123354,0.26841074,0.271428923,0.274252339,0.277401448,0.279910606,0.282655321,0.285091104,0.287362274,0.289453731,0.291839515,0.293829501,0.296156052,0.298728705,0.301195967,0.303531613,0.306104011,0.30900818,0.312008553,0.314396225,0.316471711,0.318485911,0.320889739,0.322310171,0.324129472,0.32556029,0.326812073,0.328058231,0.329151505,0.330096269,0.331246043,0.332621044,0.333393465,0.334688111,0.335717885,0.33691459,0.337989907,0.338680136,0.339037336,0.339595009,0.340738011,0.34202669,0.343504653,0.346231919,0.348719451,0.350841261,0.35270807,0.354376269,0.356153501,0.357781985,0.359685165,0.361065427,0.362652811,0.363819401,0.364865487,0.365929301,0.36736755,0.368085646,0.369227781,0.369933951,0.370767634,0.371258785,0.37186805,0.37270274,0.373334416,0.374021779,0.375259955,0.376095352,0.376983678,0.378436793,0.379476315,0.380575862,0.381843985,0.38343866,0.384623668,0.385713837,0.386498828,0.387774056,0.389035548,0.390079858,0.391532283,0.391754738,0.393293754,0.393817307,0.3944848,0.394878576,0.395106536,0.396675781,0.395877049,0.396860284,0.397301219,0.39788935,0.39797774,0.398495779,0.398389406,0.398960697,0.398899386,0.399294186,0.398918209,0.398786197,0.398392866,0.398462328,0.398558378,0.398981075,0.399489254,0.399586726,0.400290316,0.399557253,0.400270085,0.400454081,0.400646045,0.40082353,0.401429142,0.401252996,0.40146398,0.401576955,0.401291358,0.401913605,0.402214311,0.403015875,0.402872428,0.403130343,0.404137792,0.403914263,0.404010869,0.404183235,0.404554913,0.404289666,0.404862565,0.404231036,0.404809288,0.403529516,0.403395891,0.40350349,0.403296457,0.40302255,0.404173509,0.403330059,0.403119253,0.403241163,0.402915132,0.404156713,0.403980832,0.404051054,0.404114497,0.403940009,0.403443743,0.403138464,0.402524831,0.402387549,0.403286324,0.402271466,0.403666264,0.40302312,0.403086897,0.4014057,0.400818858,0.402543479,0.39995101,0.399835633,0.399211921,0.39774668,0.398436598,0.396018405,0.395310441,0.395657274,0.393643286,0.390325029,0.387624194,0.38903301,0.385188708,0.382952324,0.382194305,0.379572269,0.376610052,0.376238675,0.375871916,0.376181092,0.37797358,0.374348958,0.376712411,0.37506675,0.373076601,0.372654995,0.373893617,0.375718502,0.373411221,0.371052599,0.320164836
M21,0.065770747,0.388272849,0.384159989,0.378079598,0.381249363,0.381459364,0.38188656,0.381850845,0.383507446,0.388308894,0.391391967,0.398283287,0.407985418,0.416657493,0.42536966,0.433337775,0.438454705,0.444236281,0.449107098,0.453011736,0.456817913,0.459480572,0.46322753,0.465374995,0.468424719,0.470970475,0.473042174,0.476627947,0.478070356,0.481659043,0.485000585,0.488547169,0.491864948,0.496171477,0.499651668,0.504473932,0.508468605,0.51262157,0.515923891,0.519207416,0.521557691,0.524629841,0.52719827,0.529673041,0.532126364,0.53487667,0.537719236,0.540150078,0.543345826,0.545678314,0.549058555,0.551313261,0.553287323,0.555004798,0.556325568,0.557588924,0.559229399,0.562470008,0.566066845,0.569873354,0.573310809,0.575693393,0.578747266,0.581302188,0.58396668,0.586092549,0.588207529,0.590290361,0.592474274,0.594200116,0.59557004,0.596747897,0.597916332,0.599204619,0.599770129,0.601123439,0.601941031,0.603126515,0.604041553,0.604358988,0.605766398,0.606472984,0.607141471,0.607991281,0.609335121,0.609328951,0.610927401,0.612007576,0.613048008,0.613824853,0.615069513,0.617068914,0.617977206,0.619560464,0.620788657,0.622478068,0.624885496,0.625793396,0.627071455,0.628641818,0.630351836,0.631448257,0.632771053,0.633647635,0.633825396,0.63824613,0.639217346,0.640130935,0.641271858,0.642603441,0.643636962,0.644530342,0.645209402,0.646498169,0.646635111,0.646337662,0.647133076,0.648568914,0.64869692,0.648805627,0.651103213,0.651623932,0.652096156,0.653442665,0.65335875,0.653768062,0.655645031,0.656079732,0.657065437,0.657673672,0.656482897,0.659583778,0.658939101,0.659128065,0.659131331,0.659922042,0.660850512,0.66148224,0.661576429,0.661632203,0.661413539,0.661583777,0.660658215,0.65997407,0.660341767,0.659978607,0.658973886,0.659497221,0.655691192,0.65614363,0.654085483,0.655245371,0.653074846,0.654018225,0.651310345,0.651306919,0.652629209,0.650722773,0.649899475,0.650376775,0.650748974,0.65022966,0.646880673,0.649090393,0.647941982,0.64815492,0.643905639,0.645331713,0.645900772,0.644604372,0.641705721,0.642812625,0.641754435,0.642193275,0.641019683,0.640441081,0.639169115,0.635514752,0.636278045,0.630966437,0.633312334,0.628663563,0.623938934,0.621077119,0.62059955,0.61597746,0.612813128,0.613315006,0.602876716,0.60071518,0.599186022,0.601036792,0.603625074,0.597855933,0.594391969,0.598278488,0.595435463,0.592758985,0.590060872,0.589296767,0.590998612,0.593279903,0.58629419,0.59396991,0.509941813
M22,0.068073,0.325162494,0.324426622,0.320613471,0.324247379,0.325550946,0.327380501,0.328689541,0.331615343,0.336983957,0.340811432,0.347580745,0.356466306,0.364264181,0.372034607,0.379309349,0.383954484,0.389382418,0.393813727,0.397485068,0.401155092,0.404060705,0.407928393,0.410301568,0.41388173,0.416709623,0.419570891,0.4234964,0.425615705,0.429220848,0.432627391,0.435870399,0.43914071,0.443109855,0.446404438,0.450910349,0.45469548,0.458627724,0.461571114,0.464505786,0.466577545,0.46929893,0.471424312,0.473480337,0.475428315,0.477747952,0.480128828,0.482109178,0.485009248,0.48694859,0.489905698,0.491634651,0.493318389,0.494688511,0.495879217,0.496920743,0.498266556,0.501156341,0.504954859,0.50834365,0.511382892,0.513735196,0.516679199,0.519281378,0.521852813,0.524217093,0.526337889,0.528584861,0.530801133,0.532775707,0.534243832,0.535471901,0.536784072,0.538204013,0.538944695,0.540410509,0.541491829,0.542797371,0.543985317,0.544477175,0.54603531,0.546958944,0.547900161,0.549114792,0.550651886,0.551003377,0.552828557,0.554168152,0.555102141,0.556058135,0.557066275,0.559103552,0.559614418,0.560773191,0.561990369,0.563588879,0.565762704,0.566647507,0.567568702,0.568861944,0.570361706,0.570997798,0.571809731,0.572001574,0.57131903,0.577797995,0.577447105,0.578215627,0.579199088,0.580239786,0.581155435,0.581724904,0.582087651,0.583088453,0.582945244,0.582520554,0.582803,0.58419328,0.584071204,0.584043353,0.585966919,0.586326705,0.586523974,0.587670085,0.58746494,0.587641268,0.589515429,0.589690326,0.590895804,0.591234848,0.590225526,0.592898168,0.592511942,0.592671375,0.593056195,0.593788961,0.594863512,0.595514445,0.595567299,0.595741406,0.595702294,0.596070978,0.595309403,0.594958253,0.595360361,0.595340912,0.594288509,0.594762307,0.591163024,0.591924198,0.590483369,0.59169855,0.589844991,0.590781327,0.588535446,0.588495817,0.59007684,0.588126913,0.587702105,0.588107933,0.588575683,0.588084637,0.585093418,0.587167029,0.585996944,0.586204683,0.581997284,0.583275565,0.583515465,0.582089831,0.579248088,0.579922235,0.578550585,0.578838786,0.577492467,0.576697169,0.575158245,0.57129072,0.571639512,0.566387169,0.567869017,0.562927475,0.557609892,0.554314034,0.553203537,0.548233941,0.544203258,0.543692307,0.533557897,0.530939776,0.528364786,0.529297823,0.530245426,0.524409805,0.52037289,0.522991293,0.519226794,0.515835677,0.512342073,0.51055622,0.511163722,0.512187996,0.505161113,0.510361408,0.430097872
M23,0.074718501,0.29750972,0.293660121,0.293375558,0.291059315,0.291399153,0.292203347,0.293075699,0.294449183,0.295809746,0.298336587,0.30406477,0.309679742,0.317051383,0.323524189,0.329100274,0.333709965,0.337103224,0.340393194,0.343338966,0.346595363,0.348922533,0.352096697,0.353833265,0.356951416,0.359161881,0.36060321,0.363672758,0.366070001,0.368142818,0.370447309,0.373272503,0.376849534,0.379955481,0.382954333,0.38628979,0.388837356,0.391777832,0.394954209,0.396839956,0.399169991,0.401357784,0.403821117,0.405451969,0.407143926,0.409137943,0.410691524,0.412856767,0.414795022,0.416878826,0.419219968,0.420967939,0.422747387,0.424266152,0.425370113,0.426371095,0.427858707,0.430156736,0.432848411,0.436142861,0.438603536,0.441112299,0.443421252,0.445347207,0.447545282,0.449569827,0.451338861,0.452772396,0.454752365,0.456194046,0.457344669,0.458356952,0.459796871,0.460395354,0.461092309,0.46189453,0.462794136,0.463002246,0.463989187,0.465154198,0.465365276,0.466631937,0.468051184,0.468755322,0.469780702,0.471079529,0.472163754,0.473421114,0.47476731,0.476464865,0.477979246,0.479390912,0.480517319,0.482566918,0.484317705,0.485131676,0.486939066,0.488317493,0.489953777,0.491444461,0.493150468,0.493628987,0.494734796,0.496173073,0.496581662,0.498109613,0.499038258,0.500028764,0.500740794,0.501754646,0.502435931,0.502538273,0.503518308,0.503853832,0.504235294,0.504457607,0.504839584,0.505034655,0.505880016,0.506269548,0.50752266,0.50765456,0.508496711,0.508885236,0.509017101,0.509802065,0.511426897,0.511471506,0.511180181,0.511754668,0.512586849,0.512515801,0.512653415,0.513866286,0.513745495,0.514200807,0.515122823,0.514655295,0.516158176,0.517100925,0.516183846,0.516418028,0.516701937,0.516239032,0.516753929,0.516876224,0.516181896,0.515469726,0.515202107,0.513660693,0.514377614,0.513756565,0.514773659,0.513079321,0.51367458,0.513192649,0.513538192,0.513060729,0.511917019,0.513257411,0.512655516,0.511612987,0.512211026,0.511129828,0.509529091,0.510763911,0.509337235,0.5093481,0.508496387,0.509132126,0.508472065,0.508024783,0.509072286,0.508161624,0.506366285,0.508061262,0.506201733,0.506081898,0.502877553,0.501761981,0.499501376,0.49895409,0.498553597,0.496469393,0.495102641,0.491643386,0.488960647,0.488559788,0.485940796,0.48011685,0.478834864,0.480684707,0.477385285,0.480069153,0.47931184,0.476651773,0.47612905,0.476181719,0.476227554,0.478530368,0.474557293,0.479734571,0.479315869,0.479028756,0.40958703
M24,0.067335066,0.239136533,0.238164318,0.239469393,0.238899747,0.240541927,0.243024893,0.245373787,0.248214216,0.250842479,0.254204394,0.259979741,0.265496795,0.272277284,0.278251484,0.283562924,0.287969289,0.291650136,0.294896645,0.297893792,0.301299702,0.304084383,0.307573083,0.309851138,0.313414426,0.316190636,0.318518275,0.321906018,0.324842433,0.327095367,0.329652374,0.332369771,0.335890409,0.338850587,0.341859815,0.345184105,0.347748221,0.350578727,0.353525843,0.355334592,0.357355138,0.359357503,0.361434067,0.362702019,0.364038787,0.365658761,0.366885654,0.368710482,0.370452269,0.372179222,0.374233925,0.375524693,0.376972788,0.378072873,0.378883586,0.379516214,0.380646721,0.382678319,0.385553664,0.388412331,0.390648847,0.392999751,0.395150603,0.397076063,0.3991638,0.401272238,0.403008284,0.404607636,0.406408127,0.408005161,0.409120508,0.410087913,0.411514753,0.412151878,0.412891703,0.413763147,0.414724797,0.415108551,0.416155958,0.417286828,0.417664768,0.418942383,0.420456314,0.421428907,0.422629916,0.424029164,0.425226799,0.426618156,0.427749611,0.429442773,0.430624367,0.431949459,0.432586759,0.434226342,0.435741964,0.436550632,0.438004997,0.439229034,0.440482756,0.441794552,0.443171429,0.443259007,0.443678857,0.444362916,0.444647081,0.44742623,0.447525762,0.448296175,0.448899812,0.449731279,0.450286643,0.450086948,0.450787861,0.450845151,0.45105231,0.451066025,0.45108529,0.45130657,0.451704141,0.45199864,0.452967221,0.452870863,0.453361874,0.453635926,0.453597715,0.454088926,0.455581474,0.455483175,0.455370062,0.455623219,0.456436981,0.456291159,0.456463333,0.457399799,0.457528997,0.457853239,0.45882778,0.458362231,0.459712049,0.460537247,0.459842979,0.459957519,0.460516522,0.460205304,0.460766226,0.461019768,0.460256721,0.459665408,0.459377877,0.458193983,0.459051542,0.458645085,0.459462108,0.458064412,0.458697798,0.45820541,0.458570076,0.458034063,0.457196739,0.458400636,0.45784718,0.456945875,0.457630772,0.45650065,0.455092118,0.456012896,0.454468761,0.454655297,0.453445264,0.453918111,0.453004766,0.452269612,0.452888477,0.451999991,0.449962339,0.451251699,0.449288787,0.448894843,0.445805176,0.444414462,0.441833741,0.440861588,0.439661029,0.437125498,0.435728736,0.43181066,0.428751042,0.427941922,0.424887045,0.419232323,0.417320716,0.418076125,0.414370505,0.415910168,0.414228323,0.411457355,0.409523422,0.408834739,0.407672542,0.408371203,0.403980097,0.407065125,0.405604529,0.404180964,0.335537087
M25,0.067986989,0.337421318,0.332310112,0.32870667,0.329196713,0.327322678,0.328683268,0.331618596,0.332383484,0.334490336,0.339207798,0.344435259,0.352520884,0.362719554,0.37049447,0.377627236,0.383303136,0.388464913,0.392530446,0.396797367,0.400712432,0.403514694,0.406400149,0.409266375,0.411591522,0.414803015,0.417075403,0.41982861,0.422235205,0.424147082,0.427418445,0.430667683,0.433826562,0.437409798,0.441049165,0.444515037,0.447919191,0.451405458,0.454523212,0.457643319,0.459605302,0.462221479,0.46380719,0.465649717,0.4675659,0.468979162,0.471128424,0.472704052,0.475366466,0.476900787,0.47843718,0.480301866,0.481748369,0.482766017,0.4830881,0.48421093,0.48553452,0.487472529,0.490937375,0.494235189,0.496622517,0.499480283,0.501137968,0.503339216,0.504955419,0.507039021,0.508634334,0.510446463,0.511474329,0.512405799,0.513203851,0.513254816,0.514194344,0.514266901,0.51428989,0.514434524,0.514314741,0.514704815,0.514891163,0.515096891,0.515928581,0.516498775,0.517702438,0.518583309,0.519496491,0.520627412,0.521533477,0.52355029,0.524554171,0.526382912,0.527374113,0.529128015,0.531171795,0.53264513,0.53415166,0.536427913,0.538488144,0.540587794,0.5420812,0.543748712,0.545240794,0.546906331,0.548150531,0.549475048,0.548711744,0.554837202,0.554236774,0.55581465,0.556458034,0.557669927,0.55916973,0.560246035,0.560241126,0.560923285,0.561975748,0.56283518,0.562968464,0.563335894,0.564592396,0.565510556,0.566130236,0.566249972,0.567175739,0.567803871,0.568154353,0.569023534,0.570212818,0.570121951,0.570796133,0.57167092,0.571562487,0.572510796,0.572669121,0.572659091,0.572309775,0.573832823,0.574406249,0.574633756,0.574469383,0.574647093,0.574174191,0.574719036,0.574131391,0.573995271,0.574738058,0.575098056,0.572892419,0.572242303,0.572697074,0.571488471,0.570648259,0.570170358,0.571258537,0.568817825,0.569408128,0.570389754,0.570503307,0.569630964,0.570054913,0.56931237,0.568160131,0.568874473,0.567069791,0.567647416,0.565211662,0.566593923,0.566937996,0.566607663,0.565226226,0.562680873,0.564359651,0.563431847,0.560783954,0.562580677,0.563119879,0.561009495,0.561756896,0.560766673,0.559688548,0.557824981,0.553826499,0.552235841,0.551130735,0.547031599,0.544518918,0.54399104,0.544481682,0.53778374,0.538609903,0.535421693,0.531752304,0.531179672,0.530531598,0.530412329,0.525261175,0.525359024,0.528271081,0.523202035,0.526765551,0.523210323,0.521902987,0.520533134,0.523431614,0.514070161,0.450230086
M26,0.071402608,0.268461404,0.266637854,0.26523219,0.266714718,0.266266501,0.268377958,0.271719557,0.273441029,0.276264945,0.281333733,0.286940551,0.294946514,0.30461901,0.312353572,0.319327639,0.325089354,0.330387415,0.334681151,0.339098365,0.343348621,0.346705056,0.35014562,0.353558468,0.356591208,0.360292134,0.36332849,0.366613297,0.369587646,0.371938149,0.375357927,0.378608351,0.381877333,0.385357816,0.38894113,0.392351137,0.395679309,0.398971236,0.402018002,0.404946743,0.406933505,0.409500442,0.411069041,0.412897428,0.414719331,0.41622133,0.418362279,0.420171525,0.422947754,0.424737567,0.426517599,0.428508302,0.430112564,0.431305321,0.431878072,0.433213652,0.434814535,0.437049025,0.440851777,0.444510076,0.447283223,0.450459898,0.452545468,0.455117576,0.457185369,0.459632504,0.461624809,0.463857853,0.465298491,0.466750198,0.467990565,0.46854378,0.469918654,0.470525206,0.471071707,0.471764512,0.47217934,0.473038083,0.473690755,0.474323738,0.475556535,0.476525321,0.478118182,0.479423831,0.480734743,0.482304996,0.483567582,0.485913061,0.487181849,0.489242329,0.490386456,0.49227347,0.494033574,0.495468452,0.497023267,0.499279152,0.501185894,0.503196279,0.504563645,0.506180359,0.507472855,0.508801991,0.509518799,0.510637095,0.509910177,0.515859453,0.515349726,0.516824344,0.517475102,0.518681522,0.520150815,0.521105689,0.521047157,0.521741861,0.522734436,0.523575548,0.523680111,0.524065,0.525360542,0.526288794,0.526935447,0.527164377,0.528129421,0.528786361,0.529237945,0.530176062,0.531466751,0.531512623,0.532256049,0.533191923,0.533185606,0.534069053,0.534515318,0.534607188,0.534496905,0.535978804,0.536814658,0.537128571,0.537278729,0.53748888,0.537355437,0.537958158,0.537579116,0.537518053,0.538386326,0.538895311,0.537024533,0.536485749,0.537149108,0.53624137,0.535645349,0.535388269,0.536412866,0.534371376,0.535006552,0.536087544,0.536347681,0.535508617,0.536037737,0.535333495,0.534497145,0.535041392,0.533522329,0.533978024,0.531855709,0.53299692,0.533062704,0.532807641,0.531432579,0.528601098,0.530224224,0.5290732,0.526477404,0.527994363,0.528304259,0.52619969,0.526705231,0.525559647,0.524213446,0.521999098,0.517982598,0.516108068,0.514321534,0.51009077,0.507324607,0.506331391,0.506182288,0.499316606,0.499330345,0.495615165,0.491508998,0.490320238,0.488951893,0.488118868,0.482604378,0.482327558,0.483946507,0.478263033,0.480831173,0.476682391,0.474645809,0.472382847,0.473999897,0.464421734,0.38935215
M27,0.084376849,0.298514598,0.292269456,0.2888052,0.289616479,0.289265484,0.291874872,0.294206993,0.296812379,0.30019409,0.304238973,0.310899936,0.317250762,0.325356355,0.332458225,0.339073818,0.343556006,0.348848288,0.353119501,0.35750333,0.360979686,0.364220182,0.367629899,0.370306847,0.374064133,0.376572273,0.379713675,0.382464513,0.385666784,0.388842232,0.392257452,0.395951489,0.399244346,0.402790786,0.406558095,0.410697765,0.414764686,0.418981768,0.42281527,0.425791208,0.428896195,0.431908948,0.434372358,0.437226373,0.44003228,0.442525241,0.445222251,0.447459575,0.450867731,0.453848296,0.456489996,0.458942398,0.461511801,0.463539721,0.46565736,0.467287919,0.469017172,0.472545799,0.476304931,0.479824567,0.483243953,0.486202,0.489435587,0.492214683,0.49507329,0.498041193,0.500473005,0.503185183,0.505388785,0.508001855,0.509926836,0.511069758,0.512772639,0.514293626,0.515076661,0.516742092,0.518175627,0.519362131,0.520724586,0.522073387,0.523712537,0.525334113,0.526496021,0.528513044,0.529703099,0.53184844,0.533319987,0.535127866,0.536454805,0.538855414,0.540147416,0.541982668,0.543947413,0.545301627,0.54762157,0.549955779,0.551857361,0.554431683,0.556246458,0.557878072,0.560333655,0.561906136,0.563960816,0.564694512,0.565372956,0.571898903,0.571189983,0.57308741,0.574692185,0.575581719,0.577419974,0.578682762,0.579553348,0.580570495,0.581765097,0.582171803,0.583087218,0.58465347,0.585240315,0.586557592,0.588211215,0.588510857,0.589552603,0.591387358,0.591755064,0.592857971,0.593207063,0.594341492,0.596328195,0.596155325,0.596273602,0.59729139,0.598841013,0.600001258,0.599976383,0.600196793,0.600978444,0.602520614,0.602331443,0.602476713,0.60361691,0.604196963,0.603667001,0.603670153,0.604447322,0.603156855,0.602377274,0.603342591,0.60170302,0.600294929,0.601337232,0.600694532,0.601893984,0.601216344,0.599754888,0.600625987,0.600574328,0.599434114,0.599795083,0.598901656,0.597642762,0.598102968,0.598767058,0.599190897,0.599100921,0.597656575,0.597585937,0.597163863,0.595408572,0.595546401,0.593840917,0.595748632,0.592672982,0.594215333,0.590836772,0.591777552,0.588178903,0.590700595,0.589244701,0.586462249,0.581877594,0.579745918,0.577597044,0.577485657,0.574428788,0.573255373,0.56774954,0.565444734,0.56546106,0.56166923,0.557220924,0.555938764,0.554599198,0.554205773,0.555713285,0.556119357,0.549869447,0.55311246,0.546896727,0.55288368,0.551249291,0.549309435,0.540394136,0.542343856,0.444717264
M28,0.064646802,0.264375175,0.263609411,0.262932047,0.265209957,0.265571805,0.268668243,0.271376931,0.274283583,0.277822078,0.281838751,0.288363068,0.29439301,0.301870608,0.308221216,0.314067663,0.31801772,0.322592126,0.326195217,0.330059337,0.333114317,0.33609192,0.339300114,0.341839656,0.345345287,0.347718208,0.350809487,0.353512923,0.356630499,0.35954894,0.362581217,0.365883937,0.368734906,0.371737504,0.374982916,0.378522265,0.381927913,0.385328708,0.388438871,0.390692552,0.393161153,0.3954273,0.397215454,0.399214119,0.401210842,0.402873785,0.404793353,0.406296055,0.408819569,0.410959523,0.41281966,0.414487239,0.416214631,0.41754857,0.418965355,0.419949029,0.421075672,0.423766449,0.426687015,0.42954325,0.432291455,0.43458767,0.437157009,0.439318423,0.441562899,0.44389117,0.445752575,0.447908075,0.449545128,0.451578803,0.452982949,0.453804314,0.4550871,0.456190275,0.45666366,0.457935105,0.459010947,0.459834469,0.460828473,0.461784843,0.463050631,0.464262144,0.465160428,0.466757426,0.467612253,0.469465104,0.470639944,0.472073905,0.473077388,0.47493743,0.475792053,0.477049101,0.478123926,0.478852793,0.48058391,0.482195209,0.483391821,0.485232306,0.486268948,0.487153524,0.488717345,0.489346069,0.490234804,0.490582673,0.490506753,0.495551298,0.494685397,0.495938356,0.496846785,0.497164148,0.49829265,0.498913634,0.499140823,0.499463712,0.500094408,0.499908449,0.500296569,0.501103548,0.501286755,0.501949423,0.503051176,0.502995657,0.503601481,0.504773411,0.504914787,0.505566667,0.505666963,0.506338967,0.507784306,0.507339451,0.507162833,0.507737982,0.508822674,0.509760533,0.509559104,0.509637455,0.510214943,0.511534186,0.511381377,0.511526645,0.512445603,0.512813796,0.512343593,0.512074331,0.512716534,0.511536043,0.51090241,0.511690818,0.510452422,0.509389004,0.510317423,0.509728895,0.510773172,0.510188244,0.508945657,0.509728767,0.509825394,0.508882341,0.509192209,0.508327149,0.507273206,0.507494812,0.508011462,0.508119963,0.508055496,0.506588438,0.506580212,0.506052087,0.504320375,0.504171556,0.502649074,0.503855807,0.501134292,0.502140133,0.499095958,0.499816657,0.496555783,0.498363106,0.496797691,0.494150863,0.489844513,0.487482348,0.485113452,0.484634348,0.481551877,0.479954383,0.474623818,0.472150208,0.471582335,0.467566094,0.463211023,0.461716198,0.460017966,0.458761775,0.459672754,0.459029292,0.453298572,0.455401497,0.449808142,0.453891403,0.451910905,0.449636544,0.441450489,0.442046042,0.366366759
M29,0.068487549,0.275923355,0.275107362,0.272333679,0.272124287,0.272309746,0.271738259,0.271316603,0.270978274,0.272244109,0.274689279,0.279356681,0.285074415,0.291543917,0.298115609,0.302996386,0.307740541,0.311587414,0.314428995,0.318217522,0.321659044,0.323683236,0.326987358,0.328966762,0.331684143,0.333665696,0.335969957,0.338285846,0.340546278,0.342754613,0.345430601,0.347998321,0.351256471,0.354208013,0.356985327,0.360224191,0.363170303,0.366074798,0.368622595,0.370990511,0.373505393,0.375697562,0.37776389,0.380184877,0.382201873,0.384010125,0.386049983,0.388094999,0.390162045,0.391807425,0.393954468,0.396375585,0.397822425,0.399617671,0.400672279,0.401954227,0.403603535,0.405528614,0.407998097,0.41106944,0.413860813,0.416256248,0.418555907,0.420817077,0.422931754,0.424871225,0.426592967,0.428257441,0.429902045,0.431073895,0.432594258,0.433355248,0.434840248,0.435734688,0.436267093,0.436891095,0.437645054,0.438247998,0.439250829,0.439991542,0.441043352,0.442112473,0.443270942,0.444465541,0.445453545,0.447033613,0.448412085,0.450180557,0.45162862,0.453202612,0.454698636,0.456662721,0.458375973,0.460109511,0.462028341,0.463186592,0.464798364,0.466681369,0.468512608,0.469486893,0.470658981,0.472094351,0.473110715,0.475292298,0.475167408,0.476151579,0.476975579,0.478438598,0.479683528,0.479864571,0.480973152,0.481199579,0.482099804,0.483137667,0.483621629,0.483482864,0.483987695,0.48405564,0.485042952,0.485422528,0.486322002,0.487383232,0.487893914,0.487969558,0.489075334,0.489535503,0.489932116,0.491126976,0.490669995,0.491471956,0.491169485,0.492314699,0.492128467,0.493051844,0.4933637,0.494362937,0.494184283,0.49457147,0.49564393,0.495441278,0.495489912,0.495788335,0.496170733,0.495894446,0.495492938,0.495935881,0.49661409,0.495135409,0.494984982,0.494845582,0.494618752,0.494251347,0.494247045,0.494553619,0.494135525,0.49435257,0.495191577,0.493765616,0.494963937,0.493532837,0.495151618,0.4933998,0.494467847,0.49420273,0.493548922,0.493427855,0.492928438,0.493830089,0.493663751,0.493070665,0.493211875,0.493706359,0.493128084,0.493189272,0.492732399,0.492916196,0.492524174,0.49127192,0.48981771,0.490343533,0.490099136,0.488398501,0.486727587,0.483405897,0.484166686,0.48325985,0.479550224,0.481831434,0.477960239,0.475738162,0.473299925,0.473522333,0.473604717,0.474563741,0.471978606,0.473634785,0.47116558,0.475913602,0.474125104,0.474313581,0.476768201,0.479307851,0.477383194,0.475276109,0.40084546
M30,0.056605938,0.227906901,0.230431161,0.229976956,0.231110255,0.232508813,0.23338929,0.234346163,0.235250556,0.237382221,0.240286926,0.244769197,0.249939345,0.255596393,0.261172195,0.265375353,0.269529423,0.272886745,0.275341835,0.278655253,0.281746444,0.283777766,0.286933758,0.288888633,0.291608233,0.293711629,0.296201308,0.298615228,0.301016957,0.303211219,0.305777152,0.308091423,0.311076473,0.313751239,0.316248373,0.319096891,0.321633185,0.324059588,0.326057419,0.327937616,0.329872288,0.331538418,0.333010065,0.334755885,0.336087889,0.337286352,0.338745263,0.340183745,0.341733495,0.34284393,0.34442234,0.346209224,0.347166026,0.348450142,0.349189865,0.350093487,0.351291597,0.352795699,0.355015974,0.357572538,0.359910931,0.362015624,0.363998935,0.366072461,0.367984288,0.369792253,0.371318871,0.37282221,0.374275277,0.37536987,0.376652233,0.377315352,0.37859009,0.379377659,0.379876197,0.380433133,0.381091903,0.381609548,0.382482299,0.383114189,0.384026053,0.384954316,0.3859936,0.387129009,0.388066242,0.389496101,0.390745828,0.392348944,0.393545535,0.394873501,0.395952741,0.397562797,0.398624076,0.399837262,0.401337944,0.402159883,0.403300452,0.404650378,0.405925932,0.406535015,0.407233487,0.407986253,0.408192777,0.409652711,0.409075112,0.410299147,0.410460107,0.411398949,0.412256018,0.412086437,0.412697654,0.412488182,0.412890279,0.413353207,0.413396592,0.412839447,0.412893633,0.412623181,0.413113205,0.413132697,0.413640446,0.414263729,0.414490417,0.414275739,0.415010547,0.415135648,0.415424291,0.416178372,0.415769127,0.416128432,0.415825534,0.416646015,0.416427304,0.417046545,0.417439371,0.418148659,0.418138363,0.418253925,0.419265968,0.419062424,0.419117861,0.419341906,0.419732168,0.419519215,0.419154611,0.419517446,0.419966877,0.418629707,0.41838175,0.418414284,0.418201551,0.417906888,0.417900617,0.418169787,0.417849584,0.417973616,0.418767923,0.417488486,0.418585674,0.417272306,0.418638577,0.41709975,0.418043541,0.417680955,0.41695584,0.416839745,0.416047025,0.416697897,0.416333931,0.415723398,0.415586428,0.415656556,0.415073261,0.414954222,0.414283274,0.414203775,0.413496298,0.411951398,0.410340026,0.410270094,0.409435565,0.407338912,0.405138115,0.401729167,0.401740997,0.400006247,0.396095315,0.396977861,0.393044879,0.390314698,0.387429708,0.387021952,0.386582454,0.386705948,0.383758699,0.384649034,0.381973156,0.385298716,0.3832783,0.382775692,0.384084795,0.38538495,0.383539148,0.380856329,0.320121267
M31,0.070799796,0.356093385,0.348185934,0.346136329,0.347854588,0.347244783,0.347448964,0.349566221,0.349865226,0.351853212,0.356166952,0.362634903,0.370289316,0.378649406,0.385804538,0.392190262,0.397306,0.40292831,0.406544536,0.410428849,0.413169883,0.416530776,0.419972794,0.421920804,0.425452576,0.427885424,0.429961804,0.432709215,0.435141699,0.437842278,0.441261366,0.444671037,0.447979608,0.451136809,0.454900067,0.459045384,0.462048315,0.465609335,0.469000115,0.471822681,0.474469312,0.47683712,0.479155859,0.48170309,0.483574783,0.485860172,0.487933906,0.490074541,0.492764979,0.495207669,0.49761613,0.499889077,0.50207342,0.503365481,0.504140697,0.505411081,0.507525693,0.509520244,0.51305648,0.516182121,0.519162524,0.522228116,0.524338377,0.526619249,0.528663178,0.530220349,0.532165089,0.533838667,0.535087746,0.536271729,0.537244359,0.537793416,0.538133017,0.538376071,0.538556417,0.538194055,0.537813132,0.538327596,0.538281784,0.538600078,0.539153321,0.540440344,0.5408584,0.542462688,0.543602536,0.544978059,0.546080648,0.547847698,0.549019579,0.551001095,0.552126464,0.554015374,0.555766313,0.557900359,0.559421847,0.561350094,0.563950512,0.565324539,0.566924667,0.568242216,0.569758934,0.572110997,0.573012387,0.574052203,0.574358608,0.578485723,0.578597079,0.579612663,0.580807426,0.581373916,0.582822049,0.583256142,0.583866274,0.586030525,0.585717597,0.585799547,0.586062745,0.58728449,0.587184973,0.588558233,0.588777616,0.590099785,0.590582624,0.591567874,0.592247222,0.592732817,0.593219428,0.594574209,0.594536637,0.595839437,0.595049464,0.596373056,0.597003305,0.597568524,0.597690536,0.598536822,0.598418508,0.599298087,0.599910256,0.599417577,0.59982352,0.59958382,0.599859812,0.600507944,0.598997288,0.598635103,0.597377727,0.595981746,0.595567948,0.59519664,0.595283671,0.594068882,0.594399035,0.5953418,0.593197441,0.593604263,0.592922279,0.593565985,0.591133165,0.591649469,0.592098067,0.591911586,0.591760968,0.591538937,0.590953023,0.591387382,0.590980504,0.589811427,0.587677795,0.590011013,0.58793436,0.58597564,0.585738581,0.586292397,0.58592518,0.58267202,0.582346763,0.58405272,0.581876956,0.57850692,0.577634924,0.575023338,0.572466448,0.571931155,0.568139399,0.566049111,0.565322399,0.562471921,0.561784748,0.557138021,0.552309912,0.550574387,0.555661856,0.554953682,0.548672725,0.548019896,0.550195801,0.552822187,0.546709457,0.55236263,0.550153474,0.548022883,0.550165942,0.552367475,0.476037004
M32,0.079706242,0.289005317,0.286204508,0.286502344,0.289295875,0.289922295,0.291041306,0.293888677,0.295226123,0.297753402,0.302368358,0.308565574,0.315514358,0.322981363,0.329470616,0.335169432,0.339921945,0.345040193,0.348487935,0.352183078,0.355030167,0.358504898,0.362146211,0.364426566,0.368185994,0.370932168,0.373598828,0.376668984,0.379477059,0.382254318,0.385643652,0.388846089,0.39201238,0.394933382,0.398445617,0.40216665,0.404954275,0.408203622,0.41118851,0.413723312,0.416066588,0.418159709,0.420102827,0.422280717,0.423751434,0.425631257,0.42739701,0.429140928,0.431478231,0.433557562,0.435597384,0.43741536,0.439254759,0.440251218,0.440970137,0.442069861,0.443927162,0.44572841,0.449084561,0.451937832,0.454692608,0.457614584,0.459678375,0.46200471,0.464118001,0.465836263,0.467867647,0.469664931,0.471031226,0.472435552,0.473534762,0.474307945,0.474921782,0.475392095,0.475863558,0.475871524,0.475816845,0.476552392,0.476819363,0.477352647,0.478120793,0.479559388,0.480216114,0.482026564,0.483339843,0.484990779,0.486307153,0.488249749,0.489477268,0.491408267,0.492469897,0.494237077,0.495578075,0.497251053,0.498780726,0.500475979,0.502692796,0.503924533,0.50518882,0.506260981,0.507474313,0.509212877,0.509390875,0.51002856,0.510014462,0.514385605,0.514075103,0.51493,0.515917126,0.516238244,0.517445192,0.517558738,0.517858227,0.519552556,0.519059817,0.518861371,0.518864917,0.519772566,0.519490612,0.520543651,0.520668648,0.521655454,0.521949066,0.522670981,0.523265861,0.523515997,0.52400629,0.525114832,0.525177631,0.526102414,0.525457086,0.526634624,0.527269908,0.527774033,0.527991055,0.528823598,0.528949196,0.529735177,0.530418634,0.530032747,0.530533751,0.530466606,0.53085754,0.531574281,0.530390869,0.530196311,0.52919965,0.527936977,0.527718646,0.527528139,0.527979922,0.526908094,0.527399624,0.528291166,0.526627016,0.526978565,0.526580405,0.527118484,0.525096089,0.525713853,0.526173778,0.52610158,0.525996586,0.525791231,0.525256811,0.525575941,0.52508428,0.524014657,0.521875367,0.523831907,0.521755036,0.519799025,0.51937786,0.519721782,0.51922806,0.51607941,0.515470732,0.516684077,0.514397897,0.510998284,0.509636972,0.506582898,0.503628572,0.502622379,0.498627178,0.496089996,0.494446504,0.491171102,0.489576915,0.484714099,0.479811282,0.477349414,0.481135667,0.479642847,0.473324185,0.472025799,0.472734136,0.474375145,0.468127297,0.471638904,0.46913434,0.466214158,0.467450267,0.467992744,0.393706101
M33,0.065287982,0.283104249,0.280953981,0.277419327,0.277422877,0.278058166,0.27977874,0.279812905,0.282375952,0.28466571,0.288021947,0.29309473,0.300129518,0.307741452,0.313673477,0.319837843,0.324967946,0.329979292,0.33379272,0.336637286,0.340372266,0.343475889,0.347225636,0.349580966,0.352825429,0.355237475,0.358450704,0.360972808,0.363412684,0.366235001,0.369474541,0.372515014,0.375561489,0.379764466,0.38316391,0.386622572,0.390415081,0.393435877,0.396943326,0.39958205,0.402447398,0.404957817,0.407223973,0.409675844,0.411808763,0.41362374,0.415871292,0.418049579,0.420479164,0.422839688,0.424946647,0.42695155,0.429131906,0.430291365,0.431820323,0.433416528,0.434878417,0.43733757,0.441139301,0.443912216,0.446619332,0.448953449,0.451648807,0.454410171,0.456439842,0.459126411,0.461361269,0.463466841,0.465369317,0.467195924,0.46876154,0.469871613,0.471158049,0.472171252,0.473505367,0.474347372,0.475365993,0.476312008,0.477458153,0.478090158,0.479325218,0.480136783,0.481505186,0.482435119,0.484025297,0.485191154,0.486494571,0.488338382,0.489389828,0.490634237,0.492168402,0.494172145,0.495743808,0.496771565,0.499009772,0.500199778,0.502485825,0.50368452,0.505017687,0.506739975,0.508669466,0.509821788,0.511042514,0.512167876,0.513094322,0.516456917,0.516983404,0.517624008,0.519064424,0.519818582,0.521330654,0.522006326,0.522762395,0.523771836,0.524463545,0.52433242,0.524789783,0.525983931,0.52682328,0.527390738,0.528669275,0.529542709,0.529612244,0.530967344,0.531065491,0.531885826,0.532917268,0.533100984,0.533944292,0.535608682,0.535912481,0.536052494,0.537503383,0.53791381,0.538290106,0.538934885,0.539200717,0.541156279,0.540744627,0.541870533,0.541309441,0.541668954,0.541304523,0.542688295,0.542188337,0.541388284,0.54089338,0.540543977,0.53920967,0.538199718,0.539577359,0.539553552,0.537791338,0.538053308,0.537620884,0.537431128,0.53844562,0.536585309,0.537903821,0.536130808,0.536153495,0.533735396,0.535301012,0.534658711,0.533742071,0.531377241,0.532575012,0.53116678,0.530747165,0.529808811,0.529604707,0.529729874,0.52846229,0.528016056,0.526601701,0.525939223,0.524513683,0.52486432,0.521941363,0.521116968,0.519081313,0.51896956,0.51506282,0.512823173,0.51187874,0.512401461,0.510026721,0.505612495,0.502736894,0.501888612,0.500788004,0.497355478,0.49395781,0.49637012,0.495079039,0.492492328,0.49101559,0.490983436,0.490668127,0.492763229,0.488162005,0.492682201,0.491781978,0.491266057,0.41363181
M34,0.093244913,0.252760167,0.254887851,0.253927531,0.255035272,0.256422077,0.258667175,0.25931135,0.26199087,0.264451769,0.267869613,0.273040533,0.280033463,0.287335261,0.292771535,0.298197104,0.302681634,0.306873463,0.310020015,0.312313731,0.315668902,0.318357682,0.32175739,0.323960223,0.326940828,0.329103032,0.332260953,0.33473765,0.337101047,0.339692125,0.342608242,0.345229074,0.347855787,0.35152765,0.354378198,0.357185446,0.360267828,0.362552738,0.365290379,0.36719635,0.36927272,0.3709902,0.372504556,0.374081437,0.375393874,0.376367275,0.37787848,0.379353565,0.381071063,0.382808322,0.384249835,0.385523061,0.386919674,0.38736248,0.388111345,0.388945077,0.389775338,0.391528837,0.394665081,0.397084833,0.399282302,0.401107491,0.403265441,0.405424178,0.406958672,0.409060867,0.410749286,0.412276655,0.413678846,0.415004569,0.416147139,0.416896063,0.417812485,0.41852415,0.419531958,0.420139298,0.4208669,0.421555995,0.422429047,0.422827601,0.423790579,0.424356903,0.425362784,0.42609662,0.427374705,0.428346758,0.42935006,0.43085149,0.431556923,0.432451331,0.433504131,0.434971017,0.435850692,0.436320262,0.437984493,0.438612445,0.440256337,0.440859817,0.441579823,0.442647473,0.443792343,0.444128021,0.44446249,0.445097344,0.445282205,0.447932268,0.448083023,0.448319569,0.449230287,0.449561186,0.450480178,0.450744327,0.450939888,0.45145317,0.451672646,0.451231711,0.451236065,0.451913988,0.452426846,0.452591689,0.453477571,0.453969615,0.453839328,0.454692887,0.454693857,0.455245285,0.455973659,0.455904867,0.456522795,0.457694712,0.457814193,0.457700961,0.458841864,0.459097452,0.459334687,0.459839946,0.460032047,0.461637929,0.461313139,0.462305676,0.461818466,0.462146477,0.46179363,0.462954821,0.46249921,0.461815498,0.461399638,0.461142513,0.460113722,0.459455466,0.460734375,0.460782466,0.459253745,0.4594405,0.459197296,0.459169755,0.460060996,0.458435492,0.459685748,0.458158382,0.458177177,0.456099408,0.457418545,0.456911906,0.456113737,0.453966031,0.45489963,0.453760666,0.453161241,0.452135598,0.451846678,0.451749397,0.450663889,0.450254179,0.44887382,0.448143099,0.446680489,0.446785082,0.444141648,0.443262945,0.441236045,0.440867844,0.437225036,0.435131083,0.434077359,0.434186271,0.431554811,0.427460888,0.424883403,0.423617838,0.422390253,0.419063024,0.415643034,0.417427111,0.415711805,0.412905661,0.411392034,0.410543469,0.409750534,0.410580009,0.406312477,0.409471777,0.408255078,0.406948241,0.34621936
M35,0.077255071,0.314558797,0.314531176,0.311564023,0.312968571,0.310649089,0.311356435,0.310718023,0.31152625,0.31168306,0.314680068,0.320143252,0.326796977,0.333363616,0.339933289,0.346159779,0.351283798,0.35472621,0.358250774,0.361568677,0.365015417,0.367568591,0.36979758,0.372732951,0.374732359,0.376644094,0.378781608,0.381068991,0.383292734,0.385545362,0.388261112,0.39133305,0.394333734,0.397787244,0.400888476,0.403745119,0.406660353,0.409470681,0.412129043,0.41460375,0.416754836,0.418611542,0.420581232,0.422651756,0.424570502,0.425937367,0.427617143,0.42955049,0.431244021,0.433408731,0.435482829,0.437230122,0.43881206,0.440175675,0.441313317,0.442707585,0.444397883,0.446433103,0.448696977,0.451782596,0.454550001,0.456860819,0.459293424,0.461004333,0.463531655,0.465310722,0.467369295,0.468782354,0.470522204,0.472033804,0.473572925,0.474312115,0.475279695,0.476368269,0.477719235,0.478247124,0.479200072,0.479460423,0.480442759,0.48112056,0.482157046,0.483141754,0.483706568,0.484929094,0.485574892,0.486820653,0.487899189,0.489374428,0.490818651,0.491420896,0.492859922,0.494533409,0.496217187,0.497632077,0.499217365,0.499987462,0.502004911,0.503230324,0.504707589,0.505635048,0.506839111,0.507893191,0.508892557,0.511550216,0.510359666,0.511636771,0.512398075,0.513548538,0.514422107,0.515117693,0.515797979,0.516142055,0.516646496,0.517307241,0.517943554,0.517949107,0.518031526,0.51835887,0.518396723,0.519696386,0.5203267,0.52048346,0.521293142,0.521636291,0.52241587,0.523318206,0.523398513,0.523563907,0.525064511,0.524806614,0.524996609,0.525120284,0.526244055,0.526099953,0.526183286,0.52789576,0.527444765,0.528511105,0.528468562,0.529048803,0.528834192,0.52887579,0.527919671,0.528539254,0.529039549,0.529262868,0.527249729,0.527883848,0.527355447,0.525768975,0.52526541,0.526099409,0.52585693,0.526115453,0.525552846,0.525510892,0.524783241,0.52468112,0.524239396,0.524246142,0.524083002,0.523791714,0.524902098,0.522680361,0.52382086,0.521714033,0.522914807,0.521762383,0.521523469,0.523043652,0.520898418,0.521181569,0.520614353,0.520492648,0.51969151,0.519769603,0.519069207,0.517447244,0.515682873,0.515818023,0.515151343,0.512879619,0.510661635,0.509982993,0.506638292,0.508665918,0.504132453,0.501507877,0.500947285,0.49794377,0.494616812,0.494469664,0.494296548,0.494532309,0.497337566,0.492962095,0.496326662,0.494499749,0.492208579,0.499784334,0.493836291,0.496165423,0.493598206,0.500823374,0.42800224
M36,0.068182822,0.246965856,0.249187266,0.248444427,0.250960066,0.250445304,0.252549953,0.253372977,0.25539692,0.256514939,0.259530648,0.263845652,0.268703114,0.273170807,0.277766514,0.282301021,0.286250631,0.288972695,0.291886311,0.294739922,0.297923756,0.300530617,0.302892304,0.30587122,0.308288557,0.310589332,0.31316164,0.315728433,0.318305428,0.320654951,0.323352715,0.326115093,0.328767169,0.331743251,0.334488929,0.33695568,0.339423054,0.341826713,0.344075147,0.346215135,0.348134179,0.349841932,0.351621313,0.353402951,0.355058305,0.356347274,0.357828685,0.359530112,0.361005416,0.362807226,0.364570879,0.366062475,0.36744336,0.368711217,0.369900455,0.371279706,0.372818963,0.37460666,0.376619846,0.379183163,0.381607322,0.383805256,0.386165335,0.38795947,0.390400703,0.392299485,0.394460231,0.396109221,0.397931328,0.399683263,0.401369769,0.402414967,0.403612124,0.404972311,0.406493388,0.407418997,0.408640638,0.409327643,0.410581191,0.411582654,0.412820742,0.414075374,0.414958723,0.416408895,0.417332345,0.418826758,0.420095151,0.421687493,0.423118311,0.423847369,0.425099755,0.426698311,0.427888602,0.429047767,0.430457092,0.431146009,0.432763917,0.433761779,0.434842462,0.435563597,0.436378117,0.436957983,0.437321966,0.439318732,0.438252286,0.439509265,0.440006565,0.440834668,0.441517852,0.441965064,0.4424476,0.442449849,0.442697677,0.442985738,0.443428092,0.443155178,0.443019046,0.443063052,0.44294699,0.443812751,0.444191782,0.444078462,0.444650299,0.444784174,0.445314574,0.445914841,0.445921415,0.445946935,0.447161836,0.446738165,0.446924577,0.446970261,0.447943309,0.447698598,0.448009067,0.449525922,0.449278728,0.450148045,0.45030568,0.450847094,0.450890303,0.451007325,0.450431154,0.451150161,0.45173359,0.452054313,0.450469691,0.451215704,0.450981546,0.449921647,0.449732071,0.450693942,0.450627009,0.451034564,0.450714572,0.450793966,0.450426069,0.450422753,0.450175341,0.450346959,0.450342258,0.450227305,0.451193557,0.449331247,0.450365798,0.448517747,0.449533189,0.448464783,0.448072165,0.449316422,0.447368046,0.447418215,0.446796898,0.446667347,0.445840903,0.445763193,0.444909573,0.443216459,0.441473695,0.441326326,0.440295341,0.437828266,0.435217033,0.434317874,0.431096494,0.43218845,0.427762047,0.424797495,0.423601433,0.420441227,0.416937927,0.41621572,0.415444587,0.41520766,0.416846639,0.412342738,0.41437988,0.412159892,0.409636883,0.415106024,0.409599673,0.410898888,0.40825568,0.412975107,0.344629607
M37,0.073917128,0.308732072,0.304551828,0.301876116,0.300271374,0.301506896,0.301733594,0.301876498,0.304323467,0.306498366,0.309681252,0.314883415,0.321183044,0.329272794,0.335297273,0.341588976,0.346689499,0.351522798,0.354494922,0.358538698,0.361532509,0.365052456,0.367964782,0.370159853,0.373238597,0.375956664,0.378474454,0.380877663,0.383708929,0.386028859,0.389696509,0.392728332,0.395735002,0.399568314,0.402913417,0.406657815,0.410784425,0.414153214,0.417251037,0.420320675,0.422943379,0.425516395,0.4282668,0.430098743,0.432687586,0.434548309,0.436989072,0.439080039,0.441662634,0.444351558,0.446696427,0.448656452,0.45069314,0.452430444,0.4534337,0.454805721,0.456540004,0.458941157,0.462521682,0.466036726,0.469025569,0.471516704,0.474119108,0.47660464,0.479096068,0.481886931,0.483273805,0.485479229,0.487178554,0.489001514,0.490776392,0.492171758,0.493393549,0.494740068,0.495780246,0.497009752,0.497813558,0.498819636,0.500060557,0.500821309,0.501866143,0.50284551,0.504393262,0.505419739,0.506976833,0.508036254,0.50917152,0.510957105,0.511984989,0.513873956,0.515546802,0.517054728,0.518644282,0.520068305,0.521922096,0.523753975,0.525698557,0.527512983,0.529336106,0.530563684,0.532469323,0.534058196,0.535239143,0.536189413,0.536337506,0.540601757,0.540868447,0.542110817,0.543062922,0.544478353,0.544908176,0.546269168,0.546487468,0.547546714,0.548135046,0.54793932,0.549065215,0.549436911,0.551044914,0.551423439,0.552030433,0.552845974,0.553616783,0.553345217,0.555141359,0.555963054,0.556945137,0.556962854,0.557557986,0.558201078,0.559155545,0.559980293,0.560160378,0.561317879,0.56224485,0.561427782,0.562271426,0.563918025,0.564028987,0.564570511,0.564513314,0.565480862,0.564067124,0.564454724,0.56424409,0.565216456,0.563652898,0.563604752,0.562710418,0.561904359,0.562014056,0.560489254,0.560558513,0.561037637,0.560707758,0.560715704,0.561876145,0.56013115,0.559587514,0.559792044,0.559949757,0.559612699,0.559180705,0.558617396,0.560063101,0.560125687,0.559248461,0.557869627,0.557833015,0.556891466,0.557310989,0.554938779,0.554087663,0.554156432,0.556230779,0.552941773,0.551967641,0.552938339,0.550478716,0.550429127,0.549073119,0.545832138,0.542567865,0.541204017,0.541214855,0.538542768,0.537166148,0.533548337,0.526618543,0.526944738,0.521626714,0.5189322,0.522761943,0.521054978,0.521057126,0.519962449,0.520693432,0.514303071,0.515989813,0.520126227,0.517389496,0.514429156,0.515407628,0.516251174,0.438228242
M38,0.070963769,0.224196134,0.222144133,0.220713183,0.220012255,0.221782788,0.222845768,0.223868603,0.22663687,0.229096225,0.232359357,0.237351649,0.243401221,0.250730678,0.256552215,0.262454953,0.26738265,0.272120833,0.275270787,0.279194092,0.282367518,0.286076469,0.28938862,0.292062264,0.295560289,0.298715468,0.301844045,0.304674484,0.307946027,0.31054024,0.314219537,0.317212774,0.320228577,0.323840407,0.327268975,0.330950858,0.334921872,0.338159996,0.341099687,0.343889999,0.346286718,0.348603309,0.350948365,0.352448808,0.354552139,0.356043102,0.358032879,0.359724853,0.361980897,0.364211892,0.366220157,0.367808143,0.369430399,0.370695407,0.371419276,0.372499706,0.374023059,0.376282576,0.379967892,0.383368905,0.386359187,0.388876145,0.391480627,0.394093806,0.396614042,0.399513095,0.401195297,0.403615736,0.40545998,0.407579964,0.409478744,0.411020946,0.412406879,0.413873615,0.4150905,0.41640817,0.41741946,0.418553523,0.419870327,0.420760077,0.421914311,0.42305624,0.424696354,0.425989782,0.427675295,0.428983652,0.430371832,0.432285254,0.433356485,0.435329723,0.436890447,0.438399939,0.439712222,0.44095039,0.442703173,0.444481019,0.446158414,0.447833434,0.449325406,0.450420178,0.452022335,0.453189421,0.453901983,0.454404709,0.454610054,0.459006928,0.459003443,0.460096605,0.460981999,0.462182461,0.462620574,0.463628176,0.463788504,0.464620287,0.465201894,0.465035239,0.46594847,0.46632431,0.467707061,0.468005475,0.468566593,0.469275651,0.469987037,0.46976234,0.471312645,0.472000586,0.473017117,0.473008231,0.473722953,0.474216542,0.475202301,0.475933725,0.476264157,0.477212664,0.478432117,0.477759819,0.478691287,0.480106911,0.480509415,0.48105169,0.481224021,0.482148179,0.481189942,0.481703548,0.48176953,0.482835605,0.481544733,0.481741783,0.481189639,0.480918536,0.481327003,0.480181921,0.480373987,0.481087489,0.480991144,0.481052733,0.482243348,0.480769349,0.480511634,0.480812115,0.481105257,0.480839976,0.480563534,0.480144642,0.481526836,0.481540847,0.480579983,0.479529371,0.479239404,0.478404467,0.478534598,0.476344088,0.475451084,0.475413954,0.477029042,0.474122753,0.472943297,0.473800302,0.471631474,0.471314125,0.469934629,0.466862406,0.463816304,0.462347801,0.462335934,0.459778466,0.458123155,0.454914415,0.448755038,0.448672116,0.443632163,0.440885498,0.443571974,0.441599565,0.44081534,0.439062528,0.438850468,0.432643693,0.43315339,0.43558551,0.432541419,0.428806913,0.42862077,0.428268097,0.347621615
M39,0.070162557,0.331756714,0.32292361,0.320462638,0.319816034,0.320331127,0.322075548,0.323422155,0.325273515,0.329743227,0.333110485,0.33938624,0.346693873,0.354618745,0.362543225,0.369911448,0.374893508,0.379712308,0.384205638,0.388086145,0.390692222,0.393414847,0.396857938,0.399617671,0.402788479,0.405407807,0.408661862,0.411466394,0.414073831,0.416807313,0.419779957,0.423115756,0.427098549,0.430834177,0.434888545,0.438742987,0.44303013,0.447004226,0.450603347,0.453753583,0.456611024,0.45938774,0.461974175,0.464949738,0.467459731,0.470138285,0.472145377,0.4749564,0.4778155,0.480996335,0.48390419,0.486152343,0.488540089,0.490406311,0.492459537,0.493053421,0.495346158,0.498372066,0.502756502,0.506285151,0.509003633,0.512334383,0.514814,0.516816891,0.519667416,0.522292943,0.524236998,0.52664182,0.528450863,0.530722656,0.532237543,0.53338801,0.535085192,0.536267959,0.537394454,0.538696583,0.539888463,0.540671989,0.541790919,0.542461887,0.543837488,0.544836239,0.546251347,0.547667138,0.548763472,0.549942878,0.551281072,0.552996379,0.553754202,0.55565556,0.556883175,0.558197724,0.559658547,0.561419002,0.562723919,0.565616325,0.567523733,0.569033165,0.570312572,0.571989631,0.574511848,0.576250728,0.577861121,0.577966256,0.577875374,0.58538593,0.584643522,0.586128449,0.587299729,0.589673032,0.589684143,0.591096372,0.59291714,0.593285911,0.593901442,0.595212881,0.594659588,0.596440121,0.597072378,0.59866393,0.599639008,0.600196433,0.601389849,0.601582446,0.603146673,0.603348968,0.604073152,0.605424417,0.606599756,0.607881615,0.608245237,0.608399543,0.609015212,0.609084603,0.610581777,0.612371094,0.612025568,0.612442374,0.612398391,0.612722055,0.612551744,0.613152022,0.612679143,0.612785602,0.613501692,0.612343587,0.611480926,0.610651041,0.608996753,0.607538694,0.60873689,0.608257666,0.607331624,0.606822304,0.607480306,0.606115144,0.60630956,0.605116623,0.605553961,0.604713109,0.605921117,0.603978889,0.602343566,0.602799732,0.602902219,0.601395902,0.60146954,0.601375976,0.599458058,0.599738284,0.598309121,0.59703973,0.597443211,0.599219602,0.595900423,0.593358184,0.593872761,0.59250317,0.591069356,0.588350671,0.583661765,0.581350916,0.579133584,0.579069886,0.575950284,0.574592726,0.56892321,0.566856265,0.560630427,0.55671134,0.558794861,0.558048107,0.550255707,0.549775811,0.551431356,0.552452952,0.546535338,0.550463815,0.544842044,0.541439676,0.540011884,0.550306637,0.541282588,0.544421996,0.457151759
M40,0.065617877,0.259754062,0.252836832,0.251111949,0.251137742,0.252368749,0.254610679,0.256645361,0.258865946,0.262981351,0.266013844,0.270873555,0.27610095,0.281737308,0.287470403,0.292993096,0.296894307,0.300777687,0.304597066,0.307986937,0.310690255,0.313486891,0.317098752,0.320112814,0.323540584,0.326473359,0.330057923,0.333213308,0.33622859,0.339025881,0.34200551,0.345163738,0.348827045,0.352132988,0.355724972,0.359085327,0.362824364,0.36619485,0.369280519,0.372036664,0.374615902,0.377123899,0.379464484,0.382074654,0.384293498,0.386670834,0.388480529,0.390949629,0.393413599,0.396176345,0.398704582,0.400747791,0.402894762,0.4046583,0.406668761,0.407557797,0.409795061,0.412539092,0.416410756,0.419606968,0.42228496,0.425533104,0.428137849,0.430360688,0.433313465,0.436097329,0.438395359,0.440997696,0.443108291,0.445623592,0.447466134,0.449053792,0.451052591,0.452674525,0.454168961,0.455915024,0.457432711,0.458659477,0.460135094,0.461185677,0.462863375,0.464236593,0.465921315,0.467641775,0.468992841,0.470520932,0.472109749,0.473987042,0.474954381,0.476921707,0.478181362,0.479482725,0.480695561,0.482270448,0.483424836,0.48588878,0.487438258,0.488725986,0.489698367,0.49106122,0.493026325,0.494283016,0.495331235,0.495207072,0.494814894,0.50095279,0.50022764,0.501275608,0.50205373,0.503921578,0.50382703,0.504854811,0.506128211,0.506218162,0.506636474,0.507520269,0.50692501,0.508207995,0.508655351,0.509742809,0.510494496,0.510701195,0.511701903,0.511717825,0.512959515,0.513072009,0.513583059,0.514607663,0.515607518,0.516537261,0.516833775,0.516896921,0.517493006,0.51756108,0.519011568,0.520551483,0.520495364,0.520965172,0.52118097,0.5215904,0.52160466,0.522354987,0.52217351,0.522439025,0.523370313,0.522535808,0.52219632,0.521694912,0.520687608,0.519957541,0.521269067,0.521107848,0.520608194,0.520346493,0.521120766,0.520220155,0.520627235,0.519836666,0.520470169,0.519889944,0.521190087,0.519708114,0.518482126,0.518946587,0.519221503,0.518084236,0.518231159,0.518107231,0.516619089,0.516948913,0.515746341,0.514692739,0.515111698,0.516736074,0.513885728,0.511953465,0.512285371,0.511100265,0.509877694,0.507590384,0.503591198,0.501701821,0.499927792,0.500111401,0.497348329,0.496203411,0.491374278,0.489516536,0.484255271,0.480646303,0.482436706,0.481794814,0.47499103,0.474399874,0.47601564,0.476347982,0.471550331,0.474587489,0.469811155,0.466713254,0.465250099,0.474200717,0.466651414,0.468926069,0.383728985
M41,0.094643512,0.343691826,0.339659735,0.340072714,0.340876738,0.342439651,0.34271152,0.344925751,0.349323784,0.351200846,0.355655514,0.361895198,0.367692096,0.376582132,0.382925669,0.38946864,0.393719598,0.398708505,0.401538447,0.404719382,0.407598554,0.410399465,0.412481002,0.41452104,0.416811826,0.419452743,0.421827139,0.424059871,0.426069891,0.42876019,0.431240011,0.434144862,0.437054458,0.440391863,0.444242467,0.447489883,0.451179569,0.453961244,0.456796606,0.459584012,0.461950449,0.464208782,0.465887721,0.46743595,0.469815097,0.471043719,0.472834773,0.475031816,0.477448084,0.479139316,0.481220754,0.482974953,0.484507545,0.485750061,0.486266831,0.487169492,0.488806696,0.490730387,0.492989971,0.496483407,0.498377922,0.500176017,0.502156149,0.50372016,0.505693107,0.507335773,0.508440931,0.510125828,0.510639671,0.51195885,0.512570803,0.51307172,0.513447452,0.513588018,0.51413322,0.513755102,0.514179666,0.514359214,0.514108073,0.514399809,0.51502506,0.515503772,0.515961121,0.516855576,0.517631192,0.518551953,0.51929904,0.520621733,0.52153219,0.522601754,0.523439171,0.524906906,0.525919781,0.526453727,0.528399874,0.52988932,0.531026347,0.532492315,0.533981411,0.534837806,0.536937012,0.537767026,0.538609327,0.540186458,0.54027143,0.543669513,0.543596825,0.544737003,0.546153506,0.54691452,0.547386681,0.548643982,0.5494227,0.550538834,0.550475877,0.551025539,0.551449988,0.5525122,0.553384241,0.55443234,0.554915456,0.555601075,0.556278312,0.556837796,0.557710689,0.558495664,0.558539539,0.559403238,0.561003276,0.561685786,0.562702677,0.562618515,0.562852667,0.564044279,0.564004867,0.565589974,0.565372252,0.565779354,0.565922895,0.566598646,0.566649409,0.5663282,0.566448551,0.567060459,0.565504749,0.566834288,0.565392057,0.563982301,0.56337732,0.563122434,0.561874735,0.560867485,0.561306298,0.562294766,0.560527968,0.559085237,0.55878379,0.559408125,0.559469375,0.558416448,0.556961468,0.555060324,0.555406719,0.555474134,0.55297455,0.553638903,0.550878852,0.552665364,0.550654461,0.550389623,0.548523045,0.546833025,0.546348956,0.547047963,0.546474047,0.546613455,0.546286065,0.544161771,0.541841068,0.542178934,0.537131016,0.534124378,0.5348536,0.533647305,0.529576559,0.526884055,0.524951734,0.521474484,0.51966576,0.514682008,0.514489595,0.511940525,0.509122284,0.513422248,0.506771441,0.505001115,0.504841132,0.50586114,0.506998935,0.510453314,0.507425499,0.503836948,0.504231733,0.505133896,0.439234874
M42,0.062586705,0.25541724,0.253990183,0.255070754,0.25601258,0.257280584,0.257707928,0.259526382,0.262927256,0.264668106,0.268520476,0.273948861,0.279318816,0.287016414,0.292707422,0.298516988,0.302545792,0.307015493,0.309924279,0.313046152,0.316118198,0.319144685,0.32175676,0.324255463,0.327000834,0.329882856,0.332693999,0.335270085,0.33770545,0.340471932,0.342922955,0.345592776,0.348267368,0.351114278,0.354428572,0.357161866,0.360186472,0.362399685,0.364705994,0.366898122,0.368824718,0.370555965,0.371803697,0.372874843,0.3746189,0.375368519,0.376683825,0.378317407,0.380152322,0.381433368,0.383045721,0.384390279,0.385496717,0.38642499,0.38675554,0.387475072,0.388920898,0.390712827,0.392900002,0.396363097,0.398519549,0.400482097,0.402618376,0.404433125,0.406570393,0.408462053,0.409953143,0.411860764,0.412881616,0.41452073,0.415571485,0.416587898,0.417460117,0.418153053,0.41913422,0.419421607,0.420169269,0.420802421,0.421035438,0.421757545,0.422671821,0.423542013,0.424342699,0.425613099,0.42666612,0.427968062,0.429027637,0.430623073,0.431855686,0.433140451,0.434160867,0.435621458,0.436581389,0.437156136,0.438952987,0.440245671,0.441257869,0.442468666,0.443632329,0.444282575,0.445863015,0.44622995,0.446496642,0.447883287,0.447683642,0.449972867,0.450022521,0.450832486,0.451818532,0.452302876,0.452451532,0.453242698,0.453618212,0.45424615,0.453995855,0.454095142,0.454305404,0.4548659,0.455536633,0.456096878,0.456465872,0.456931921,0.457515709,0.457789036,0.45850686,0.459062151,0.459081386,0.459646232,0.460999385,0.461501322,0.462285485,0.462130714,0.462386337,0.463456105,0.46345683,0.464873492,0.464839058,0.465341752,0.465777288,0.466369001,0.466704645,0.466623815,0.466840428,0.467379321,0.466361942,0.467471637,0.466602083,0.465628345,0.465534049,0.465717646,0.464917804,0.464200946,0.464810725,0.465897397,0.464628063,0.463645163,0.463663893,0.464442171,0.464713003,0.463916906,0.462886426,0.461396024,0.46173936,0.461852972,0.459932499,0.460488595,0.458231837,0.459693908,0.458005888,0.457731081,0.456133943,0.454609688,0.454203825,0.454723882,0.454251799,0.454378591,0.453937597,0.45209545,0.450142152,0.450375973,0.446018256,0.443200618,0.443631146,0.44254672,0.438900262,0.43649879,0.434726376,0.43138236,0.429571027,0.424958101,0.424529922,0.422066033,0.419590141,0.422595882,0.416468413,0.414646313,0.414246689,0.414417614,0.414995753,0.41740686,0.414295366,0.410836915,0.41075649,0.410653758,0.346327786
M43,0.06254304,0.300959614,0.295925759,0.295126753,0.292692538,0.294933255,0.293921554,0.294646218,0.295758686,0.298133158,0.301175353,0.305887756,0.311474631,0.317678524,0.324120497,0.3290089,0.333937646,0.337771756,0.341542025,0.34489369,0.348072957,0.351014228,0.353522701,0.355918338,0.358519608,0.361324689,0.363845906,0.365862671,0.368733839,0.37124392,0.374447595,0.377627356,0.381189893,0.384213069,0.387652546,0.391428905,0.394738489,0.398462022,0.401598953,0.404665194,0.407059506,0.409690591,0.411877475,0.413880807,0.416007057,0.418045236,0.420276208,0.422729773,0.42493808,0.426926618,0.428866514,0.431339094,0.432826717,0.434552112,0.435942444,0.437393717,0.43914086,0.441362115,0.444137871,0.447214015,0.449518923,0.451969497,0.45432612,0.456547187,0.458868374,0.460811996,0.462749232,0.464474833,0.466508369,0.468182459,0.469662586,0.470730655,0.471641349,0.473039246,0.4741048,0.47495502,0.475461595,0.476804981,0.477650473,0.478459956,0.479463605,0.480762833,0.48158185,0.482861959,0.483599012,0.484951129,0.48639448,0.487718601,0.488835344,0.49032707,0.4917491,0.493165612,0.494340713,0.496168514,0.497668302,0.499352241,0.501721159,0.502551803,0.504368762,0.505463195,0.507273509,0.508319715,0.509457547,0.510716179,0.511590415,0.51470363,0.514406924,0.515706209,0.51671514,0.518210113,0.51883647,0.519735009,0.52010633,0.52129744,0.521525558,0.522118315,0.52220561,0.523186172,0.524312482,0.523867918,0.525330929,0.526226916,0.526413039,0.526975061,0.527315194,0.528203764,0.529229967,0.529327159,0.530080838,0.530864484,0.530931881,0.531911073,0.532253321,0.532594024,0.532507757,0.534289004,0.534109972,0.534735064,0.535208441,0.535904152,0.534855148,0.535946467,0.536236159,0.535449212,0.535577995,0.535300904,0.53574732,0.534539364,0.534204715,0.533985323,0.532697814,0.533325883,0.533794545,0.532957254,0.532944352,0.531634928,0.531231375,0.531869754,0.531777319,0.532466931,0.531031319,0.531125522,0.531056717,0.531066803,0.530698117,0.528922705,0.528744177,0.530272622,0.528419927,0.528114705,0.526238038,0.527402211,0.52453703,0.524984961,0.524713333,0.524942274,0.52464019,0.522992353,0.520859929,0.521481851,0.520641369,0.518142786,0.515538694,0.510775485,0.511161249,0.509120536,0.507892842,0.505016826,0.498790977,0.499495439,0.49477384,0.492806202,0.49677116,0.495600698,0.496343393,0.495610797,0.496788361,0.491143305,0.493241114,0.488870376,0.495587052,0.493345182,0.495037936,0.485305418,0.422759291
M44,0.079655883,0.266081239,0.265802982,0.267637747,0.267030932,0.2705422,0.270731211,0.272495487,0.274484255,0.277725609,0.28165554,0.287302946,0.293875652,0.300885517,0.307813882,0.313112149,0.318278259,0.322275121,0.326203225,0.329671844,0.333094981,0.336418168,0.339320573,0.342135467,0.345073171,0.348259457,0.351273615,0.353699435,0.356931194,0.359588758,0.362882973,0.366008123,0.369488936,0.372378421,0.37565165,0.379135899,0.382104954,0.385392257,0.38819031,0.390822753,0.392830527,0.394961329,0.396587663,0.398031488,0.399503568,0.400924343,0.402618867,0.404551821,0.406324005,0.407911939,0.409437923,0.411401578,0.41242346,0.413592133,0.41445623,0.415449465,0.416856349,0.41884986,0.421673654,0.424880248,0.427285189,0.429802526,0.432188005,0.434456615,0.436876514,0.438879075,0.440862936,0.442637422,0.444662465,0.446378561,0.447837882,0.44895511,0.449932248,0.451322595,0.452412974,0.453334231,0.453881178,0.455176311,0.456001729,0.456782861,0.4577886,0.4591218,0.459981318,0.46136883,0.462250068,0.463731642,0.465303815,0.466718298,0.467879044,0.469338127,0.470672907,0.471915239,0.472724233,0.474217393,0.475586368,0.476991344,0.47901559,0.47957225,0.481013022,0.48180028,0.483188886,0.483615669,0.484019032,0.484869126,0.485363276,0.48823029,0.487716837,0.488728265,0.489424681,0.490533434,0.490840652,0.491286033,0.491221057,0.491965102,0.491796522,0.491976405,0.491717514,0.492315101,0.493111375,0.49237298,0.493516864,0.494133092,0.494147598,0.494414767,0.494633639,0.495306528,0.49615636,0.496048745,0.496604445,0.497165195,0.497123941,0.497827819,0.49811369,0.498374032,0.498351822,0.499857705,0.499846697,0.500460049,0.500944724,0.501676205,0.500737641,0.501764264,0.502071946,0.501352896,0.501525385,0.501246615,0.501814923,0.500691969,0.500479873,0.500392727,0.499298087,0.49992892,0.500550538,0.499801958,0.499973037,0.498730072,0.498463863,0.499193161,0.499090822,0.499788784,0.498464042,0.498624622,0.498562776,0.498523004,0.498260892,0.496536844,0.496186056,0.497511343,0.49565724,0.495234186,0.493439443,0.494160711,0.49118113,0.491666448,0.491192009,0.491279312,0.490800795,0.48894498,0.48684688,0.487107339,0.485914114,0.48312531,0.480357988,0.47540988,0.475536601,0.473179731,0.471625361,0.468154615,0.461888875,0.461786017,0.456897142,0.454215835,0.457409662,0.455590105,0.455590573,0.454145261,0.454723083,0.44842252,0.449636999,0.44522326,0.450369345,0.447235613,0.448154849,0.437912706,0.375453929
M45,0.074156856,0.326603052,0.320771259,0.319580487,0.318927305,0.318972941,0.320125597,0.319409787,0.32134049,0.323057397,0.325890947,0.330736613,0.337842361,0.344486129,0.351094985,0.356920813,0.361697653,0.366254439,0.369603867,0.372661174,0.376080996,0.378649741,0.382018312,0.384549683,0.387375516,0.389276497,0.391564608,0.393810061,0.396414113,0.399118599,0.402145575,0.405029754,0.408321054,0.411555957,0.414702172,0.417868179,0.421405836,0.424589072,0.427617092,0.430534852,0.433026795,0.435500989,0.437454296,0.439586849,0.441842948,0.443653954,0.446046395,0.448426443,0.45062813,0.452894342,0.455169435,0.457323743,0.459298058,0.460562425,0.462100394,0.463395704,0.465224505,0.467328398,0.470041968,0.473600472,0.476026574,0.478973169,0.480686775,0.483010765,0.485253763,0.487382411,0.488882325,0.490460306,0.492148245,0.493105199,0.494260466,0.495267432,0.496112366,0.496419857,0.497405331,0.497906259,0.498243973,0.498803403,0.49961124,0.500249518,0.501425802,0.502130317,0.503382707,0.504508318,0.505982879,0.507012555,0.508860744,0.510156788,0.511480361,0.513242615,0.514704165,0.516564338,0.518037974,0.520129622,0.521857206,0.523592659,0.525426888,0.52691792,0.52862978,0.530194959,0.531975871,0.533404015,0.534589707,0.535864514,0.536409486,0.539278671,0.539495244,0.540550283,0.541399081,0.543147679,0.543453438,0.544616259,0.545250153,0.545638319,0.546176146,0.547144768,0.547511769,0.547926079,0.548764728,0.549344639,0.549978998,0.550830713,0.551707292,0.551444186,0.552328305,0.553231303,0.554190037,0.554332321,0.555876518,0.555685508,0.555726249,0.556646726,0.557952397,0.558268795,0.558245527,0.559922247,0.559977867,0.560692548,0.559951104,0.560941163,0.56002703,0.561510436,0.56075921,0.561785559,0.560978426,0.561308804,0.560480914,0.559766231,0.559546857,0.558011043,0.558894445,0.558408837,0.557827324,0.557679564,0.556771669,0.556202309,0.558470763,0.556153215,0.556976523,0.556503896,0.555953685,0.554963372,0.555819213,0.554685023,0.555373933,0.554596538,0.552934251,0.553284614,0.552353183,0.553267306,0.552680683,0.552317946,0.550695979,0.552600642,0.550651077,0.549537306,0.550888806,0.547626404,0.547653647,0.546447605,0.544090718,0.543713308,0.539495475,0.537051163,0.535791954,0.53614229,0.533555942,0.528632897,0.525460924,0.524428138,0.52320071,0.519760317,0.522237021,0.519227489,0.518013474,0.515288783,0.5218058,0.52230337,0.514384583,0.51663617,0.521975888,0.517968399,0.51769011,0.517605048,0.44424868
M46,0.074943004,0.268407313,0.266840474,0.267872999,0.268994872,0.270474664,0.272898638,0.273612674,0.276473852,0.278807328,0.28168447,0.285710255,0.291112343,0.295870852,0.300616973,0.304878715,0.308345342,0.311806902,0.31427565,0.316569234,0.319297725,0.321429723,0.32429844,0.326487131,0.32903638,0.330764768,0.33300736,0.335106828,0.337574289,0.339819259,0.342381807,0.344632987,0.347267233,0.349734893,0.352247129,0.354690208,0.357409921,0.359789181,0.361911123,0.36403871,0.365755236,0.367486488,0.368738948,0.370167514,0.371661948,0.37284457,0.374524568,0.376174347,0.37775548,0.379277903,0.38086664,0.382304707,0.383666842,0.384497701,0.385706513,0.386694602,0.388078092,0.389634264,0.39186253,0.394544665,0.39637582,0.398752713,0.40019318,0.40221183,0.404134249,0.406100092,0.407400608,0.408842796,0.410298389,0.411236533,0.412268934,0.41317431,0.413993,0.414281546,0.41521591,0.415751295,0.416123831,0.416697801,0.417443732,0.418014614,0.419122569,0.41979833,0.42092966,0.422028699,0.423398154,0.424396506,0.42605452,0.4272986,0.428310476,0.429875889,0.430931629,0.432454834,0.433372502,0.4348948,0.436249433,0.437634646,0.439006781,0.440138057,0.441338399,0.442558881,0.4438557,0.444676002,0.445193439,0.445889545,0.446115835,0.449099237,0.448865405,0.449633236,0.45023457,0.451568444,0.451712717,0.452517578,0.45283722,0.452933913,0.453203926,0.453828547,0.453919193,0.454122356,0.454647637,0.454953331,0.455346235,0.455875051,0.456468614,0.456148621,0.456776319,0.457375283,0.45815207,0.458151579,0.459476065,0.459104259,0.459257304,0.459959995,0.461017574,0.461223479,0.461425755,0.462786004,0.462957572,0.463463732,0.46302997,0.463868272,0.46328783,0.464541761,0.464059411,0.464996309,0.464447336,0.46477596,0.464084825,0.463508079,0.463244546,0.462137803,0.46301758,0.462654486,0.462213125,0.46209204,0.461473818,0.460929097,0.462911657,0.46093522,0.461690017,0.461287986,0.460887195,0.459960967,0.460655971,0.459651814,0.460055077,0.459268351,0.457828559,0.457985163,0.456878364,0.457417745,0.456627793,0.45597526,0.45435324,0.455794107,0.45389598,0.452710578,0.453279822,0.450272705,0.449789833,0.448204658,0.445604305,0.444422997,0.440050613,0.437221085,0.435518331,0.43486881,0.431583211,0.426677047,0.423144076,0.421097496,0.419506716,0.416056173,0.417077229,0.414040827,0.412375845,0.409644652,0.414063162,0.413886824,0.406991824,0.408168937,0.411506645,0.407634045,0.406769073,0.4058311,0.348636763
M47,0.06567631,0.286657717,0.287585373,0.287910022,0.287828302,0.286154892,0.285582844,0.283961747,0.283842328,0.284479499,0.28659951,0.291220386,0.296995422,0.304313584,0.309978388,0.315251175,0.319641112,0.322433687,0.32606807,0.328919913,0.331983942,0.334262708,0.337205512,0.339275199,0.341033691,0.342695228,0.345356714,0.346563245,0.348546181,0.35085598,0.35359329,0.355962309,0.35850137,0.361889667,0.364161912,0.36693858,0.369054958,0.371080584,0.373362591,0.375424357,0.377187637,0.378378253,0.379931651,0.380953684,0.382442898,0.383657719,0.384879992,0.386093546,0.387478675,0.388804769,0.390036924,0.391444745,0.392455386,0.393284694,0.393593776,0.394736982,0.395896953,0.397062291,0.398415425,0.401371759,0.403761892,0.405569828,0.407418711,0.408829096,0.410714739,0.412344979,0.41389038,0.414988669,0.416636935,0.417192749,0.418734975,0.419775549,0.421024168,0.421907711,0.423080096,0.423778698,0.42476765,0.425472036,0.426048316,0.426888231,0.427721705,0.428035105,0.429133443,0.429589238,0.43026957,0.430975105,0.432012774,0.433144167,0.433995015,0.435183406,0.436511604,0.437555692,0.43827337,0.439858053,0.440804351,0.441811772,0.443057144,0.44402895,0.445089567,0.445655307,0.44680443,0.447391347,0.448063113,0.450207916,0.448944819,0.449089025,0.450002521,0.451013396,0.45107115,0.451630613,0.452211727,0.452564978,0.452656358,0.453316896,0.453064366,0.45310429,0.452866532,0.45366596,0.453873038,0.454584014,0.454747169,0.454957207,0.455826011,0.456180181,0.456980325,0.456753169,0.456832159,0.457144404,0.457793188,0.457728837,0.457226067,0.457457054,0.458435446,0.458552206,0.457946898,0.458815697,0.458674121,0.458985709,0.459260647,0.460102325,0.460193378,0.459839149,0.45954231,0.460497978,0.459523536,0.459343494,0.459390601,0.459602861,0.458750343,0.459047159,0.458264984,0.458436148,0.459091494,0.45886236,0.457943433,0.458880248,0.457818562,0.458596063,0.459157802,0.458595157,0.459479835,0.458782046,0.457619846,0.458301253,0.458768611,0.457960301,0.458510867,0.458692193,0.45783774,0.458456719,0.457987405,0.459477007,0.458516194,0.457607067,0.458606255,0.457961945,0.456838773,0.457264691,0.455373568,0.457532286,0.456612027,0.454308348,0.454844214,0.454244342,0.454081737,0.452418692,0.451747408,0.449363253,0.448735296,0.449675123,0.446648881,0.445947411,0.445541553,0.445315518,0.447100077,0.447715437,0.450237534,0.447897536,0.451422595,0.45084044,0.451996069,0.453506855,0.450646268,0.456752464,0.343113698
M48,0.078466473,0.188831885,0.190883106,0.192359449,0.193427007,0.193525771,0.194599983,0.19478742,0.196176373,0.197865856,0.200370999,0.204288017,0.208890228,0.214426122,0.218890799,0.22322115,0.226963114,0.229648666,0.232828147,0.235479305,0.238397594,0.240744335,0.243708567,0.245954509,0.248131338,0.250160776,0.253174288,0.254828963,0.257173944,0.259504421,0.262238858,0.264447919,0.26687647,0.26982918,0.272094074,0.274719443,0.276814007,0.278846927,0.281087151,0.283187546,0.285066335,0.286516905,0.28822579,0.289554526,0.291193588,0.292674076,0.294186697,0.295660837,0.297402396,0.299000721,0.30054618,0.302176685,0.30355966,0.304703644,0.305511168,0.30692886,0.308306473,0.309795513,0.311661101,0.314547693,0.317011758,0.319121092,0.321281219,0.323154979,0.325357098,0.327452782,0.329322633,0.33093365,0.33283164,0.333958883,0.335735439,0.337079115,0.338659716,0.33986448,0.341279454,0.342384684,0.343658082,0.344708854,0.345654724,0.346746179,0.34787546,0.348586134,0.349959843,0.350896741,0.351917906,0.353024223,0.354384311,0.355768708,0.356776191,0.358131675,0.359412033,0.360584694,0.361150472,0.362607228,0.363616613,0.364701097,0.365911919,0.366827672,0.36781316,0.368469722,0.369507766,0.369905996,0.370181102,0.371832596,0.370821795,0.372058,0.372574103,0.373489857,0.373712796,0.374314695,0.374912168,0.375172923,0.375243265,0.375773567,0.375558571,0.375594649,0.375335122,0.376127384,0.376258835,0.376997853,0.377203277,0.377474348,0.37828615,0.378668799,0.37943197,0.379232031,0.379545147,0.37983733,0.380701958,0.380538965,0.380380483,0.380609385,0.381643903,0.381829927,0.381676411,0.382476309,0.3825764,0.382963364,0.383312024,0.384157186,0.384466275,0.384271071,0.384148097,0.385165712,0.384487117,0.384436124,0.384374946,0.384662964,0.383919907,0.38434768,0.38379971,0.383976564,0.384645437,0.384551107,0.383910949,0.384663585,0.383925272,0.384487096,0.385014285,0.384682797,0.385387844,0.38483921,0.383913765,0.384496444,0.384771024,0.384013352,0.384252505,0.384426101,0.383427004,0.383866048,0.383154043,0.384193007,0.383106713,0.382262343,0.382760894,0.382005691,0.380779712,0.380730012,0.378685173,0.38010522,0.378756022,0.376150915,0.375691083,0.374595052,0.373781495,0.371680771,0.370026493,0.367336004,0.365926605,0.365826163,0.362459747,0.361068961,0.360091663,0.359192203,0.359780982,0.359530447,0.360712419,0.357787091,0.360144349,0.358616479,0.358942521,0.359345189,0.356162931,0.359501808,0.25433961
M49,0.066234573,0.259932972,0.256244494,0.255820845,0.256984211,0.256600297,0.25680447,0.257218997,0.257236873,0.257657858,0.261187897,0.264540561,0.269646868,0.275507462,0.281357779,0.285792411,0.28953121,0.292975574,0.296243199,0.299164023,0.302358707,0.304234217,0.306825576,0.309165018,0.311144494,0.312923598,0.315359596,0.317066696,0.31910379,0.321221866,0.323644909,0.326410517,0.329042824,0.332001335,0.3347808,0.337499358,0.339963189,0.342081992,0.344586312,0.346971091,0.349306402,0.351275974,0.353150881,0.354791033,0.356931762,0.358586405,0.360184875,0.362000342,0.364009928,0.365752503,0.367643529,0.369264922,0.370841398,0.372478129,0.373719869,0.37492197,0.376666735,0.378550943,0.3803112,0.383171859,0.385832695,0.388141063,0.390109596,0.392319153,0.394718096,0.39617491,0.398230535,0.400126596,0.40169551,0.403136062,0.404781812,0.406005985,0.40740689,0.408780719,0.410049595,0.41137238,0.412164898,0.413270615,0.414457444,0.415265813,0.416532466,0.417420187,0.418365597,0.419577043,0.420378079,0.421469627,0.422094881,0.423645063,0.424772717,0.426124481,0.42728153,0.428375168,0.429478822,0.431046757,0.432444338,0.433576693,0.434987493,0.436056574,0.436947473,0.438218071,0.43943725,0.43983081,0.441154756,0.442539199,0.442598757,0.443424882,0.443596803,0.444838633,0.445372702,0.445332659,0.446192876,0.447109932,0.447396951,0.447608405,0.447366018,0.4478568,0.447688608,0.447805798,0.449143409,0.449030696,0.449134958,0.450412558,0.450648389,0.450985584,0.451190495,0.452021672,0.45210664,0.452894505,0.452743914,0.453912783,0.454008295,0.454057933,0.454286903,0.455614392,0.454734259,0.455406994,0.455557208,0.456361258,0.45706589,0.457236224,0.456803424,0.457370448,0.45717271,0.457195061,0.456097481,0.456702458,0.456729509,0.456732866,0.455858965,0.454970636,0.455070799,0.455126944,0.455508557,0.45488188,0.454744599,0.455350235,0.453654206,0.454246724,0.454183768,0.454697168,0.453537175,0.453730352,0.453580874,0.453701131,0.453476966,0.452112005,0.452022846,0.451272986,0.451769008,0.451531605,0.452270805,0.451207126,0.451304798,0.451771573,0.451865265,0.450148528,0.450189359,0.44935506,0.448326258,0.446533931,0.446390793,0.44501177,0.443878105,0.441153532,0.438859308,0.438209505,0.434898052,0.433338438,0.42970664,0.427645333,0.429801523,0.426289108,0.427209617,0.428588698,0.427133746,0.429451408,0.428201705,0.427466744,0.42679395,0.427794218,0.430821479,0.426550355,0.425342458,0.423978997,0.368707981
M50,0.069788742,0.238812277,0.235855708,0.23526856,0.236551375,0.236413117,0.23703148,0.237791005,0.238301581,0.239095459,0.242914003,0.246670846,0.252161456,0.258292811,0.264415938,0.269078143,0.273024599,0.276718595,0.280096425,0.283206141,0.286707117,0.289080842,0.292165608,0.294926984,0.297571506,0.299907127,0.303002537,0.305289065,0.307832068,0.310273133,0.312977527,0.315817915,0.31861059,0.321642624,0.324538589,0.327431511,0.329929194,0.332022722,0.334385336,0.336634062,0.338734117,0.340490392,0.342044313,0.34337857,0.345080255,0.346363077,0.347653702,0.349195339,0.351024353,0.35250952,0.35417747,0.355470857,0.356814143,0.358065124,0.358978431,0.359875064,0.361428695,0.363266601,0.365317479,0.368310469,0.371058512,0.373476116,0.375604695,0.37794187,0.380406436,0.38208834,0.384269742,0.386373076,0.388051856,0.389716721,0.391451436,0.392786141,0.394279415,0.39574008,0.397133976,0.398531075,0.399445914,0.400610077,0.401906037,0.402814166,0.404166197,0.40517165,0.406275805,0.407649615,0.408653716,0.409949455,0.410747752,0.412465591,0.413592818,0.415023016,0.416084914,0.417177556,0.418106947,0.419483064,0.420756395,0.421827118,0.423031044,0.424009708,0.424677506,0.425860648,0.426804787,0.42690773,0.427813005,0.428845499,0.428619436,0.429921908,0.429715997,0.430766442,0.431259746,0.431049619,0.431762587,0.432365401,0.432483239,0.432500331,0.432125035,0.432477947,0.432124749,0.432123866,0.433238419,0.433101359,0.433055036,0.434194713,0.434340181,0.434598904,0.434761654,0.43549477,0.435572019,0.436281713,0.436202741,0.437237115,0.437359792,0.437341924,0.437629179,0.438937282,0.438278274,0.438882724,0.439247643,0.439989139,0.440795427,0.441006323,0.440741103,0.441372806,0.441261859,0.441427632,0.440473161,0.441186957,0.441232914,0.441361668,0.440726866,0.44016965,0.440488917,0.440669699,0.441125233,0.440635157,0.440845542,0.441387451,0.439956318,0.440527809,0.440686629,0.441217066,0.440262288,0.440446496,0.440431316,0.440555135,0.440354264,0.439027075,0.438852677,0.438275239,0.43858337,0.438376568,0.438925513,0.437670579,0.437665236,0.438167211,0.438147756,0.436372391,0.436328676,0.435395538,0.434421827,0.432363141,0.432222976,0.430832672,0.429400954,0.426651558,0.424281642,0.423488375,0.419975822,0.418492135,0.414963164,0.412617574,0.414439923,0.410614175,0.411121222,0.412017183,0.41027012,0.412242113,0.410482762,0.409192905,0.408015781,0.408552506,0.411497731,0.406531891,0.404971586,0.402921953,0.34523373
M51,0.093843089,0.291102287,0.283352715,0.278304762,0.276435892,0.273609619,0.270148496,0.26883884,0.267531093,0.266115654,0.26738644,0.271209053,0.27731498,0.282836487,0.289576962,0.294837945,0.299608566,0.304056169,0.307758416,0.31124408,0.31550898,0.318480906,0.322160377,0.325418449,0.328346846,0.331096842,0.332993688,0.335600439,0.338422481,0.341716512,0.344565481,0.347947751,0.35154133,0.354984106,0.358902621,0.362544791,0.365983429,0.369263873,0.372947983,0.376391562,0.379302887,0.382150935,0.3850819,0.387704043,0.390216928,0.393080026,0.395820321,0.398128341,0.4007615,0.403693228,0.406199926,0.40880971,0.410806143,0.412735251,0.414777627,0.416906328,0.419815348,0.422045823,0.424761496,0.428407248,0.431642644,0.434698247,0.43727554,0.439497606,0.441809371,0.443924306,0.446036049,0.447421497,0.449459167,0.450757985,0.451932831,0.453480951,0.455122899,0.456031138,0.456988273,0.458021875,0.458509292,0.459167171,0.459649423,0.460968539,0.462242489,0.463766566,0.465037978,0.466317777,0.468122264,0.469941215,0.471940009,0.473826432,0.476640863,0.478427271,0.480837032,0.483376034,0.485814238,0.488822728,0.491520238,0.493457253,0.496034747,0.49834883,0.5006304,0.503082487,0.504835424,0.50662377,0.509298216,0.513269451,0.515079851,0.51309574,0.51680539,0.518411495,0.520788636,0.522432542,0.52417378,0.525628811,0.527380796,0.529246234,0.530735912,0.532469928,0.534057801,0.534731431,0.53716119,0.537748116,0.539529066,0.541423056,0.542809505,0.544192684,0.546109806,0.546880947,0.54851214,0.549792337,0.55046323,0.55121882,0.551436025,0.553350906,0.553592666,0.555311958,0.555171398,0.556891634,0.557292027,0.558293754,0.55938067,0.558858336,0.559748997,0.560791525,0.561112104,0.561584865,0.562368294,0.56137925,0.562409909,0.562298407,0.562448525,0.563609876,0.562674674,0.562106672,0.563364673,0.562203937,0.56305661,0.56332465,0.562435655,0.564099454,0.563698795,0.563591475,0.563462029,0.563089032,0.564012909,0.563548634,0.562797885,0.562299085,0.563719937,0.562143912,0.563886698,0.56289562,0.562710816,0.562776584,0.561872508,0.563730822,0.562588927,0.559679404,0.561265131,0.562569063,0.560572139,0.560751538,0.560095747,0.560966084,0.558821586,0.558735065,0.558730833,0.557007314,0.556750456,0.554114313,0.553647251,0.554652692,0.555892307,0.555126663,0.554066636,0.553533913,0.555384414,0.555277192,0.55799236,0.561542978,0.557567221,0.555882077,0.556286982,0.556806709,0.56184291,0.567616799,0.469566494
M52,0.079217117,0.259746028,0.258825534,0.257716428,0.258264446,0.257205877,0.255361407,0.255408912,0.255333398,0.255000537,0.257132612,0.26150926,0.267826987,0.273328022,0.279951718,0.284979668,0.289615373,0.293933349,0.297562703,0.301042037,0.305346433,0.308502783,0.312385262,0.315895822,0.318894789,0.321884837,0.323978036,0.326908226,0.329963652,0.333446912,0.336331855,0.339663471,0.343177797,0.346447208,0.350130832,0.353385804,0.356409476,0.35915038,0.362304091,0.365252289,0.367678725,0.369950051,0.372344609,0.374352043,0.376231769,0.378452055,0.380462545,0.382129889,0.383967783,0.3862033,0.388001451,0.389954554,0.391348035,0.39279243,0.394349881,0.396093396,0.398540612,0.400324079,0.402388956,0.405632306,0.408565459,0.411374672,0.413786212,0.415825509,0.418020764,0.419940704,0.421975162,0.423265495,0.425156095,0.426351407,0.427467307,0.428934852,0.430430372,0.431281556,0.432144185,0.433047705,0.433370363,0.433904161,0.434236102,0.43543943,0.436551236,0.437883983,0.438980984,0.440101863,0.441672315,0.443376633,0.445237574,0.446969931,0.449626031,0.451135099,0.453254895,0.45539251,0.457221349,0.459543755,0.461970429,0.463429536,0.465478851,0.467227698,0.468917795,0.470858699,0.472001623,0.473067809,0.474704364,0.47816804,0.479922398,0.476597917,0.480315657,0.481440655,0.483292759,0.484398698,0.4855928,0.486392585,0.48747149,0.488655527,0.48960905,0.49065511,0.49178441,0.491851315,0.493717807,0.493828951,0.49520123,0.496550694,0.497566033,0.498449861,0.499953241,0.500352312,0.501494479,0.502341979,0.502619162,0.503027279,0.502953539,0.50441645,0.504407584,0.505873426,0.505606495,0.507143491,0.507503624,0.508392353,0.50946124,0.508946444,0.509874803,0.510661139,0.510870743,0.511138675,0.511844075,0.510890418,0.511929085,0.511792585,0.512143435,0.513487008,0.512749202,0.512299388,0.513453396,0.5124824,0.513270152,0.513628686,0.51278521,0.514513417,0.514156067,0.514052189,0.513926864,0.513444926,0.514172132,0.513662869,0.51284971,0.512278226,0.513450138,0.511867968,0.51335017,0.512177673,0.511897768,0.511712847,0.510671668,0.512078166,0.51101119,0.508067684,0.509206917,0.510094161,0.50783365,0.507659832,0.506562843,0.506551694,0.503965009,0.503457061,0.502901012,0.500690971,0.499508369,0.49646608,0.495116354,0.495214892,0.49552692,0.493979683,0.492343245,0.491302019,0.492069409,0.491100452,0.492708267,0.495060622,0.490688256,0.488268623,0.487397605,0.486678738,0.489815881,0.493792728,0.40665893
M53,0.079423448,0.323313762,0.316825629,0.312409883,0.311058961,0.308417128,0.305480453,0.304710574,0.304230723,0.303251513,0.305415624,0.310210247,0.317247076,0.323622681,0.331228975,0.337138142,0.342337366,0.347175472,0.351091861,0.354704388,0.359175897,0.362196421,0.366014349,0.369360239,0.372434566,0.375202981,0.377312782,0.379965635,0.3829993,0.386389151,0.389558734,0.393132995,0.397096668,0.400839304,0.405195253,0.409251012,0.413080149,0.416779782,0.42076738,0.424502753,0.427530839,0.430499556,0.433521533,0.436156175,0.438702381,0.441599745,0.444419754,0.446600239,0.449335998,0.452315437,0.454864764,0.457472185,0.459523818,0.461388018,0.463418104,0.465312856,0.468019802,0.470048283,0.47289592,0.476355347,0.479202983,0.482075382,0.48434277,0.486291869,0.488231663,0.490095613,0.491831874,0.49282894,0.494520179,0.495470193,0.496205752,0.497251015,0.498522526,0.498925536,0.49938205,0.499890836,0.499905653,0.500183078,0.500258435,0.501148818,0.502031581,0.503147026,0.50399002,0.504901289,0.506288647,0.507696759,0.509206849,0.510720779,0.51293953,0.51425193,0.516078353,0.518253359,0.520217112,0.52261254,0.524941988,0.526602661,0.528912424,0.530942112,0.532853076,0.534907683,0.53648053,0.537976507,0.5405317,0.543808814,0.544607226,0.544206566,0.54688903,0.548209851,0.550454483,0.551809492,0.553406708,0.554536324,0.556077759,0.557703806,0.558971195,0.560400891,0.561833995,0.562368209,0.56471224,0.565053686,0.566729993,0.568407853,0.569646293,0.570722071,0.572584571,0.572985683,0.574665893,0.575642682,0.576452557,0.576887429,0.577065025,0.578741642,0.579002636,0.58039691,0.580299324,0.58174187,0.582096147,0.582929469,0.583793038,0.582833853,0.583535033,0.584529673,0.584489408,0.584895167,0.585477606,0.584320331,0.584948336,0.5844533,0.584106424,0.584963605,0.58418715,0.583269073,0.584383029,0.582862941,0.583638353,0.583488399,0.582473191,0.583808747,0.583193125,0.582841043,0.582452128,0.581881998,0.582708112,0.5819035,0.580865952,0.580161446,0.581167812,0.579430996,0.58083849,0.579601761,0.579116349,0.578727709,0.577647986,0.579204543,0.577916352,0.574611795,0.576068036,0.576937379,0.574534173,0.574243934,0.573173078,0.573528123,0.570857291,0.570153499,0.569810953,0.567587842,0.566631524,0.563411871,0.562391683,0.563182286,0.563936559,0.562906883,0.561596583,0.560886028,0.562361323,0.562245217,0.56479042,0.568186652,0.564327879,0.562489873,0.562894694,0.563270715,0.568640694,0.574594991,0.484491603
M54,0.073230996,0.228341111,0.226792716,0.225522038,0.225936266,0.225422096,0.224598656,0.225365874,0.226217686,0.22659508,0.22881393,0.232539086,0.237489852,0.241680562,0.246841553,0.251005579,0.254859125,0.258563498,0.261678908,0.264695405,0.268508885,0.271220404,0.27471597,0.277784795,0.280748544,0.283468301,0.285793338,0.288531466,0.291630306,0.294933545,0.29798997,0.301283637,0.304875195,0.308230769,0.312031035,0.315539468,0.318886435,0.322001216,0.325522354,0.328777269,0.331651593,0.334383631,0.337223944,0.339772422,0.342231921,0.34494107,0.347565091,0.349676398,0.352137064,0.354797797,0.357125585,0.359585,0.361665959,0.363774626,0.366025089,0.368162884,0.370774081,0.37270633,0.37502673,0.378011702,0.380612757,0.383362302,0.385727445,0.387880692,0.390116299,0.392223429,0.394329278,0.395762833,0.397799672,0.399270174,0.400589828,0.402189743,0.404002412,0.40506759,0.406167738,0.407336792,0.408053432,0.408998898,0.409763952,0.411179917,0.412605125,0.414218058,0.415599105,0.41700118,0.418787903,0.420639117,0.422558337,0.424446048,0.426921431,0.428524526,0.430549452,0.432766413,0.434623299,0.436839972,0.439371691,0.441073675,0.443366596,0.445329166,0.447236577,0.449257576,0.45084299,0.452120524,0.454139359,0.457443959,0.458657772,0.458189081,0.461124507,0.462621504,0.464873694,0.466340574,0.468026762,0.469228071,0.47078304,0.472337032,0.47378361,0.475254382,0.476788867,0.47737157,0.479712087,0.480132509,0.481920744,0.483537065,0.484954566,0.486115101,0.488021796,0.488590291,0.490274931,0.49130006,0.492225823,0.492759705,0.493144735,0.494787976,0.495220201,0.49681898,0.497009761,0.498608452,0.49930265,0.500316336,0.501600575,0.501215115,0.502257978,0.503356676,0.503818307,0.504427721,0.505350592,0.504632206,0.505751135,0.50573074,0.506116272,0.507457466,0.507168867,0.506733565,0.508131821,0.50722839,0.508204258,0.508468643,0.507941475,0.509477686,0.509255524,0.50914397,0.509081418,0.508765082,0.509646043,0.509161906,0.508339678,0.507856139,0.508988042,0.507455172,0.508739072,0.507650947,0.507223878,0.506943257,0.505880962,0.507320934,0.506157494,0.503164851,0.504196474,0.504837095,0.502594612,0.502204865,0.500896325,0.500739071,0.497946253,0.49704105,0.496345109,0.493891378,0.492483883,0.489095714,0.487673591,0.487472983,0.487438942,0.485890756,0.484197747,0.482705332,0.48346872,0.482660362,0.483820848,0.485803121,0.481570418,0.478982403,0.478154678,0.477364818,0.480917626,0.484132324,0.387677113
M55,0.102742022,0.280718892,0.27640112,0.273357633,0.272612934,0.270556574,0.26787607,0.267185526,0.266375553,0.265502572,0.267563685,0.272301365,0.279362436,0.286060326,0.293762361,0.299900783,0.30530782,0.310284242,0.314208618,0.317908033,0.322308384,0.325254545,0.32898152,0.332162548,0.335048054,0.337700332,0.339591398,0.342016598,0.344781844,0.347879302,0.350695052,0.353866051,0.357481217,0.360924184,0.364831242,0.368562801,0.372082718,0.375480115,0.379189929,0.382624596,0.385414992,0.388110124,0.390903857,0.393307441,0.395613092,0.398222949,0.400836146,0.402874811,0.405424177,0.408227916,0.410598274,0.412971539,0.414754842,0.416320104,0.418025618,0.419715101,0.422354296,0.424484671,0.427462503,0.431264456,0.434341987,0.437381015,0.439774688,0.441856155,0.44394981,0.445949855,0.447829138,0.448974207,0.450770408,0.451797154,0.452715789,0.45384699,0.455203716,0.455765392,0.456366749,0.457002096,0.457106082,0.45744457,0.457571395,0.458429704,0.459327328,0.460440643,0.46130146,0.462233331,0.46364226,0.465145196,0.466721767,0.468385485,0.470689958,0.472159486,0.474193313,0.476476188,0.478583716,0.481072212,0.48361528,0.4854456,0.487916752,0.4900548,0.49205229,0.494185537,0.495875849,0.497401876,0.499892491,0.5032514,0.503930551,0.50385944,0.506352629,0.507826127,0.509926095,0.51132922,0.512866026,0.514177378,0.515659673,0.517307871,0.518567078,0.520145136,0.521480582,0.52211341,0.524403253,0.524756821,0.526447493,0.528003397,0.529284619,0.530420047,0.532209711,0.532719513,0.534297035,0.535329803,0.53607802,0.536581875,0.536687362,0.538398064,0.53851646,0.539986545,0.539785406,0.541308496,0.541511063,0.542371869,0.54317094,0.542546991,0.543074117,0.544072274,0.54407576,0.544486926,0.544979101,0.543963267,0.544696886,0.544443272,0.544285352,0.545120503,0.544422963,0.543643229,0.544709947,0.543258752,0.543939351,0.543944329,0.542992863,0.544395437,0.54365372,0.543454519,0.54303083,0.542549302,0.543228446,0.542562947,0.541510129,0.540952244,0.541865502,0.540274742,0.541593875,0.540454894,0.53996036,0.539634975,0.538517798,0.540082374,0.538915902,0.535977295,0.537304175,0.538268653,0.536173883,0.536180047,0.535361945,0.535978271,0.533757819,0.533450457,0.533504849,0.531728188,0.531347715,0.528754283,0.528306403,0.529191922,0.529977948,0.529146909,0.527887143,0.526986151,0.528180906,0.527718824,0.529678095,0.532648986,0.528621271,0.526440024,0.526077129,0.525647619,0.529520778,0.534454751,0.441348573
M56,0.11451772,0.205039617,0.204740157,0.2042683,0.205264814,0.204969051,0.204305258,0.20513747,0.206183557,0.207053081,0.209910115,0.214391323,0.220361209,0.225912895,0.232205084,0.237447912,0.242148583,0.246644732,0.250281348,0.253749827,0.25783311,0.260776626,0.264374794,0.267527581,0.270517284,0.273286005,0.275619611,0.278359539,0.281319668,0.284443505,0.287258663,0.290331909,0.293750043,0.296999779,0.300654033,0.304187154,0.307520884,0.310786788,0.314431699,0.317897877,0.32094277,0.323863367,0.32690099,0.329623719,0.332208831,0.335093204,0.337973834,0.340344771,0.343151021,0.34611157,0.348743421,0.351409265,0.35359074,0.35566834,0.357899132,0.360060508,0.362831473,0.365075407,0.368065001,0.371742253,0.374918988,0.37810148,0.380847929,0.383378578,0.385939798,0.388445473,0.39083188,0.392585424,0.394816472,0.396422365,0.397882976,0.399498575,0.401366617,0.402473907,0.403613677,0.404775581,0.405471695,0.406293167,0.40693238,0.40820602,0.409521367,0.411020587,0.412263555,0.413698717,0.415451051,0.417350887,0.419337207,0.421358204,0.423912144,0.425701396,0.427868242,0.430298355,0.432224637,0.434605345,0.437354425,0.439274939,0.441767037,0.443877867,0.445900375,0.448077417,0.449792634,0.451118553,0.453021354,0.45633736,0.457220767,0.457624701,0.460103884,0.461745564,0.46391726,0.465452828,0.467018609,0.468360042,0.469798262,0.471472758,0.472807363,0.474391967,0.475797133,0.476509437,0.478727429,0.479151404,0.480760272,0.4823981,0.483695177,0.484805377,0.486607765,0.487224845,0.488813946,0.489860821,0.490680005,0.491185176,0.491448906,0.493008103,0.493240094,0.494821348,0.494808024,0.496339194,0.496772175,0.497692785,0.498640311,0.49819724,0.498861445,0.499929841,0.500148231,0.500706973,0.501401838,0.500673201,0.501606135,0.501628684,0.501737501,0.502830805,0.502365849,0.501948667,0.503058607,0.501923985,0.502764626,0.502950049,0.502185855,0.503585343,0.503142182,0.50306473,0.502711712,0.502367977,0.503074297,0.502487054,0.501636908,0.501032742,0.501921454,0.500271323,0.501516046,0.500236427,0.499715238,0.499281997,0.498177121,0.499559585,0.4983016,0.495390265,0.49640298,0.497067815,0.495081846,0.494832905,0.493884242,0.493989134,0.49157089,0.491059131,0.49096309,0.489005411,0.488110316,0.485453045,0.484791974,0.485265475,0.485398548,0.483775894,0.481848789,0.480143627,0.480650843,0.479382399,0.480034971,0.481476601,0.47643978,0.473208808,0.471463325,0.470078075,0.472090112,0.474804712,0.370363842
M57,0.099391349,0.268238693,0.263395201,0.260101337,0.259462318,0.257864986,0.256069104,0.256303517,0.256849872,0.257151635,0.25973454,0.264289951,0.270593692,0.276289778,0.283117006,0.288610308,0.29358022,0.29830755,0.30206341,0.305587081,0.309856018,0.31268938,0.316287711,0.319420776,0.322331287,0.325069657,0.327166984,0.329761671,0.332694814,0.335896143,0.338753179,0.341947286,0.345427913,0.348718339,0.352428572,0.356031711,0.359478707,0.362879826,0.366653165,0.370263695,0.373325764,0.376365082,0.379527635,0.382352022,0.385128625,0.388174448,0.391170977,0.393631126,0.396560796,0.399675092,0.40246302,0.405264625,0.407625928,0.409850539,0.412219436,0.414354023,0.417144405,0.419242425,0.422062892,0.425411037,0.428253748,0.431177683,0.433670136,0.4358576,0.438031978,0.440188812,0.442209578,0.443541259,0.44546919,0.446707788,0.447818871,0.449133079,0.450708811,0.451467435,0.45226769,0.453125649,0.453554389,0.454176218,0.454659999,0.455807433,0.457061817,0.458439091,0.459601085,0.460840789,0.462523205,0.464227992,0.466053818,0.467933363,0.470364777,0.472042366,0.474195393,0.476675501,0.478968657,0.481519172,0.48415416,0.486143152,0.488724432,0.490999274,0.493202803,0.495465969,0.497373429,0.499095422,0.501703932,0.505078722,0.506001275,0.506668528,0.509193,0.510917798,0.513248747,0.514973143,0.516777711,0.51828847,0.520045836,0.522081758,0.523607979,0.525535341,0.527174518,0.528224895,0.530729134,0.531493858,0.533284641,0.535260021,0.536655966,0.538176535,0.540087715,0.540833621,0.542650742,0.543969054,0.544947707,0.545638333,0.546003037,0.547956283,0.548278424,0.550077202,0.550062773,0.551761125,0.552154937,0.553145453,0.554058981,0.553531531,0.55424693,0.555456289,0.555601863,0.556169928,0.556841252,0.556029669,0.556890361,0.556822879,0.556650172,0.557615264,0.556939352,0.556274731,0.557514321,0.556147847,0.556869762,0.556854519,0.555862006,0.557194354,0.556521803,0.556273883,0.55577748,0.555230725,0.555873118,0.555234658,0.55401717,0.553249707,0.554090366,0.552412481,0.553515009,0.552163468,0.551602039,0.551111599,0.549916811,0.551281424,0.549958484,0.546700637,0.548041885,0.548798339,0.546841982,0.546523644,0.545525749,0.54605707,0.543678488,0.543317308,0.543220139,0.541480988,0.54100954,0.538536688,0.538109306,0.539294036,0.540006728,0.538917972,0.537506493,0.536606364,0.537596168,0.53712436,0.538833656,0.541606718,0.537032314,0.534614895,0.533717132,0.53382522,0.537172469,0.541711129,0.440830556
M58,0.10984162,0.207588228,0.207807138,0.207622798,0.208728405,0.208544052,0.20782495,0.208771771,0.209724302,0.210497336,0.213348038,0.217894775,0.224016551,0.229527642,0.235920218,0.241109758,0.245860261,0.25024723,0.253917763,0.257386352,0.261545112,0.264560713,0.268168054,0.271444728,0.274452196,0.277325353,0.279653021,0.282482921,0.285504725,0.2887519,0.291634199,0.294784617,0.298219225,0.301481633,0.30504757,0.308441697,0.311688266,0.314814194,0.318335574,0.321645439,0.324561253,0.327361371,0.330256181,0.332793165,0.33528416,0.338060084,0.340851177,0.343154385,0.345863043,0.348812222,0.351358445,0.35394916,0.356002566,0.357939028,0.359982459,0.361938165,0.364614096,0.366785118,0.369615713,0.373278923,0.376414653,0.379538589,0.382221775,0.384635225,0.387108275,0.389452093,0.391766014,0.393351511,0.395456092,0.396894771,0.39824495,0.399815214,0.40159513,0.402729584,0.403859535,0.405016843,0.405688484,0.406565938,0.407241369,0.408536119,0.409859154,0.411396937,0.412699745,0.414114333,0.415885156,0.417784588,0.419799901,0.421857287,0.424418982,0.426194925,0.428430422,0.430812241,0.432789738,0.435143759,0.437918036,0.439815694,0.442300908,0.444398294,0.446441689,0.448615299,0.450325512,0.45167823,0.45359968,0.457032352,0.458115447,0.457854146,0.460642158,0.462260255,0.464463695,0.466026238,0.467573351,0.468974448,0.470409373,0.472152044,0.473520585,0.475124268,0.476539525,0.4772301,0.479523418,0.479992575,0.481670968,0.483358985,0.484627029,0.485909877,0.48772022,0.488376032,0.49001523,0.491147266,0.491885365,0.492532995,0.492713809,0.494429828,0.494674595,0.496303534,0.496246525,0.497948415,0.498383475,0.499377716,0.500324243,0.500028959,0.500817152,0.501847732,0.502065968,0.502640504,0.503424074,0.502758769,0.503824837,0.503856795,0.504114461,0.505161919,0.504706192,0.504159771,0.505263793,0.504166197,0.504892599,0.505094681,0.504268965,0.505697803,0.505123876,0.504930877,0.504593512,0.504163441,0.504652958,0.504121701,0.503021215,0.502387026,0.503258038,0.501489953,0.502649992,0.501211031,0.500642241,0.500111147,0.498911436,0.500115089,0.498903562,0.495713357,0.496887744,0.497405225,0.495263106,0.495012111,0.493855245,0.493828602,0.491355591,0.490983113,0.490674953,0.488671628,0.487649913,0.484991169,0.484217284,0.484571312,0.484566123,0.483030977,0.481241252,0.479738076,0.480061477,0.478715704,0.479667295,0.480966013,0.476090663,0.472888712,0.471032453,0.469577888,0.471782792,0.474300234,0.371387868
M59,0.095354523,0.290212261,0.286226756,0.283136658,0.282534899,0.280608759,0.278013674,0.27758301,0.277275272,0.276698235,0.278881287,0.283644637,0.290750609,0.297285024,0.304926557,0.310809957,0.315971981,0.320666217,0.324379064,0.327849108,0.332053666,0.334799618,0.338328672,0.341380991,0.344213704,0.346761567,0.348664394,0.351083375,0.353808549,0.356862464,0.359646692,0.362769752,0.366205678,0.369442678,0.373160656,0.376712942,0.379996942,0.383193679,0.386786752,0.390077806,0.392814954,0.395433089,0.398135653,0.400464351,0.402694866,0.405296599,0.407807133,0.409816216,0.412312938,0.41499255,0.417288509,0.419580023,0.421273924,0.422788949,0.424411528,0.425948863,0.428367499,0.430237701,0.432865645,0.436290011,0.439064105,0.441809935,0.444002587,0.445828509,0.447668516,0.449429696,0.451091555,0.452024993,0.453539765,0.454371459,0.455059241,0.455988689,0.457132433,0.457518411,0.457933346,0.458441037,0.45842782,0.458629167,0.458673583,0.459445471,0.460245418,0.461287498,0.462089675,0.462911805,0.464225664,0.465593501,0.467058041,0.468540226,0.47071657,0.472049276,0.473851477,0.475987544,0.477889015,0.480219857,0.482480034,0.484105147,0.48632021,0.48822897,0.490055061,0.491988838,0.493429777,0.494734495,0.496980014,0.500059609,0.500773266,0.500213384,0.502729475,0.503977692,0.505919404,0.507143342,0.508497847,0.509507533,0.510768089,0.512238284,0.51336803,0.514728109,0.515948091,0.516371151,0.51844793,0.518706397,0.520204866,0.521695145,0.522790259,0.523832237,0.525493513,0.525864202,0.527365761,0.528297282,0.528924931,0.529378622,0.529471201,0.531099755,0.531244525,0.532680439,0.532428595,0.533876388,0.5340493,0.534904653,0.535659232,0.534901289,0.535509871,0.536360592,0.536394025,0.536707352,0.537291985,0.536209713,0.536973979,0.536537206,0.536385312,0.537123177,0.536289538,0.535402059,0.536454125,0.535002736,0.535629083,0.535473572,0.534486074,0.535666791,0.535007961,0.534524051,0.5340876,0.533477788,0.534046903,0.533324344,0.532127915,0.53132243,0.532154538,0.530368613,0.531537538,0.530111239,0.529611325,0.529087233,0.527970996,0.52919643,0.527888697,0.524769004,0.525883152,0.526595661,0.524451453,0.52436208,0.523319917,0.523859763,0.521646104,0.521174858,0.520987407,0.519048441,0.518525704,0.51606761,0.515557982,0.51645216,0.517305032,0.516436922,0.515057484,0.513983675,0.515362181,0.514787664,0.5169783,0.519670106,0.515931897,0.513914837,0.513709467,0.513516247,0.517880229,0.522543769,0.437685553
M60,0.090321559,0.256345438,0.256506379,0.255921168,0.256948666,0.256409081,0.255505058,0.25623979,0.257088395,0.257446872,0.260320591,0.265382269,0.272405371,0.278646016,0.285811353,0.291383719,0.296254166,0.30077825,0.304304418,0.307661792,0.311796173,0.314729231,0.318391738,0.321586872,0.324596636,0.327488896,0.329712577,0.332458006,0.335488939,0.338722842,0.341535839,0.344640987,0.348055091,0.351202995,0.354800478,0.358152324,0.361233288,0.364176155,0.367347745,0.370323547,0.372707338,0.374998023,0.377248593,0.379147955,0.380967679,0.383064176,0.385157011,0.386747821,0.388811242,0.391023785,0.392898062,0.394738844,0.396057763,0.397335909,0.398737979,0.400066497,0.402198039,0.403835404,0.40633802,0.409482267,0.412084037,0.414696309,0.416850819,0.418696399,0.420583911,0.422415801,0.424108527,0.425130248,0.426645659,0.427581878,0.42832041,0.429326392,0.430557517,0.431019564,0.431517241,0.432115385,0.432252683,0.432552683,0.432704077,0.433539494,0.43436085,0.435432307,0.436284637,0.437254445,0.438600788,0.440069106,0.441677102,0.443208144,0.445306781,0.44658544,0.448301332,0.450277508,0.451721483,0.453638945,0.455913527,0.457369484,0.459356759,0.461048747,0.462609571,0.464379709,0.465652093,0.466602971,0.468196971,0.471034359,0.471610437,0.471439351,0.473646632,0.474825913,0.476694766,0.477799082,0.479002591,0.47984833,0.480960835,0.48217708,0.483144839,0.484240592,0.485256686,0.4855783,0.4873505,0.487503312,0.488816181,0.490047661,0.491033817,0.491860048,0.493369961,0.493621438,0.494995271,0.495786867,0.496348369,0.4966816,0.496676377,0.498131296,0.49817784,0.499436783,0.499385884,0.500688641,0.500978214,0.501734103,0.502636626,0.502030092,0.502669901,0.503564084,0.503699406,0.504087207,0.504669354,0.503780745,0.50454487,0.504285289,0.504222408,0.505201468,0.504634269,0.503956593,0.504934765,0.503690452,0.504464189,0.504378569,0.503545808,0.504754512,0.504194812,0.503909532,0.503407973,0.502912525,0.503463497,0.502713134,0.501653103,0.500870115,0.501530362,0.499765525,0.500732379,0.49934762,0.498622492,0.497928811,0.496641126,0.497780012,0.496351838,0.493274634,0.49412739,0.494496105,0.492205411,0.491772748,0.490253011,0.490088563,0.487315948,0.486502651,0.485957618,0.483564358,0.482290206,0.479362749,0.478074471,0.478167336,0.478153997,0.476367673,0.474408381,0.472895855,0.473260328,0.472282177,0.473216773,0.474890485,0.470219229,0.467471396,0.466148409,0.465068123,0.467971754,0.471098522,0.388104488
M61,0.085045751,0.310047227,0.304392744,0.300550762,0.299725534,0.297543049,0.294809029,0.294380258,0.294049648,0.293310724,0.295612253,0.300603476,0.307836746,0.314351481,0.321856678,0.327710866,0.332879232,0.337761381,0.341600153,0.345266938,0.349761142,0.352755549,0.35659086,0.359945139,0.363029857,0.365876268,0.36802727,0.370755804,0.373788566,0.377259674,0.380405821,0.383975885,0.38792699,0.391685236,0.395987787,0.400060403,0.403854258,0.407582252,0.411653988,0.415464771,0.418614478,0.421700122,0.424863237,0.427644016,0.430357028,0.433454079,0.436475733,0.438979151,0.441984278,0.445211469,0.448012412,0.450800515,0.453001137,0.454979805,0.457124264,0.459213466,0.462144372,0.464431398,0.467545545,0.471256926,0.474332242,0.477391019,0.479894483,0.482054159,0.484292792,0.486383459,0.488409468,0.489636239,0.491465302,0.492587851,0.493500628,0.494727594,0.496172917,0.496813473,0.497451914,0.498182906,0.49838437,0.498810759,0.499053679,0.500132573,0.501244669,0.50259874,0.503711844,0.504873749,0.506519858,0.508228739,0.510082863,0.511908417,0.514448887,0.516038161,0.518174738,0.520621802,0.522814688,0.525497525,0.528133704,0.530082253,0.532579136,0.534796503,0.536930502,0.539263699,0.540978683,0.542611638,0.545155534,0.548709222,0.54993024,0.549266002,0.552302092,0.553846259,0.556187757,0.557726415,0.55942858,0.560680599,0.562346701,0.564131357,0.565459449,0.567159282,0.568656228,0.569333061,0.571816014,0.572357525,0.574154707,0.576000918,0.577394839,0.578779488,0.580749931,0.581408129,0.583240909,0.584488981,0.585295624,0.585967242,0.586268118,0.588196268,0.588502111,0.590234081,0.590168558,0.591872382,0.59232583,0.593310676,0.594354138,0.593623696,0.594450124,0.595536042,0.59566646,0.596179863,0.596914621,0.595834587,0.596631458,0.596267639,0.596110968,0.59701659,0.596039017,0.595149842,0.596236731,0.594687224,0.595335576,0.59517616,0.594081332,0.595356733,0.594616926,0.594169711,0.593549754,0.592799281,0.593573922,0.592654683,0.59132643,0.590414008,0.591277835,0.589292744,0.590567008,0.589190919,0.588501872,0.588015119,0.586644588,0.588113329,0.586503967,0.583101588,0.584280078,0.585053972,0.582682849,0.582346933,0.581064715,0.581488585,0.578637422,0.577934307,0.577442638,0.575045298,0.574014438,0.57058614,0.56953503,0.570203037,0.570691732,0.569443676,0.568044323,0.567033844,0.568282221,0.567894216,0.56980564,0.573126016,0.568870863,0.566584388,0.566577334,0.566714164,0.571472204,0.576617995,0.479599686
M62,0.080984783,0.245132982,0.244323511,0.243270517,0.243970554,0.243142071,0.24195413,0.242512759,0.242963951,0.243021206,0.245445926,0.249812902,0.255831675,0.261067334,0.267229127,0.272142362,0.276611413,0.280942123,0.284586846,0.288054097,0.292390272,0.29555684,0.299507892,0.302999067,0.306298087,0.309379286,0.311868816,0.314854695,0.318120328,0.321601625,0.324772782,0.328217236,0.331982742,0.33552525,0.339471931,0.343110907,0.346482854,0.349629931,0.353116416,0.356274586,0.358873524,0.361293243,0.363749447,0.365789087,0.367706134,0.369915816,0.372032912,0.373662448,0.37568906,0.37790441,0.379780216,0.381722956,0.383147477,0.384517016,0.386108065,0.387652702,0.389878235,0.391492288,0.393740037,0.396733926,0.399239507,0.401776627,0.403893113,0.405776376,0.407721541,0.409586345,0.411404074,0.412480581,0.414086765,0.415066635,0.415954666,0.417087339,0.41841748,0.419013294,0.419635299,0.420300449,0.420488447,0.420899837,0.421086975,0.422041975,0.422977083,0.424159029,0.425100901,0.426122641,0.427549733,0.429053873,0.430690416,0.432283698,0.434485635,0.43576814,0.437537382,0.439487271,0.441018265,0.442978372,0.445251836,0.446638148,0.448595151,0.45026163,0.451774282,0.453517716,0.454667551,0.455565484,0.457118586,0.460085118,0.460846202,0.459842429,0.462338047,0.463408952,0.465171893,0.466180711,0.467298294,0.468054834,0.469100528,0.470211885,0.47106963,0.472044016,0.473021194,0.473142133,0.474961035,0.474999951,0.476275945,0.477491435,0.478485696,0.479276711,0.480763849,0.48108314,0.48237675,0.483150243,0.48364537,0.48396423,0.484013256,0.485366346,0.485486444,0.486839112,0.486752944,0.488091391,0.488477974,0.489279538,0.490212755,0.48961588,0.490361185,0.491226113,0.491457433,0.491790557,0.492383765,0.491488387,0.492340658,0.492100046,0.492140245,0.49304984,0.49243823,0.491787733,0.492795797,0.491579595,0.49226183,0.492271761,0.491327225,0.492560529,0.492040426,0.491629729,0.491228859,0.490576098,0.491125713,0.490322509,0.489280576,0.488401079,0.489147528,0.487303308,0.488289641,0.486948588,0.486235188,0.48567274,0.484422779,0.485487769,0.484139902,0.481116383,0.481914403,0.482266828,0.48001229,0.479413904,0.477980005,0.477759794,0.474943057,0.473961675,0.473034512,0.470580655,0.46896013,0.465642412,0.464036243,0.463669691,0.463427235,0.46194721,0.460051267,0.458735723,0.459271093,0.458150287,0.459607316,0.461275173,0.457116708,0.454585654,0.453998029,0.453109038,0.45650327,0.459960605,0.379252908
M63,0.080942031,0.304571775,0.301072383,0.300334377,0.298628849,0.300475752,0.300650659,0.302490933,0.304001012,0.306185536,0.309845329,0.312614173,0.31827806,0.324076538,0.328052484,0.333104158,0.337530637,0.340993138,0.345875817,0.348494546,0.352018232,0.355522995,0.359122699,0.361441729,0.36450411,0.366988551,0.36983915,0.371992074,0.375044699,0.377918192,0.38065887,0.384681065,0.38800306,0.391583975,0.395414289,0.399374775,0.402794801,0.406343308,0.410298591,0.413898774,0.417262145,0.420374255,0.423632778,0.426832642,0.430033552,0.432905653,0.436248586,0.439022593,0.441879256,0.444789256,0.447376353,0.450167122,0.45297497,0.455242243,0.457369041,0.459692208,0.462258705,0.464914549,0.466583621,0.469592593,0.472382455,0.474610266,0.476996598,0.479507268,0.481605127,0.483755858,0.485140789,0.48688179,0.488754992,0.490020396,0.491745447,0.493299336,0.494468197,0.495607655,0.497032317,0.498323175,0.499425682,0.500514914,0.501809456,0.502919907,0.504465813,0.505745385,0.506907937,0.508357523,0.509986504,0.511396301,0.512858058,0.514290919,0.516030209,0.517681425,0.519511322,0.521308704,0.523057608,0.525335985,0.527366664,0.528804305,0.53091631,0.532387208,0.534516307,0.536407017,0.53843558,0.539916033,0.542346192,0.544328942,0.545548997,0.546283964,0.548517397,0.550088158,0.551860354,0.553839148,0.554861861,0.557335175,0.558065521,0.559504337,0.560672607,0.562404428,0.564158661,0.564793672,0.565707877,0.56764139,0.569474562,0.570687694,0.57183902,0.572742127,0.574244031,0.575309214,0.575490933,0.576554353,0.578217174,0.579387312,0.579088013,0.579995678,0.581339557,0.582397039,0.581836646,0.583472662,0.582370034,0.583863651,0.583349678,0.584546154,0.585496347,0.585438431,0.584333896,0.585203248,0.585344371,0.585062816,0.585893964,0.586368851,0.586716679,0.585195993,0.585566172,0.584421397,0.586598312,0.585256763,0.584951841,0.587339024,0.586227303,0.586665242,0.586018717,0.58636761,0.586641008,0.586111573,0.585601125,0.587538489,0.586431539,0.583771807,0.58566556,0.586896486,0.584026761,0.585837522,0.586320312,0.583627523,0.582486377,0.582363669,0.584803761,0.584148184,0.582653736,0.583282435,0.583869648,0.583498755,0.581031708,0.581265464,0.576929317,0.580074478,0.574035224,0.575850722,0.57305279,0.574185003,0.571391181,0.569984329,0.568598771,0.570471048,0.56482947,0.567109843,0.563790439,0.567428278,0.564289404,0.571676334,0.569134053,0.568877435,0.571185466,0.573197959,0.567016397,0.574459982,0.471207399
M64,0.101536862,0.230251514,0.231177047,0.232551666,0.232826426,0.235776558,0.237560508,0.240476037,0.243050536,0.246032478,0.249883459,0.252528504,0.257137529,0.261763395,0.264814176,0.268888287,0.272445886,0.275360385,0.279391526,0.281761988,0.28495795,0.288153518,0.291631172,0.294012629,0.297072287,0.299647273,0.302764678,0.305045825,0.308106064,0.310759723,0.313264586,0.316535868,0.319288809,0.32217279,0.325284253,0.328529405,0.331231906,0.334104985,0.337134956,0.339941899,0.342483835,0.344901556,0.347339812,0.349719943,0.352092605,0.35418635,0.356754514,0.358736345,0.360926342,0.363063688,0.364973839,0.366934825,0.369045307,0.37074507,0.372381574,0.374089282,0.376054258,0.378105094,0.379668251,0.382062613,0.384236409,0.386109144,0.388160895,0.390355948,0.392186847,0.394157982,0.395468059,0.397123705,0.398835057,0.400138606,0.401731867,0.403157745,0.404338123,0.405452983,0.406803259,0.408082873,0.409192994,0.410333576,0.411650131,0.412702714,0.414187933,0.415384659,0.41655513,0.418044254,0.419551739,0.420944717,0.422331161,0.42368958,0.425097573,0.426561395,0.427965775,0.42946045,0.430607398,0.43220015,0.433840519,0.43493317,0.436552928,0.437667964,0.439171309,0.440505489,0.442062254,0.44284244,0.444343305,0.445419318,0.445981735,0.44787265,0.449019047,0.450205798,0.451546805,0.453048541,0.453781187,0.455522499,0.455962934,0.456983948,0.457825351,0.459146735,0.460393556,0.460899261,0.461514822,0.462994433,0.464412616,0.4652395,0.466094854,0.466746843,0.467871353,0.468620635,0.468843222,0.469580402,0.47107237,0.471839832,0.471631214,0.472345762,0.473601074,0.474447475,0.474278644,0.475630513,0.474978831,0.476281518,0.475998858,0.477178431,0.47808623,0.478213451,0.477579456,0.478579502,0.478911655,0.478982527,0.479953504,0.480677539,0.481244372,0.480405204,0.481227191,0.480556542,0.482604883,0.481782687,0.481843149,0.483962046,0.483437172,0.483900871,0.48354296,0.48415664,0.484498783,0.484183221,0.484010067,0.485765826,0.484917287,0.482771836,0.48442981,0.485517968,0.482997113,0.484602719,0.484825361,0.482411472,0.481393407,0.48135019,0.483141228,0.482550428,0.481306601,0.481616901,0.481945758,0.481605424,0.479212625,0.478858898,0.474734261,0.476953165,0.471840334,0.47283052,0.46998016,0.470279331,0.467307374,0.465621011,0.463885422,0.464648262,0.459393454,0.460613256,0.457132896,0.45920354,0.455703953,0.460843063,0.457698045,0.456447577,0.457367673,0.458117905,0.452076331,0.456916748,0.364758889
M65,0.091114749,0.25151344,0.24621874,0.245860235,0.248076782,0.248586376,0.249566337,0.250667964,0.253639864,0.256258592,0.260697073,0.265800685,0.270501583,0.276708377,0.283097366,0.287457313,0.292502409,0.296004337,0.300244625,0.303452383,0.307177063,0.310221421,0.313944509,0.315898166,0.319656591,0.321794916,0.325305921,0.327742809,0.330461729,0.333196942,0.336130302,0.33940157,0.3422568,0.345438609,0.348675741,0.352553915,0.355651995,0.359240131,0.362334088,0.36546839,0.368521882,0.370726074,0.373930664,0.376395486,0.379138538,0.38120612,0.383463188,0.386193396,0.38839373,0.391364792,0.393679301,0.395873136,0.398532829,0.400159792,0.402196154,0.404258248,0.406542478,0.409066249,0.412000935,0.414978322,0.417822758,0.42088385,0.42319786,0.426003309,0.428567655,0.430824869,0.43305675,0.434831489,0.436929312,0.438433588,0.440068289,0.441380663,0.442527663,0.443769136,0.444776501,0.445654713,0.446691686,0.447602919,0.448649335,0.450211292,0.45163005,0.453072755,0.454552892,0.456661266,0.458181246,0.459986919,0.461843679,0.463982995,0.466196967,0.467835318,0.470033362,0.472236145,0.474511878,0.475988107,0.478290017,0.480792417,0.482691295,0.484786628,0.486907175,0.488417494,0.490143989,0.491958816,0.49286611,0.495370069,0.495690688,0.49973508,0.500059426,0.500970897,0.503160485,0.504329208,0.505715303,0.507355576,0.508495095,0.509999314,0.511070487,0.512150328,0.51313047,0.514960181,0.515965617,0.516719281,0.517895563,0.518553049,0.520677425,0.520918974,0.521553095,0.521969414,0.523477205,0.524748055,0.525822091,0.526058392,0.526318837,0.527527341,0.528096822,0.528721151,0.528946128,0.529793721,0.5310383,0.530702402,0.531292517,0.532288071,0.532871662,0.533052978,0.533596671,0.533237186,0.533835048,0.534167688,0.533704357,0.535019036,0.535282571,0.534343109,0.535416641,0.534990148,0.535795324,0.535393426,0.535961393,0.536791504,0.536864657,0.536039736,0.536363968,0.537606409,0.53650625,0.537059469,0.537502766,0.538010566,0.538118397,0.536858638,0.536938598,0.536691262,0.53761736,0.537728007,0.539099894,0.535014181,0.538200109,0.536391284,0.536727044,0.537796002,0.538372543,0.537510017,0.536533965,0.534661291,0.534999133,0.533700154,0.532441442,0.53366883,0.531572247,0.531382457,0.532387624,0.531684105,0.527528388,0.530461839,0.526591649,0.525384912,0.523654709,0.52248938,0.523541807,0.522771772,0.52423322,0.518169737,0.520297543,0.515499284,0.523139547,0.520124657,0.5103739,0.510972177,0.415622256
M66,0.095066071,0.203531997,0.202210609,0.203564813,0.206427204,0.207658026,0.209365763,0.211055931,0.214348331,0.217343084,0.221582536,0.22638738,0.230560802,0.236085847,0.241549849,0.245226348,0.249585087,0.252627819,0.25628953,0.259169193,0.262630306,0.265671262,0.269353647,0.271536962,0.275242584,0.277645165,0.281363323,0.283927871,0.286775325,0.289526067,0.292332263,0.295327132,0.297967785,0.300798524,0.303618955,0.307005798,0.309596208,0.312577876,0.315075277,0.317546008,0.319860249,0.321457313,0.323848196,0.325464393,0.327362633,0.328664097,0.330047119,0.331884376,0.33330874,0.335306287,0.336800729,0.338140966,0.339812058,0.340618982,0.341827257,0.343110137,0.34455198,0.346241192,0.348506017,0.350714673,0.352949483,0.355265366,0.357013081,0.359265587,0.361198451,0.362979959,0.364746194,0.366149038,0.367699824,0.368841291,0.370078787,0.371023946,0.371838673,0.372682442,0.373394133,0.374007481,0.374730427,0.375358247,0.376109752,0.377263681,0.37834522,0.379344915,0.380502711,0.382146051,0.383345202,0.384783165,0.386221653,0.387865036,0.389507736,0.390685411,0.392169909,0.393775653,0.395168918,0.395927414,0.397581963,0.399249491,0.400425875,0.401765359,0.403091025,0.403938265,0.404945982,0.405826661,0.405880945,0.407471674,0.407260269,0.410570266,0.410407229,0.410797747,0.412232886,0.412748067,0.413446257,0.414265652,0.414695131,0.415428554,0.415925347,0.416358797,0.416725538,0.417816566,0.418251207,0.418571691,0.419119962,0.419264296,0.42061487,0.420465188,0.420778893,0.420756991,0.421650004,0.422396099,0.42306828,0.422886284,0.422951701,0.423630347,0.42409253,0.42430936,0.424543438,0.425077509,0.426072551,0.425676139,0.426193093,0.426934445,0.427329502,0.427480692,0.428005769,0.427709143,0.428231275,0.428555063,0.428337358,0.429370947,0.429718876,0.429133218,0.430228389,0.42989747,0.430609775,0.430395686,0.430878031,0.431667932,0.431943191,0.431292762,0.431640183,0.432633286,0.431862044,0.432266624,0.432663807,0.432999027,0.433043681,0.431996421,0.432018312,0.431652422,0.43228544,0.432215374,0.433143801,0.429727604,0.432228558,0.430664641,0.430671637,0.431378831,0.431680673,0.430755788,0.429864453,0.428084602,0.428128093,0.42668771,0.42531546,0.425702612,0.42395878,0.423509928,0.423718156,0.422817938,0.419040864,0.420724258,0.417373404,0.415767925,0.414116548,0.41282345,0.412935071,0.411834736,0.412423642,0.406869903,0.407990901,0.403617134,0.408577023,0.405885292,0.397826082,0.397592926,0.323136157
M67,0.119388379,0.244181961,0.239111214,0.235609797,0.234715893,0.232801053,0.230639976,0.230441926,0.230371463,0.230299872,0.232622876,0.237053957,0.2434889,0.249374748,0.256334656,0.262012246,0.266998623,0.271624642,0.27546258,0.278987348,0.283127791,0.285866362,0.289348587,0.292385419,0.295183775,0.297747675,0.299715151,0.302210799,0.304933863,0.307985938,0.310756727,0.313952116,0.317358181,0.320643593,0.324314109,0.327748643,0.331153419,0.334484917,0.338238132,0.341853579,0.345056707,0.348120981,0.351289143,0.354151957,0.356979659,0.36001442,0.36307989,0.365646528,0.368553607,0.371710793,0.374529881,0.37745864,0.379850211,0.382088921,0.384442053,0.386678809,0.38958151,0.39189882,0.394749624,0.398342915,0.401431602,0.404520926,0.407100021,0.409433587,0.411831678,0.414067619,0.416252144,0.417725808,0.419818576,0.421142415,0.422386142,0.423830946,0.425470739,0.426389262,0.427325465,0.428291118,0.428747881,0.429455931,0.429952869,0.431190414,0.432475694,0.433964828,0.435173136,0.436476512,0.438206491,0.440023458,0.441936215,0.44386137,0.446496943,0.448199931,0.450508804,0.452958956,0.455306972,0.457923623,0.460566248,0.462580582,0.465122946,0.467331709,0.469483527,0.471721349,0.473540801,0.475134297,0.477609711,0.481109172,0.482173754,0.481634664,0.484522026,0.486083256,0.488361238,0.489888471,0.491569308,0.493008755,0.494703225,0.496561162,0.498115349,0.499776722,0.501473184,0.502295881,0.504850816,0.505451792,0.507368951,0.509140128,0.510794938,0.512094359,0.514144212,0.514926544,0.516716539,0.517960559,0.518919753,0.519669933,0.520060065,0.521872411,0.522298342,0.523935495,0.523918049,0.525651825,0.526106077,0.527017923,0.528039827,0.527609675,0.528405508,0.529460074,0.52972655,0.530174559,0.530972182,0.530164256,0.53123121,0.531244806,0.53146955,0.532417574,0.531794435,0.531131267,0.532264402,0.531014605,0.531885911,0.531996299,0.531045006,0.532514707,0.531908536,0.531711181,0.531371969,0.530895266,0.531611907,0.531008856,0.529978857,0.529351157,0.530382244,0.528737331,0.530219,0.528900224,0.528559727,0.528161169,0.527275888,0.52868495,0.527622318,0.524645254,0.526098729,0.527029435,0.525081892,0.525341796,0.524749997,0.525703191,0.523854406,0.523793547,0.524124142,0.522656256,0.52247344,0.520423199,0.520479346,0.521797616,0.522833046,0.521772402,0.520646225,0.520080328,0.521127724,0.520989272,0.523049092,0.525679573,0.521607973,0.519335142,0.519135378,0.518721938,0.52245503,0.527071739,0.518015183
M68,0.110445904,0.188581704,0.188023683,0.187518046,0.188537044,0.188494504,0.188179252,0.189168971,0.190285433,0.191251962,0.19389533,0.198006598,0.203395018,0.208189585,0.213861609,0.21852671,0.222919818,0.227055866,0.230694541,0.234130878,0.238274205,0.241356324,0.245016781,0.248313861,0.251480768,0.254468007,0.257072113,0.260017708,0.263252208,0.26658433,0.269652447,0.27291937,0.276517725,0.279834332,0.283541017,0.287053331,0.290424927,0.293699155,0.297398105,0.3009533,0.30410776,0.307131671,0.310220612,0.313002292,0.3157285,0.318699535,0.321705681,0.324238957,0.327092367,0.330162963,0.33289854,0.335671369,0.337991894,0.34026914,0.342686713,0.345080766,0.348057169,0.350448385,0.353393543,0.357014431,0.36018562,0.363466845,0.366332425,0.368961104,0.371693327,0.374292814,0.376873361,0.378707665,0.381088884,0.382818765,0.384419613,0.386217846,0.388233629,0.389538205,0.390897067,0.392265212,0.393151865,0.3942236,0.395060786,0.396568066,0.398101158,0.399788534,0.401289038,0.402896206,0.40486604,0.406978281,0.409161493,0.411365852,0.414089843,0.415979632,0.418329384,0.42082929,0.422965205,0.425414668,0.428242539,0.430227555,0.4327771,0.434904105,0.437055938,0.439267333,0.441059618,0.442432098,0.444400651,0.447795444,0.448944814,0.448631538,0.451440032,0.452988815,0.45520826,0.456663674,0.458274036,0.459599432,0.461060168,0.462733697,0.464120252,0.465551189,0.467073867,0.467674929,0.469924381,0.470284743,0.472028528,0.473579852,0.474997573,0.476192553,0.478077062,0.478737164,0.480352801,0.481406708,0.482274545,0.482867028,0.483158817,0.484797355,0.48520328,0.486687637,0.486811953,0.488376526,0.488857259,0.489832146,0.490922887,0.490494962,0.491385865,0.49247337,0.492854236,0.493347757,0.494217916,0.493570109,0.49469459,0.494804393,0.495082914,0.496108529,0.495729031,0.495149704,0.496325669,0.495235242,0.49612954,0.496273366,0.495523653,0.496901151,0.49644139,0.496271602,0.495962807,0.495547831,0.496227562,0.495699649,0.494711289,0.494043294,0.494953757,0.493335714,0.494483689,0.493094569,0.492580526,0.492091085,0.490973613,0.492272614,0.491205348,0.488205442,0.489301409,0.48977941,0.487744087,0.487539032,0.486507682,0.486694392,0.484354857,0.483928749,0.48353333,0.481625442,0.48069392,0.478147258,0.477291783,0.477726322,0.478004837,0.476453067,0.474599251,0.473337211,0.474092107,0.472949935,0.473921409,0.475385056,0.470758731,0.467738304,0.466375787,0.46504061,0.467481275,0.470391183,0.459198116
M69,0.109687683,0.220579533,0.215262646,0.211740124,0.210510316,0.208510195,0.206027865,0.205426901,0.204705715,0.204032337,0.205324825,0.208438758,0.213134242,0.217355871,0.222517122,0.226553901,0.230181969,0.233609688,0.236535898,0.239237387,0.242552744,0.244800302,0.2476375,0.250116095,0.252341656,0.254530758,0.256023365,0.258182596,0.260494117,0.263263194,0.265717407,0.268642295,0.271714665,0.274687153,0.278028201,0.281159654,0.284256285,0.287276085,0.290686667,0.293988071,0.296980558,0.299916288,0.303028428,0.305891068,0.30879773,0.311958247,0.315081296,0.317912203,0.320930207,0.324249006,0.327152712,0.33023981,0.332716311,0.335070435,0.337408695,0.339845393,0.342828447,0.345310578,0.348009414,0.351644081,0.354833331,0.357997627,0.36068472,0.363039651,0.365562478,0.367814617,0.370175917,0.371793608,0.374040533,0.375583878,0.377062723,0.378814789,0.380724646,0.382023043,0.383360922,0.384692634,0.38556988,0.386671149,0.387542281,0.389130728,0.390687919,0.392430444,0.393924444,0.395324247,0.397201495,0.399108925,0.401149351,0.40312095,0.405883071,0.40770694,0.410192351,0.412676802,0.415073412,0.417967896,0.420706959,0.422734052,0.425393283,0.427689327,0.430014309,0.432448732,0.434320841,0.436139991,0.438614855,0.442382888,0.444259335,0.442420972,0.446187095,0.447889589,0.450221836,0.451925205,0.453681583,0.455249355,0.457126386,0.459069413,0.460793665,0.462582123,0.464461513,0.465319714,0.467902882,0.468737528,0.470776977,0.472724789,0.47437887,0.475941567,0.478085606,0.479093904,0.480814314,0.482275173,0.48314878,0.48414972,0.484542666,0.486510578,0.487008391,0.488904205,0.48889068,0.490723729,0.491250699,0.492371883,0.493559031,0.493404998,0.4943782,0.495391384,0.495956593,0.496465253,0.497432208,0.49673676,0.498033627,0.498212995,0.498620863,0.499742286,0.499110597,0.49868968,0.49973898,0.49876621,0.499505943,0.499836858,0.499052835,0.500619756,0.500158559,0.500030583,0.499806411,0.499327206,0.500040564,0.499515811,0.49866398,0.498095647,0.499319748,0.497615756,0.499122834,0.498091357,0.497751112,0.49764227,0.496797068,0.498232892,0.497402727,0.494586331,0.495992395,0.496978186,0.495190567,0.49543051,0.494862202,0.495695437,0.493939184,0.493937644,0.494028834,0.492819516,0.492450231,0.490156292,0.489992395,0.490865353,0.491968718,0.49118519,0.490139584,0.489531208,0.490983404,0.490815685,0.493195768,0.49577838,0.492099598,0.490182574,0.489865113,0.489966739,0.493553851,0.498116572,0.397432697
M70,0.090557661,0.215497432,0.215647701,0.215647643,0.216857413,0.216846075,0.216383225,0.21731256,0.218223378,0.218864825,0.221592677,0.226159558,0.232232613,0.237686712,0.243950841,0.249002372,0.253607744,0.257945073,0.26162801,0.265130625,0.269401647,0.272520952,0.276330746,0.279730977,0.282893536,0.285883034,0.288288927,0.291226548,0.294302439,0.297651457,0.300630505,0.303925468,0.307532154,0.310928388,0.314685623,0.318228051,0.321501969,0.324628235,0.328100619,0.331320516,0.334084051,0.336665834,0.339303477,0.341609426,0.343849776,0.346364182,0.34887642,0.350953277,0.353438256,0.356114578,0.358379413,0.360707058,0.362507609,0.364207086,0.366040069,0.367877901,0.370365152,0.372373185,0.374995806,0.37828477,0.38105575,0.38388818,0.386254542,0.388359802,0.390572407,0.392685983,0.394711105,0.396048174,0.397896926,0.399080893,0.40019123,0.401539266,0.403149491,0.404051431,0.405009807,0.405985339,0.406529352,0.407261285,0.407796064,0.409037172,0.410256774,0.411712487,0.412927194,0.414211429,0.415897048,0.417644188,0.419524314,0.421347731,0.423761929,0.425288886,0.427298737,0.429500957,0.431285188,0.433455112,0.436003936,0.437671236,0.43998471,0.441950375,0.443814189,0.445922788,0.447487888,0.448749558,0.450578148,0.453844231,0.454879531,0.454512591,0.457165687,0.458667336,0.460741619,0.462174772,0.463614997,0.464805599,0.466160962,0.467723939,0.468924526,0.470295211,0.471571451,0.472117885,0.474224268,0.474627941,0.476152255,0.477754325,0.478957887,0.480144344,0.481896301,0.48248723,0.484024734,0.485114354,0.485823502,0.486407702,0.486629501,0.48823145,0.488525465,0.490126969,0.490118661,0.491670454,0.49212014,0.493091454,0.49413721,0.493745578,0.49450807,0.495517218,0.495815305,0.49633236,0.497029613,0.496304961,0.497302631,0.497190853,0.49727434,0.498196883,0.497568342,0.497063311,0.498007161,0.496850461,0.497557331,0.497672415,0.496817248,0.498090077,0.497509732,0.497235541,0.496851715,0.496335785,0.496890583,0.49617509,0.495144601,0.494385904,0.495107745,0.493391435,0.494431087,0.493011598,0.492378255,0.491769509,0.490571895,0.491673606,0.490418185,0.48710285,0.488139234,0.48842276,0.486149002,0.485587059,0.484175147,0.483867933,0.481009252,0.480005205,0.479238713,0.476796255,0.475077272,0.471764303,0.470230584,0.469988377,0.469811206,0.467915108,0.465939424,0.464426728,0.464938796,0.463904963,0.464927836,0.46640836,0.461998786,0.459288756,0.458149967,0.457101563,0.45980479,0.462893378,0.367860958
M71,0.084304675,0.275075711,0.27328575,0.270557904,0.273279297,0.271942339,0.27508221,0.276345425,0.278108646,0.282495878,0.285915654,0.290259325,0.296186171,0.302569037,0.308145763,0.313363061,0.318578098,0.321977526,0.326332664,0.329481604,0.33257411,0.336233131,0.339373693,0.342418673,0.345471212,0.348144679,0.350558421,0.353411861,0.356076544,0.358834721,0.361675424,0.364978587,0.367708654,0.371646829,0.374659582,0.377641548,0.380932991,0.383971435,0.387259497,0.390230673,0.39268222,0.395733439,0.398021452,0.400586769,0.402792871,0.404987709,0.407324822,0.409135363,0.411706818,0.413737775,0.416091326,0.41838605,0.420159087,0.422228114,0.423781267,0.425400851,0.427755756,0.429966707,0.432684771,0.435454445,0.437813282,0.440037516,0.442218853,0.444530417,0.446271136,0.44830134,0.450645998,0.45216852,0.453784198,0.455325203,0.457121276,0.45825585,0.459523293,0.460619347,0.462105987,0.463026914,0.46432413,0.465407857,0.466358471,0.46761522,0.468753239,0.46976294,0.471003353,0.472377613,0.473302398,0.47479702,0.475993645,0.47721891,0.478838789,0.480163313,0.481793104,0.482924836,0.484635904,0.485843969,0.487794402,0.489287283,0.49088045,0.492181879,0.493632529,0.494835494,0.496325478,0.497066325,0.498213622,0.500084141,0.500816247,0.502252322,0.503591752,0.504387924,0.505821588,0.506872678,0.507482938,0.509160267,0.510116735,0.511545332,0.511957585,0.51294782,0.514505054,0.515545171,0.515852574,0.516591235,0.516996527,0.519129053,0.519680211,0.51996639,0.521404698,0.52189497,0.522414588,0.52378854,0.523820696,0.52507426,0.525324639,0.525707416,0.526201859,0.526764628,0.526968966,0.527822952,0.529041195,0.528707077,0.529255875,0.530425313,0.529627227,0.529871048,0.530249804,0.531294446,0.530338161,0.530689031,0.5317397,0.533036083,0.531867387,0.532542116,0.531936233,0.533081796,0.53385543,0.533508073,0.533984547,0.533062242,0.53302347,0.53413757,0.534392929,0.533525313,0.534447766,0.535071161,0.53555071,0.533845269,0.53371028,0.534876282,0.535116735,0.534737463,0.535926027,0.535927016,0.534623038,0.533417748,0.5338022,0.534976108,0.535388575,0.536627694,0.537230009,0.53286603,0.532070873,0.534161765,0.534690106,0.533472963,0.532526337,0.533947507,0.53216883,0.53232045,0.533675993,0.533509443,0.529675196,0.533041262,0.529628197,0.528726398,0.527569846,0.526725771,0.528382217,0.528152398,0.522186821,0.524751627,0.527718679,0.523733247,0.521314557,0.518914014,0.519881935,0.521600004,0.424019492
M72,0.084387103,0.150846967,0.149114195,0.147199392,0.148886048,0.148582192,0.151068372,0.152526379,0.154366756,0.157587244,0.160078241,0.162787322,0.166068004,0.16949176,0.17269708,0.175959102,0.179444703,0.182215654,0.185577211,0.188479662,0.191466165,0.194921995,0.198191757,0.201386479,0.204785346,0.2078552,0.211012519,0.214259921,0.217408774,0.22043164,0.223570544,0.226757201,0.229727678,0.233329755,0.236463131,0.239505733,0.242806372,0.245921299,0.249250188,0.252408519,0.255225683,0.258536641,0.261298894,0.2642824,0.267005975,0.269732344,0.272581397,0.27508154,0.278158059,0.28078855,0.283719466,0.286495225,0.289077911,0.29189221,0.294446889,0.296953527,0.299956548,0.302861736,0.306374662,0.309629353,0.312719314,0.315863828,0.319086766,0.322524746,0.325560574,0.328904248,0.332443816,0.335474686,0.338337841,0.341342621,0.344380729,0.346956995,0.349607561,0.352150976,0.354983343,0.357418619,0.36005882,0.36251748,0.364896529,0.36740389,0.369809891,0.372191878,0.374716658,0.377467076,0.379733471,0.382511194,0.384961572,0.387428386,0.390035752,0.392468704,0.394900593,0.397113876,0.399447704,0.401435513,0.404172582,0.406440605,0.408704852,0.410865649,0.412925886,0.414874629,0.417011864,0.418200944,0.419594486,0.421804615,0.423189985,0.425919471,0.427415474,0.428698939,0.430633412,0.432126832,0.433378268,0.435132774,0.436519891,0.438206012,0.438999006,0.440311491,0.441940421,0.443317917,0.443916475,0.444946285,0.445589798,0.447772886,0.448492739,0.44905206,0.450682657,0.451340521,0.452194085,0.453658639,0.454172606,0.455429359,0.456107475,0.456665374,0.457601213,0.458366395,0.459087308,0.46016197,0.461761447,0.461847823,0.462728999,0.463961078,0.463743479,0.464363053,0.465229704,0.466624356,0.466278151,0.467097803,0.468360183,0.469797644,0.469101327,0.470127423,0.469996424,0.471404765,0.472486444,0.472522723,0.473336243,0.472735314,0.473061126,0.474225888,0.474952448,0.47427203,0.47546384,0.476141164,0.476775499,0.47544032,0.475612631,0.476724301,0.476878677,0.476701999,0.477593539,0.477751613,0.476475472,0.475312227,0.475440495,0.476620282,0.476877387,0.477784732,0.478317311,0.474193605,0.473291592,0.474743301,0.474888903,0.473361126,0.472016931,0.472614556,0.470796938,0.470244766,0.470733214,0.469898523,0.46591192,0.468169431,0.464575146,0.46310737,0.461732372,0.460486014,0.461148405,0.460298268,0.454290782,0.455712051,0.45748893,0.452651268,0.449789028,0.446801406,0.446795015,0.447336131,0.328979829
M73,0.093814384,0.270229391,0.260656423,0.25611321,0.25482528,0.254904382,0.254281758,0.256862509,0.258967123,0.259999842,0.262504518,0.266660869,0.271029352,0.275838132,0.279982957,0.285237263,0.288885028,0.292749267,0.296093251,0.299851857,0.303009773,0.306957709,0.310344089,0.313309417,0.316627827,0.319949299,0.323310421,0.326181504,0.329539669,0.332929558,0.336436391,0.339802907,0.343674737,0.348176011,0.351682044,0.356252511,0.360762917,0.36417412,0.368612752,0.372377798,0.376231585,0.379928213,0.383210679,0.38651768,0.390111293,0.393164494,0.396645589,0.399669884,0.403426363,0.40708246,0.410476969,0.413159477,0.416377465,0.419649513,0.42179433,0.424460216,0.427535963,0.43090924,0.434737442,0.438458341,0.441946571,0.444878087,0.447978761,0.450864942,0.454329755,0.456886209,0.460019653,0.462560373,0.465045466,0.467473472,0.469409736,0.47150033,0.472902817,0.474692574,0.476674969,0.477826352,0.479640256,0.481385088,0.482972034,0.484627501,0.486806501,0.488300704,0.490197625,0.492342284,0.494724289,0.496383243,0.498480097,0.500627668,0.502403832,0.504735621,0.506610062,0.509155327,0.511450593,0.51388293,0.516479612,0.51926733,0.52146821,0.523682716,0.52586893,0.528468875,0.530719434,0.532945793,0.535475403,0.537512118,0.539106981,0.543545599,0.544493304,0.546738164,0.548716284,0.550744523,0.552707232,0.555131613,0.556791709,0.558998374,0.561123345,0.56306469,0.564700029,0.566445565,0.568954663,0.569984728,0.572566401,0.573603797,0.575401598,0.57723627,0.57844016,0.579216456,0.581476665,0.583349257,0.585017212,0.585749624,0.586434451,0.588242335,0.589283258,0.591040762,0.591640805,0.592520008,0.593675573,0.594377504,0.594640035,0.594926251,0.596635076,0.597265533,0.598545612,0.598675469,0.599465457,0.600066886,0.599627156,0.600875052,0.601745896,0.601043515,0.600066925,0.601649322,0.60230958,0.60137078,0.601578159,0.601833097,0.60370183,0.601987777,0.601665457,0.605104764,0.603172479,0.605665636,0.603026771,0.605438933,0.604673095,0.605205385,0.604307534,0.606237229,0.606595601,0.605654649,0.606502791,0.603825673,0.606553136,0.603317385,0.6062875,0.6018658,0.605257409,0.602115463,0.603395771,0.603645972,0.601549332,0.602501591,0.598460941,0.596668003,0.597066936,0.593584832,0.597854094,0.593132257,0.590796395,0.590219276,0.589239944,0.583846074,0.586018392,0.589490658,0.585768191,0.58039814,0.587327928,0.584983775,0.582736123,0.582815649,0.5853753,0.57465143,0.582126182,0.574931057,0.464224669
M74,0.07058945,0.239349178,0.236665284,0.235846582,0.236245336,0.237773708,0.238107668,0.241457248,0.244214713,0.245763686,0.248767252,0.253080236,0.257550709,0.262150822,0.266051287,0.270845674,0.274002988,0.277322026,0.280165691,0.283412961,0.28615721,0.289710465,0.292735278,0.295374252,0.298296708,0.301251077,0.304217306,0.306833851,0.309781403,0.312706004,0.315570003,0.318264196,0.321406232,0.325058393,0.327753089,0.331388638,0.334886077,0.337320896,0.340750061,0.343536118,0.346383855,0.348998372,0.351164116,0.353300065,0.355698045,0.35753462,0.359813249,0.361595603,0.364030636,0.366415771,0.368532863,0.37006779,0.371998636,0.374040646,0.37509338,0.376668491,0.37867585,0.380946532,0.383717119,0.386507586,0.389087318,0.391235458,0.393581377,0.395747938,0.39844282,0.400399135,0.402891225,0.404811285,0.406735663,0.408592346,0.410080196,0.411642692,0.412682063,0.414050854,0.415614,0.416471897,0.417857527,0.419221929,0.420405274,0.421697215,0.423452972,0.424645301,0.426121949,0.427970149,0.429906028,0.431331457,0.433130856,0.434929158,0.436357917,0.438231694,0.439699693,0.441650879,0.443210179,0.444902434,0.447019807,0.449027587,0.450672771,0.452190525,0.453692008,0.455491781,0.457045232,0.458308743,0.459760704,0.461159436,0.461911049,0.465535236,0.46594554,0.46752161,0.46877022,0.470148031,0.471365426,0.472972238,0.473827503,0.475236683,0.476552187,0.477715874,0.478629752,0.479668249,0.481403051,0.481793645,0.483614974,0.484071674,0.485288761,0.486409315,0.487155849,0.48735569,0.489016143,0.490245503,0.491296925,0.491569712,0.491872631,0.493043767,0.493725656,0.494994309,0.495390544,0.49595793,0.496868756,0.497367138,0.497489525,0.497727746,0.499062,0.499522221,0.500561856,0.500582593,0.501193419,0.501682434,0.501314146,0.502425372,0.503291962,0.502827346,0.502130068,0.503593938,0.504275462,0.503558719,0.503672409,0.504021501,0.505649633,0.504254731,0.50406365,0.506833765,0.505249755,0.507423931,0.505149458,0.507119807,0.506387057,0.506835371,0.506096074,0.507470157,0.507660584,0.506747299,0.507296388,0.50482955,0.506981652,0.504138102,0.50637905,0.502578959,0.505168575,0.502271507,0.503219041,0.503168268,0.501195933,0.501559683,0.497789882,0.496005071,0.496027239,0.492783843,0.49557642,0.491608387,0.489183922,0.488083902,0.486743402,0.481633261,0.482768859,0.484887787,0.481452222,0.476422035,0.481597166,0.478762758,0.475793162,0.47522637,0.476663241,0.466930483,0.472303621,0.464843205,0.378899507
M75,0.084036557,0.251643779,0.247739425,0.248200184,0.247393343,0.248959245,0.249426878,0.249958469,0.252315182,0.255636932,0.259137559,0.262142781,0.2674056,0.272051585,0.277002598,0.281700486,0.284976527,0.288892077,0.292374753,0.295506017,0.298640599,0.30165653,0.304256448,0.307372446,0.310086375,0.312316617,0.314895608,0.317321376,0.32006898,0.32282455,0.325293088,0.328061593,0.331264275,0.334243171,0.337335715,0.340250554,0.343563273,0.346259581,0.349195415,0.351880275,0.354484262,0.356971983,0.35944343,0.36178293,0.36446829,0.36616784,0.36862927,0.370599119,0.372658983,0.374811003,0.376931886,0.379087081,0.380998302,0.382644088,0.38445093,0.385947258,0.388130424,0.390109829,0.392322269,0.394789809,0.396941503,0.399297173,0.401369211,0.403300236,0.405027717,0.407312809,0.409042642,0.410599229,0.412211885,0.413446733,0.414629407,0.415773242,0.417040765,0.417901514,0.418759148,0.419740238,0.420139165,0.421247753,0.422214906,0.422831753,0.423978793,0.425324305,0.426566724,0.427934656,0.42887482,0.430035978,0.431548154,0.432711087,0.434334195,0.435603738,0.437183801,0.438351631,0.439665784,0.44128172,0.443164638,0.444227756,0.445800187,0.447505534,0.448960475,0.4497894,0.451272095,0.452499699,0.453382134,0.455216898,0.455259359,0.457467917,0.457874367,0.459636443,0.460179716,0.461221024,0.462474522,0.463498759,0.464070406,0.465979271,0.465941267,0.466959801,0.467881453,0.468932912,0.469940808,0.470653063,0.471135847,0.472469578,0.472392363,0.473348689,0.474098994,0.474611869,0.475281444,0.475753899,0.476844832,0.477188371,0.477606023,0.477975378,0.477728165,0.479239778,0.479532081,0.480474958,0.479603997,0.480509809,0.481203131,0.481147094,0.481746967,0.482029552,0.482654227,0.48247512,0.483137704,0.482258445,0.483345158,0.483244579,0.483802899,0.482967035,0.483997811,0.483603409,0.484565529,0.48413407,0.484753516,0.483914401,0.485788788,0.485089569,0.48547707,0.486828569,0.485920688,0.486510208,0.48709247,0.487720611,0.485863326,0.487048252,0.487346888,0.487191172,0.488297943,0.48604841,0.487470744,0.486646632,0.487163184,0.485734351,0.486288236,0.487371858,0.488268908,0.487655422,0.487054558,0.48570723,0.486462765,0.485569417,0.485264063,0.486655271,0.48526815,0.485602933,0.487088097,0.482316074,0.483891607,0.481714031,0.478902761,0.484132162,0.483621548,0.476997761,0.478438287,0.478681789,0.481075817,0.476143235,0.47925479,0.485076942,0.48389686,0.482555184,0.474783726,0.476733933,0.39677941
M76,0.079285481,0.201882933,0.199760462,0.200468266,0.200008472,0.201793578,0.202751328,0.203791972,0.206399062,0.209605267,0.21323491,0.216543244,0.221872019,0.226726844,0.231842343,0.236702256,0.240245343,0.244449423,0.24803829,0.251338385,0.254711549,0.258068935,0.261198375,0.26468259,0.26794286,0.270791377,0.274148927,0.277169035,0.280526703,0.283701482,0.286605458,0.289543516,0.292990285,0.296171098,0.299482704,0.302676195,0.306142717,0.308959791,0.312024698,0.314744324,0.31735532,0.319847934,0.322246626,0.324529845,0.32706799,0.328697044,0.331065492,0.333018533,0.335158808,0.337264672,0.339457621,0.341476238,0.343343078,0.344863247,0.346569792,0.34804867,0.35025353,0.352478225,0.355373547,0.358216625,0.360784486,0.363592295,0.36614011,0.368612895,0.370849453,0.37375864,0.376032548,0.378280482,0.380343465,0.382272827,0.383971833,0.385622546,0.387439782,0.388727065,0.390150743,0.391726573,0.392700603,0.394306406,0.39579164,0.396930819,0.398535223,0.400402482,0.40219847,0.404232061,0.405782623,0.407532541,0.409643624,0.41140245,0.41336674,0.415140132,0.416958015,0.418547663,0.41997724,0.421686833,0.423931691,0.425294339,0.427042502,0.428947136,0.430523027,0.431579775,0.433211193,0.434381577,0.434972098,0.436612137,0.436732679,0.440235344,0.440355556,0.442154605,0.442803789,0.44389487,0.445235793,0.446072635,0.446605086,0.448396321,0.448351756,0.449310323,0.450131459,0.451234381,0.452167977,0.452965913,0.453397623,0.454662369,0.454504518,0.455537151,0.456301953,0.45673352,0.457583564,0.45800061,0.459217543,0.459513,0.460079507,0.460503643,0.460438337,0.461955603,0.462735298,0.463627593,0.463136806,0.464130049,0.465003397,0.46502795,0.465929299,0.466357458,0.467198365,0.467199911,0.467979408,0.467307986,0.468477449,0.468501083,0.469192638,0.468822728,0.470174827,0.469954372,0.471131333,0.470880903,0.471713217,0.470951661,0.47305813,0.47247645,0.472965499,0.474295834,0.47349009,0.474182873,0.474960598,0.475493481,0.473607076,0.474709116,0.474794527,0.47473069,0.475623253,0.473403395,0.474535569,0.47343813,0.473635123,0.472194393,0.47226638,0.473270251,0.473698086,0.47287022,0.4721415,0.470394008,0.470526635,0.469055099,0.467933553,0.468532937,0.466861037,0.466355089,0.46707931,0.461842509,0.462554898,0.459750689,0.456202999,0.460401898,0.459303366,0.452180941,0.452858458,0.45225782,0.453289689,0.447672054,0.449850418,0.454206638,0.452176455,0.450094454,0.441514538,0.442295938,0.352436966
M77,0.116298368,0.248064687,0.241277667,0.237831956,0.236327889,0.237517282,0.237786565,0.239520389,0.24022878,0.242868664,0.245798594,0.248613521,0.252984081,0.258784335,0.263196932,0.268216638,0.272676384,0.276487032,0.279736517,0.283304544,0.286855007,0.290420386,0.294052349,0.297093806,0.300274049,0.303075151,0.305712517,0.308642035,0.311837465,0.314595161,0.317945912,0.321218799,0.324473731,0.328010735,0.331665704,0.335210686,0.33868624,0.341913995,0.345344035,0.348801652,0.351433035,0.354358494,0.357198612,0.359962051,0.362437254,0.365591109,0.36787861,0.37004668,0.373039654,0.375685473,0.378026378,0.380889575,0.382942214,0.385238487,0.38676746,0.389083864,0.39126836,0.393377414,0.396209243,0.39925849,0.401696323,0.404036221,0.406339188,0.408809667,0.411025064,0.413020741,0.415217811,0.416772677,0.418542419,0.420357388,0.42140747,0.423341957,0.42451726,0.425490087,0.426240264,0.427431629,0.42837761,0.429392676,0.430604969,0.43207516,0.433440631,0.434451881,0.436007195,0.437660755,0.439268897,0.44069889,0.442524472,0.443964295,0.445796591,0.447045432,0.449549039,0.451006718,0.452976675,0.45456367,0.4567684,0.458232837,0.460513251,0.462220176,0.464044697,0.465721042,0.467637544,0.469303586,0.470544568,0.47268168,0.473204716,0.476175174,0.477359179,0.47901016,0.480387396,0.482324802,0.483464095,0.484215066,0.486244067,0.487386785,0.488778167,0.49010341,0.49061157,0.492741,0.493991195,0.495252914,0.496003772,0.497037053,0.498596556,0.49934752,0.500370364,0.502063338,0.502239593,0.503953758,0.505387572,0.505174852,0.505900257,0.507554143,0.50861217,0.509523257,0.510191366,0.510332274,0.511896622,0.512019095,0.512919361,0.513016038,0.513810664,0.514321651,0.515117653,0.515114155,0.515825588,0.516399762,0.516110922,0.517350048,0.517778236,0.516950314,0.518003524,0.51763072,0.518609217,0.518381889,0.518942061,0.518074214,0.520017593,0.519190143,0.519600042,0.520794123,0.51983645,0.520372827,0.52096185,0.519311352,0.521665309,0.520429737,0.520511647,0.520225267,0.521249627,0.521376904,0.520029852,0.521695013,0.522013366,0.520329123,0.520420736,0.521602941,0.522023563,0.520979403,0.519901786,0.517800994,0.51771361,0.515997652,0.514530089,0.515017385,0.512783234,0.511835305,0.512404072,0.51122329,0.511866159,0.508787254,0.505083908,0.50413964,0.50335505,0.502426539,0.504214206,0.504435866,0.506786142,0.501847815,0.505120696,0.501808573,0.500282431,0.498208434,0.499999044,0.502803805,0.412966924
M78,0.093784852,0.248064687,0.241277667,0.237831956,0.236327889,0.237517282,0.237786565,0.239520389,0.24022878,0.242868664,0.245798594,0.248613521,0.252984081,0.258784335,0.263196932,0.268216638,0.272676384,0.276487032,0.279736517,0.283304544,0.286855007,0.290420386,0.294052349,0.297093806,0.300274049,0.303075151,0.305712517,0.308642035,0.311837465,0.314595161,0.317945912,0.321218799,0.324473731,0.328010735,0.331665704,0.335210686,0.33868624,0.341913995,0.345344035,0.348801652,0.351433035,0.354358494,0.357198612,0.359962051,0.362437254,0.365591109,0.36787861,0.37004668,0.373039654,0.375685473,0.378026378,0.380889575,0.382942214,0.385238487,0.38676746,0.389083864,0.39126836,0.393377414,0.396209243,0.39925849,0.401696323,0.404036221,0.406339188,0.408809667,0.411025064,0.413020741,0.415217811,0.416772677,0.418542419,0.420357388,0.42140747,0.423341957,0.42451726,0.425490087,0.426240264,0.427431629,0.42837761,0.429392676,0.430604969,0.43207516,0.433440631,0.434451881,0.436007195,0.437660755,0.439268897,0.44069889,0.442524472,0.443964295,0.445796591,0.447045432,0.449549039,0.451006718,0.452976675,0.45456367,0.4567684,0.458232837,0.460513251,0.462220176,0.464044697,0.465721042,0.467637544,0.469303586,0.470544568,0.47268168,0.473204716,0.476175174,0.477359179,0.47901016,0.480387396,0.482324802,0.483464095,0.484215066,0.486244067,0.487386785,0.488778167,0.49010341,0.49061157,0.492741,0.493991195,0.495252914,0.496003772,0.497037053,0.498596556,0.49934752,0.500370364,0.502063338,0.502239593,0.503953758,0.505387572,0.505174852,0.505900257,0.507554143,0.50861217,0.509523257,0.510191366,0.510332274,0.511896622,0.512019095,0.512919361,0.513016038,0.513810664,0.514321651,0.515117653,0.515114155,0.515825588,0.516399762,0.516110922,0.517350048,0.517778236,0.516950314,0.518003524,0.51763072,0.518609217,0.518381889,0.518942061,0.518074214,0.520017593,0.519190143,0.519600042,0.520794123,0.51983645,0.520372827,0.52096185,0.519311352,0.521665309,0.520429737,0.520511647,0.520225267,0.521249627,0.521376904,0.520029852,0.521695013,0.522013366,0.520329123,0.520420736,0.521602941,0.522023563,0.520979403,0.519901786,0.517800994,0.51771361,0.515997652,0.514530089,0.515017385,0.512783234,0.511835305,0.512404072,0.51122329,0.511866159,0.508787254,0.505083908,0.50413964,0.50335505,0.502426539,0.504214206,0.504435866,0.506786142,0.501847815,0.505120696,0.501808573,0.500282431,0.498208434,0.499999044,0.502803805,0.412966924
M79,0.094494532,0.267526109,0.26707523,0.264893172,0.265652975,0.264934804,0.267038373,0.266041075,0.267766017,0.269643945,0.273441516,0.277475641,0.283029158,0.289191322,0.294679057,0.299690646,0.303925609,0.308067259,0.311905759,0.314366089,0.318298441,0.321537174,0.324336806,0.32744328,0.329734637,0.332227704,0.33498608,0.337210549,0.339807564,0.341922209,0.345207927,0.347553867,0.350675159,0.353819639,0.356787197,0.359899321,0.363343684,0.365805377,0.368819569,0.371437465,0.373698274,0.375918364,0.377995024,0.380502374,0.382461376,0.384001524,0.38602381,0.387901061,0.389884926,0.391920158,0.393621414,0.395744776,0.397480508,0.398901882,0.400298635,0.401527523,0.403349182,0.405225992,0.407282851,0.409906215,0.412586233,0.414362291,0.416198329,0.418269703,0.42048635,0.422357689,0.423675934,0.425271914,0.42722893,0.428363838,0.429428742,0.430593006,0.431674822,0.432729689,0.433442579,0.434490613,0.435356528,0.436166379,0.436621085,0.43768003,0.438758806,0.439575006,0.440843066,0.441836115,0.443068083,0.444205778,0.445488499,0.446589638,0.448256244,0.449190351,0.450678259,0.452565067,0.453780141,0.455501921,0.457037793,0.458131181,0.459661004,0.460630056,0.462767223,0.463995474,0.465155414,0.466185777,0.46705417,0.468845139,0.469277346,0.470590672,0.471323837,0.472643348,0.473317205,0.474343803,0.475427104,0.476073817,0.477471343,0.478523228,0.479094291,0.479718661,0.480688253,0.481165981,0.481759848,0.483310841,0.484200873,0.484747747,0.485115024,0.485892219,0.486255609,0.487433801,0.487793566,0.488243794,0.488345199,0.48909678,0.489379433,0.490503522,0.490001215,0.490666329,0.490807871,0.491624011,0.492008739,0.492945099,0.492732159,0.493070754,0.492805299,0.493832213,0.493837495,0.49439369,0.493441471,0.49482937,0.494225357,0.495050874,0.494779298,0.494764975,0.495440862,0.4947699,0.495492307,0.495226147,0.495617139,0.496458849,0.496623503,0.497590512,0.496440156,0.497549273,0.496630112,0.495632283,0.497921585,0.496732503,0.496899263,0.497976548,0.496247283,0.498392985,0.497227921,0.497555284,0.496626855,0.498200001,0.498848622,0.49769935,0.498366043,0.4972485,0.498146425,0.498294196,0.498561478,0.497910062,0.496121255,0.495820441,0.496016304,0.494695328,0.498147753,0.495352154,0.493952866,0.494903663,0.493415623,0.493340324,0.492511073,0.494493151,0.490494263,0.493005591,0.491106215,0.494479231,0.492869268,0.492395758,0.491570951,0.492902446,0.487853521,0.49110685,0.489108605,0.487798154,0.409916712
M80,0.093169629,0.215812084,0.218281069,0.218101089,0.219785597,0.22002402,0.222217671,0.221859511,0.223505337,0.225083178,0.228488282,0.232427362,0.237982581,0.244048258,0.249255193,0.253725143,0.257454291,0.260966594,0.264290834,0.266347771,0.269913896,0.272906676,0.27564863,0.278616851,0.280904254,0.283334808,0.28611331,0.288345737,0.290863965,0.292882058,0.295818846,0.297921307,0.300686155,0.30341283,0.306027529,0.308645355,0.311518436,0.313501086,0.315868767,0.317895898,0.31954088,0.321126588,0.322529694,0.324244336,0.325503738,0.326397575,0.327799098,0.329105409,0.330523469,0.331955961,0.333088741,0.334486501,0.335477549,0.336153481,0.336826735,0.337460526,0.3387239,0.340174276,0.342016895,0.344351125,0.346700075,0.348236963,0.349825017,0.351552442,0.353444833,0.355027218,0.356192641,0.357576401,0.359213503,0.360210923,0.361097681,0.362085288,0.363031061,0.364014031,0.364699409,0.365702476,0.366494847,0.367271904,0.367730361,0.368702368,0.369647323,0.370434643,0.371592037,0.37253416,0.373612021,0.374721132,0.37586574,0.376875384,0.378317396,0.379114916,0.380308372,0.381823445,0.382591575,0.383875185,0.38510517,0.385913324,0.387041871,0.387745256,0.389342559,0.390277282,0.391026784,0.391592494,0.391887929,0.393280999,0.393449362,0.394364497,0.394899603,0.395950675,0.396357514,0.397068118,0.397862777,0.39817239,0.399175175,0.399840751,0.400158631,0.400434354,0.401092674,0.401230072,0.401566958,0.402713601,0.403375788,0.403693447,0.403967784,0.404494868,0.404754379,0.405550356,0.405821428,0.406094152,0.406138628,0.406641753,0.406874271,0.407665434,0.407322775,0.407921619,0.408146341,0.408802856,0.409292999,0.410154553,0.410133931,0.410542551,0.410434922,0.411325969,0.411476504,0.412073662,0.41150414,0.412774759,0.412396353,0.413221573,0.413312422,0.413458331,0.414232786,0.413788647,0.414558139,0.414446275,0.415025332,0.415887047,0.416282276,0.41715264,0.416349327,0.417343169,0.416825344,0.415993252,0.418043317,0.417089324,0.417378668,0.41831766,0.416907455,0.41869178,0.41762708,0.41794461,0.417121969,0.418302613,0.418802849,0.417880152,0.4184739,0.417438682,0.418146073,0.418050907,0.418136349,0.41742916,0.415590188,0.414979119,0.414834472,0.413480677,0.416013122,0.413416104,0.411554667,0.411989845,0.410207141,0.409487632,0.408391414,0.409476708,0.405841195,0.40738886,0.405528059,0.407651435,0.406067992,0.405039284,0.403867376,0.404329282,0.399616961,0.402042089,0.399560976,0.397602167,0.330180957
M81,0.088794089,0.296030029,0.293065991,0.289298741,0.290736841,0.290037444,0.291979002,0.293636049,0.296300425,0.297855613,0.302854773,0.308332282,0.314308662,0.320548317,0.327097349,0.332356813,0.337733611,0.340841631,0.345546476,0.349509791,0.353551821,0.356757492,0.360030361,0.363654762,0.367157739,0.370084448,0.372586548,0.376266313,0.378937762,0.381953994,0.385311467,0.38883601,0.392768631,0.396280455,0.400221297,0.404160801,0.408038231,0.41151985,0.415466824,0.419066139,0.422043897,0.424629898,0.428254104,0.430429088,0.433512482,0.436436816,0.438856053,0.441796831,0.444740566,0.447427177,0.450176257,0.452518907,0.455099613,0.456829895,0.458940397,0.460532316,0.463117807,0.465821703,0.468406362,0.471797393,0.47506772,0.477607526,0.479931177,0.482183145,0.484680076,0.487116499,0.488749849,0.490019556,0.491940123,0.493331318,0.495006852,0.495730679,0.497217875,0.497757907,0.49880759,0.49977768,0.500681992,0.50144543,0.502375583,0.503681582,0.504986231,0.506573472,0.507691935,0.509309354,0.510530635,0.51228009,0.513802909,0.515161518,0.516661135,0.518688432,0.520878064,0.522075022,0.523891245,0.525295909,0.527871676,0.529237469,0.531866603,0.533560773,0.53516215,0.536510517,0.538454468,0.540474989,0.542211755,0.543226491,0.54396947,0.54754928,0.548265419,0.549829711,0.551051241,0.553133195,0.553701976,0.556247744,0.557385234,0.558071706,0.559714527,0.560849332,0.56299288,0.564301531,0.565417629,0.566180262,0.567209635,0.568316894,0.569494202,0.570509733,0.571173774,0.572204309,0.573363148,0.574398043,0.574797582,0.576068721,0.576818373,0.577609121,0.57896228,0.579809715,0.578985104,0.580351663,0.580385922,0.581438914,0.582341162,0.581373615,0.583804908,0.582871961,0.584744625,0.583172637,0.584436069,0.583396961,0.5860387,0.583943528,0.584207653,0.584039406,0.585474531,0.585472423,0.584498064,0.586376182,0.584865872,0.586099495,0.58596488,0.585372801,0.585642569,0.587313244,0.586253734,0.586787237,0.584714467,0.585180952,0.585404565,0.58696616,0.587578692,0.586951981,0.585556632,0.585434861,0.587520342,0.586352294,0.586644814,0.588383679,0.584936534,0.585781738,0.586089249,0.58435074,0.582217442,0.58402264,0.583393094,0.580772116,0.584097955,0.578727244,0.580726696,0.578994331,0.578556847,0.57588904,0.575270495,0.576181639,0.576492005,0.57197025,0.575411732,0.571049061,0.568615228,0.573329229,0.571515638,0.569550898,0.567407961,0.567294055,0.570141678,0.559403414,0.566882256,0.559543929,0.462898073
M82,0.075619647,0.270487993,0.273889196,0.273821461,0.276992907,0.277762345,0.280970945,0.283321915,0.286772468,0.289004096,0.29460945,0.300874448,0.307529223,0.314462385,0.321209988,0.326396343,0.331551701,0.334297719,0.33854078,0.342094112,0.345848736,0.348890362,0.3521306,0.355589962,0.359108119,0.361914121,0.364490219,0.368139456,0.370629032,0.373376136,0.376346876,0.379391898,0.382806595,0.38584165,0.389160356,0.39247797,0.395601409,0.398343129,0.401328145,0.40387712,0.405836977,0.407269911,0.409687005,0.410632833,0.412388293,0.413991292,0.415198102,0.416816152,0.418596064,0.420070642,0.421535234,0.422621635,0.423878308,0.424247597,0.424948245,0.425239416,0.426595398,0.428274975,0.430236318,0.432991639,0.43547313,0.437333065,0.438974818,0.440578938,0.442391996,0.44418174,0.445293436,0.446043607,0.447375947,0.448316024,0.449472263,0.449744738,0.450770994,0.450866116,0.451539243,0.452110583,0.452650801,0.453070862,0.453650385,0.454572163,0.455486372,0.456639746,0.457360685,0.45860974,0.45943307,0.460855104,0.46189569,0.462948373,0.46394734,0.465448742,0.466983214,0.467706334,0.46862781,0.469118018,0.471147765,0.471882531,0.473773308,0.474724728,0.475557471,0.476173208,0.477394902,0.478444567,0.479016894,0.479246998,0.479080015,0.48256776,0.482448069,0.483428465,0.484017552,0.485288458,0.485291166,0.486870165,0.48717814,0.487196001,0.488022335,0.488391999,0.489665661,0.490336629,0.490825979,0.490914993,0.491261244,0.491728288,0.492221483,0.492613544,0.492815356,0.493147092,0.493797945,0.494165247,0.494153262,0.494707904,0.494961584,0.495218521,0.496162977,0.496539061,0.49573241,0.496635331,0.496430704,0.497228534,0.497695133,0.49677248,0.498634868,0.497711205,0.499138279,0.497639532,0.498597904,0.497612393,0.499668358,0.497878142,0.498097901,0.498107321,0.499439462,0.499560249,0.498760953,0.500356369,0.499078722,0.50009524,0.500027079,0.499466972,0.499671427,0.501017552,0.500072613,0.500417513,0.498695999,0.4990052,0.498929367,0.500205857,0.500458279,0.499753075,0.498401995,0.49818249,0.499659902,0.498289578,0.498416084,0.499770192,0.496395253,0.49683289,0.496950489,0.495239564,0.493177425,0.494511735,0.493701556,0.491082768,0.493080626,0.488322939,0.489720283,0.487725747,0.486892406,0.484214677,0.483295275,0.483400188,0.483261708,0.478827986,0.481060547,0.476390393,0.473776504,0.477185029,0.47446087,0.472144347,0.469477903,0.468662266,0.470039385,0.460059234,0.465337654,0.457878192,0.384265967
M83,0.093349796,0.247769816,0.241672332,0.23637671,0.236040374,0.236831381,0.239932571,0.240950043,0.243519705,0.246866764,0.251170102,0.254442509,0.258885424,0.263729134,0.268755724,0.273057091,0.27779024,0.281609803,0.285177973,0.289014903,0.292940395,0.296061417,0.299369729,0.302236587,0.305902629,0.308943764,0.312483265,0.315697819,0.318750124,0.321861432,0.324956488,0.328489886,0.332537171,0.336251153,0.339866031,0.344099665,0.347868091,0.351857264,0.35528844,0.35970177,0.362669767,0.36661165,0.370230738,0.373389914,0.376600151,0.379842562,0.382810418,0.385617541,0.388962485,0.391965973,0.395494829,0.398492049,0.401558224,0.403815729,0.406810843,0.409583746,0.412268155,0.415406711,0.418523339,0.421917314,0.425085029,0.427892159,0.430893924,0.433640414,0.436727882,0.439240921,0.441617762,0.444004671,0.446250969,0.447439261,0.449088936,0.450790273,0.452628803,0.454134833,0.455842043,0.457039241,0.458509223,0.460274322,0.461804474,0.463521245,0.465400761,0.467355817,0.469547728,0.471300321,0.473630951,0.476077568,0.47823698,0.480383604,0.482274939,0.484986547,0.487052357,0.489017582,0.491792019,0.493646493,0.496311782,0.498864122,0.501096081,0.504073003,0.506202139,0.50799018,0.510107424,0.512597158,0.514896315,0.516112595,0.516571161,0.522725373,0.522627758,0.524661428,0.526369571,0.528785733,0.530944927,0.532637482,0.534007132,0.535301828,0.537050408,0.538654311,0.540140329,0.542315018,0.543814575,0.545260509,0.546726002,0.547477514,0.549069232,0.550497135,0.550499571,0.551922938,0.552740541,0.554228876,0.555396889,0.5569418,0.557189857,0.558621826,0.559173434,0.560606548,0.561850389,0.561128428,0.561969439,0.5637144,0.563676839,0.563902726,0.565140187,0.565537855,0.564835469,0.566264111,0.566938509,0.567227401,0.566872803,0.566324163,0.567287756,0.566377796,0.567199386,0.568586515,0.569305139,0.568123714,0.568389393,0.568763772,0.570408805,0.568963898,0.570957041,0.569504852,0.570108746,0.569947263,0.570018018,0.572500683,0.571799533,0.572548503,0.571954588,0.570720626,0.571303439,0.570389161,0.571318363,0.568889831,0.571741715,0.572255037,0.57155586,0.571491559,0.570769727,0.568155802,0.569564421,0.570237494,0.568545214,0.569880614,0.566634896,0.565627605,0.566403208,0.563763306,0.562198816,0.564489812,0.562703256,0.562500345,0.554722439,0.556253267,0.55806523,0.56042962,0.556869166,0.55095525,0.55654383,0.553236446,0.549686741,0.547937496,0.54878261,0.549493837,0.541598293,0.547729048,0.43722182
M84,0.109224945,0.209657467,0.209421358,0.207474859,0.20888661,0.210933058,0.214994633,0.217088318,0.220536461,0.224402453,0.229418006,0.23328446,0.238086444,0.242882875,0.247873912,0.252001968,0.256319339,0.259748668,0.262879367,0.266271824,0.269785036,0.272705581,0.275791473,0.278476837,0.28187783,0.284763724,0.288202668,0.291266423,0.294159843,0.297066002,0.299938937,0.303149408,0.306881516,0.310279739,0.313616385,0.317463883,0.320903779,0.324415623,0.327432727,0.331315247,0.333837957,0.337178569,0.340194161,0.342803363,0.34535331,0.348051809,0.350522147,0.3528122,0.355757438,0.358324143,0.361315998,0.363815241,0.366380288,0.368217839,0.37072127,0.373027449,0.375337456,0.378119816,0.381119574,0.384412103,0.387533655,0.390294211,0.393214001,0.395952708,0.399039178,0.401562592,0.40401997,0.406364541,0.408558124,0.409834908,0.411495972,0.413237732,0.415080221,0.416563587,0.418300184,0.419566878,0.421012049,0.422776925,0.424370511,0.426042263,0.427850844,0.429763785,0.431914455,0.43368027,0.435890194,0.438372511,0.440487542,0.44260051,0.444405504,0.446941878,0.448776944,0.450542534,0.452781918,0.454230389,0.456629808,0.458864986,0.460821941,0.463349444,0.46514815,0.466666886,0.468422651,0.47029219,0.471750879,0.472683101,0.47290706,0.478635136,0.47842727,0.480189285,0.481563077,0.483656094,0.485576973,0.486793952,0.487702257,0.48863484,0.49003093,0.491252323,0.49240477,0.494170519,0.495345931,0.49651,0.497656431,0.498104313,0.499549609,0.500665815,0.500623499,0.501783233,0.502393132,0.503568844,0.504535497,0.505719533,0.505885057,0.506953998,0.507500566,0.508716834,0.509980824,0.509262115,0.510070298,0.511667006,0.511736688,0.511855963,0.513058091,0.513425856,0.512945651,0.514221678,0.514816919,0.515196268,0.515031005,0.514577851,0.515625923,0.514913982,0.515972434,0.517327485,0.518111202,0.517149004,0.517395231,0.517900148,0.519561223,0.518291588,0.520187651,0.518840696,0.519368288,0.519333858,0.519334823,0.521536757,0.520885238,0.521502785,0.520734431,0.519535052,0.519962814,0.518938271,0.519535579,0.517166422,0.519596211,0.52000574,0.519290686,0.518916893,0.51799814,0.515248749,0.516384004,0.516666117,0.514704228,0.515338226,0.512036033,0.510759823,0.511152905,0.508056321,0.506053798,0.507788475,0.505713722,0.504847093,0.497124208,0.498102148,0.498931159,0.500358614,0.49657203,0.490468272,0.494610625,0.490993854,0.486631449,0.484361355,0.483959305,0.483296434,0.475721453,0.479392161,0.374935225
M85,0.10418199,0.265450604,0.262541281,0.261385644,0.26389787,0.26456163,0.267867223,0.270753941,0.273442059,0.27701973,0.282197705,0.288185167,0.294418816,0.301197647,0.307944817,0.313497055,0.318872798,0.323148039,0.326809142,0.330737104,0.334534023,0.338136176,0.341204735,0.344337885,0.347564793,0.350203383,0.353347743,0.356210632,0.359322775,0.361980796,0.364721981,0.367944748,0.371699755,0.375152022,0.378421167,0.382387847,0.385827979,0.389907707,0.39281998,0.396313537,0.399403891,0.402248871,0.404790784,0.407136014,0.409891481,0.41238114,0.414702371,0.417281172,0.420446167,0.422546216,0.425389183,0.427601304,0.430118563,0.431589515,0.433322884,0.434942227,0.436928408,0.4395524,0.443109857,0.445782493,0.448672532,0.451119584,0.453157962,0.4556398,0.458052961,0.459839546,0.461784872,0.463302454,0.464648301,0.466095018,0.46758659,0.468435669,0.469715008,0.470348027,0.471208784,0.471592058,0.472854752,0.47381718,0.474572052,0.475354226,0.476445202,0.477895232,0.47924496,0.480590038,0.482009472,0.483263068,0.484540628,0.485823609,0.487201071,0.489045165,0.49015879,0.492184348,0.493663388,0.494616442,0.496933039,0.498714109,0.500646403,0.502460405,0.503871924,0.505451862,0.507333616,0.508528496,0.5100375,0.510909223,0.510697265,0.51623228,0.516310197,0.517583018,0.519116367,0.52073546,0.522069197,0.522929933,0.524651243,0.525929279,0.526843163,0.528400368,0.529052216,0.530504555,0.531125108,0.533638484,0.533440888,0.53437118,0.53515958,0.535785246,0.53689114,0.536541619,0.53847678,0.538154235,0.539536703,0.541170777,0.541748944,0.542255408,0.541978845,0.543765112,0.542935041,0.543940337,0.543792324,0.544725665,0.543692651,0.54460719,0.544879031,0.546130969,0.546158012,0.54683389,0.54513753,0.54652885,0.547037482,0.545907874,0.545778135,0.545900034,0.546041712,0.544632499,0.546532299,0.544913474,0.546348431,0.546080733,0.546917789,0.544941407,0.546063819,0.546146876,0.546043869,0.545245931,0.546887234,0.545963472,0.544543502,0.547030813,0.545576201,0.546410652,0.546020192,0.544359802,0.54418949,0.544306925,0.542737544,0.545621586,0.543976151,0.542703823,0.54136888,0.541638174,0.542150809,0.541793363,0.539374305,0.539407517,0.539879954,0.537962927,0.537781623,0.539145049,0.536785169,0.532301393,0.53557623,0.528015199,0.531979937,0.52603982,0.526320114,0.527303223,0.522251146,0.523606016,0.518670278,0.522965114,0.517909245,0.51486756,0.514313098,0.512926871,0.51592952,0.506649987,0.415581836
M86,0.092891479,0.211533777,0.210863352,0.210838752,0.213253946,0.214309868,0.217232628,0.219826834,0.222232485,0.225380145,0.229714958,0.234581572,0.23969266,0.245049541,0.250534753,0.25491839,0.259453186,0.263060707,0.266349853,0.269925354,0.273562803,0.277236434,0.280529611,0.28394516,0.287419301,0.290462323,0.293927292,0.297116191,0.300625609,0.303674597,0.306705704,0.310013881,0.313686586,0.31709253,0.320292441,0.323892891,0.327091942,0.330677788,0.333432709,0.336549202,0.339305385,0.341817352,0.344008097,0.345978253,0.348326618,0.350357218,0.352186418,0.354279314,0.356768668,0.358413483,0.360703663,0.362461532,0.364491931,0.365710647,0.367155539,0.368658239,0.370556805,0.372990376,0.376012378,0.378646867,0.381600791,0.384120598,0.386361397,0.389073204,0.391768735,0.393758245,0.396156166,0.398054356,0.399869352,0.401699446,0.403585567,0.404932289,0.40665278,0.407777587,0.409087557,0.409945933,0.411548897,0.412862171,0.414016873,0.415221227,0.416547986,0.418251269,0.419832457,0.421386034,0.423004857,0.424554022,0.426084425,0.42757252,0.42924816,0.431134604,0.432402653,0.434313461,0.435540598,0.436395898,0.43866725,0.440181545,0.441913657,0.443456022,0.444602984,0.44588981,0.447364572,0.448081231,0.448919716,0.449787857,0.44974217,0.453347962,0.453946066,0.454942914,0.456151852,0.457320368,0.458292509,0.45872797,0.459964474,0.460735601,0.461368216,0.462350082,0.462786954,0.463598663,0.464112581,0.465921859,0.465704724,0.466217614,0.466898079,0.46711385,0.468092347,0.4677038,0.469225682,0.468785463,0.469891102,0.471057508,0.471430596,0.471806618,0.471582154,0.473162353,0.472429118,0.473325712,0.473464333,0.47429915,0.473811503,0.474656267,0.475163866,0.476183829,0.476470986,0.47696719,0.475713164,0.47681803,0.477798079,0.476937714,0.47746703,0.477822087,0.478225107,0.477174859,0.479170807,0.477931132,0.479495156,0.479364417,0.480419231,0.478839013,0.480040375,0.480237443,0.480312517,0.479563622,0.481043396,0.480268379,0.479088245,0.481177937,0.480144367,0.480684653,0.480536412,0.478896418,0.478685166,0.478794493,0.477385237,0.479889102,0.478512505,0.477301841,0.475861173,0.476039052,0.476261132,0.475820756,0.473368348,0.473058564,0.473242443,0.471360224,0.470629011,0.471681693,0.469066225,0.464643319,0.466847044,0.459774572,0.462809891,0.457193682,0.45700983,0.457329876,0.453016169,0.453484785,0.448806114,0.451981917,0.447606349,0.44441779,0.443234491,0.441608851,0.444145794,0.435503267,0.34933398
M87,0.084331767,0.25465284,0.24588054,0.241425032,0.241588625,0.242530205,0.242077115,0.244607653,0.245209745,0.247777976,0.250305397,0.253523965,0.257100374,0.261985673,0.266270469,0.27046058,0.273282566,0.276842591,0.280093825,0.282951731,0.285860532,0.288747963,0.291189072,0.293740852,0.296904491,0.299117373,0.302134729,0.304505429,0.307092324,0.309502318,0.312294234,0.315591484,0.318816788,0.321729482,0.324547891,0.328195575,0.331463545,0.334782669,0.337781314,0.340822739,0.343312622,0.346345857,0.349103905,0.35142398,0.354136477,0.356682052,0.359253945,0.36187744,0.364825763,0.367221536,0.369642591,0.372265645,0.374174908,0.376622158,0.378613413,0.380632487,0.382916712,0.385376772,0.388423639,0.39161571,0.394430136,0.397363979,0.400109139,0.402614055,0.405462287,0.40792166,0.41014117,0.412847278,0.414768297,0.416991693,0.41901866,0.42087378,0.423001396,0.424541256,0.425946342,0.427271717,0.429383041,0.4308241,0.432068881,0.433831146,0.435339329,0.437262593,0.438385534,0.440067115,0.441859657,0.443143886,0.444835169,0.446781215,0.448021012,0.449742796,0.45141425,0.453286692,0.454750187,0.456271983,0.458310258,0.460593223,0.461854704,0.463883843,0.465559027,0.466998597,0.468987289,0.470516071,0.472412724,0.473575191,0.474305175,0.477558625,0.478276386,0.480329619,0.48161974,0.482845522,0.484580829,0.485730523,0.487421311,0.488971503,0.489738527,0.491546212,0.492759385,0.494260708,0.494764376,0.495849587,0.497852567,0.499128559,0.498863992,0.500721723,0.501583332,0.502762057,0.504116663,0.505289179,0.505963761,0.507192586,0.508150277,0.508111139,0.509467125,0.509438439,0.510322896,0.511737689,0.512269101,0.512408806,0.513570859,0.514717796,0.514466323,0.515877394,0.51515239,0.516124584,0.516613992,0.518045957,0.517829726,0.518701433,0.517947247,0.518418488,0.518779976,0.517873506,0.520107305,0.518928646,0.518746744,0.520941898,0.520028577,0.520688774,0.519982756,0.520308856,0.520695505,0.522439119,0.522105251,0.521538894,0.52064524,0.523219068,0.522549883,0.523541106,0.523918253,0.522559907,0.523056349,0.520510317,0.52271689,0.522599329,0.524855528,0.521049753,0.523464091,0.524329583,0.521190597,0.521269563,0.519423559,0.519967937,0.521104996,0.519812587,0.519848147,0.51678334,0.514694625,0.515887336,0.513761305,0.512433045,0.511306992,0.505818595,0.506953521,0.508814426,0.504994683,0.507104411,0.503963419,0.509486295,0.506331652,0.504890699,0.50548022,0.506278691,0.499925569,0.504308619,0.414580288
M88,0.089714769,0.189339492,0.184929705,0.182645522,0.183606116,0.184884446,0.185287658,0.188228202,0.189727072,0.192929003,0.196309791,0.200122285,0.204192105,0.209423347,0.214147287,0.218732271,0.222218722,0.226289572,0.230004081,0.233375611,0.23688548,0.240409195,0.243653506,0.24695589,0.250849631,0.253879308,0.257660294,0.260844808,0.264237728,0.267281367,0.270673833,0.274406428,0.278113167,0.281525571,0.284871674,0.288954775,0.292657631,0.296361931,0.299679903,0.303023454,0.30583219,0.309011946,0.311854316,0.314240902,0.317015615,0.319528261,0.322098704,0.324669595,0.327582305,0.330047823,0.33253756,0.335162123,0.337138017,0.339590051,0.341686218,0.343820695,0.346266813,0.348847176,0.352163948,0.355674995,0.358730069,0.361869517,0.364843963,0.367561196,0.370638359,0.373372405,0.375877629,0.378829803,0.381013361,0.383531403,0.385776561,0.387862967,0.390275321,0.392106086,0.393841854,0.395450805,0.397775618,0.3994663,0.400982084,0.40294679,0.404674288,0.406810267,0.408199104,0.410130267,0.412253281,0.413866338,0.415889361,0.418149931,0.419599579,0.421509872,0.423313443,0.425288087,0.426685938,0.428044297,0.430297498,0.432624091,0.43391964,0.43586122,0.437460309,0.438833446,0.440686924,0.441934485,0.44322496,0.444119018,0.444656682,0.448409585,0.448903676,0.450843134,0.452015552,0.453187038,0.454695298,0.45559742,0.456917558,0.458153608,0.458803311,0.460292529,0.461354131,0.462657032,0.46305769,0.46399539,0.465845978,0.466926865,0.466686117,0.468325269,0.469092102,0.470143283,0.471413166,0.47242067,0.47305312,0.47405651,0.47496411,0.474836275,0.476098632,0.476129142,0.476976764,0.478395013,0.478974032,0.479163816,0.480273071,0.48154817,0.481349078,0.482709749,0.482154356,0.482978437,0.483427877,0.484948111,0.484755668,0.485633152,0.48501035,0.485830219,0.486391095,0.485679823,0.48793022,0.486898603,0.486902413,0.488975661,0.488305903,0.488972525,0.488554662,0.488870097,0.489283273,0.490992799,0.490696049,0.490135738,0.489215592,0.491598866,0.490891142,0.491739645,0.491958175,0.490668137,0.490949327,0.488454804,0.490161864,0.490129709,0.492191612,0.488410082,0.490490395,0.491100041,0.488096068,0.48790516,0.485894241,0.486055115,0.486647767,0.485034203,0.484964605,0.481638507,0.479241506,0.480091476,0.477767211,0.476226102,0.474534857,0.468944405,0.469102677,0.470139176,0.466085606,0.467400524,0.463396029,0.467629309,0.463597042,0.461396618,0.460471337,0.46013693,0.453155795,0.45592846,0.355160172
M89,0.097291047,0.189339492,0.184929705,0.182645522,0.183606116,0.184884446,0.185287658,0.188228202,0.189727072,0.192929003,0.196309791,0.200122285,0.204192105,0.209423347,0.214147287,0.218732271,0.222218722,0.226289572,0.230004081,0.233375611,0.23688548,0.240409195,0.243653506,0.24695589,0.250849631,0.253879308,0.257660294,0.260844808,0.264237728,0.267281367,0.270673833,0.274406428,0.278113167,0.281525571,0.284871674,0.288954775,0.292657631,0.296361931,0.299679903,0.303023454,0.30583219,0.309011946,0.311854316,0.314240902,0.317015615,0.319528261,0.322098704,0.324669595,0.327582305,0.330047823,0.33253756,0.335162123,0.337138017,0.339590051,0.341686218,0.343820695,0.346266813,0.348847176,0.352163948,0.355674995,0.358730069,0.361869517,0.364843963,0.367561196,0.370638359,0.373372405,0.375877629,0.378829803,0.381013361,0.383531403,0.385776561,0.387862967,0.390275321,0.392106086,0.393841854,0.395450805,0.397775618,0.3994663,0.400982084,0.40294679,0.404674288,0.406810267,0.408199104,0.410130267,0.412253281,0.413866338,0.415889361,0.418149931,0.419599579,0.421509872,0.423313443,0.425288087,0.426685938,0.428044297,0.430297498,0.432624091,0.43391964,0.43586122,0.437460309,0.438833446,0.440686924,0.441934485,0.44322496,0.444119018,0.444656682,0.448409585,0.448903676,0.450843134,0.452015552,0.453187038,0.454695298,0.45559742,0.456917558,0.458153608,0.458803311,0.460292529,0.461354131,0.462657032,0.46305769,0.46399539,0.465845978,0.466926865,0.466686117,0.468325269,0.469092102,0.470143283,0.471413166,0.47242067,0.47305312,0.47405651,0.47496411,0.474836275,0.476098632,0.476129142,0.476976764,0.478395013,0.478974032,0.479163816,0.480273071,0.48154817,0.481349078,0.482709749,0.482154356,0.482978437,0.483427877,0.484948111,0.484755668,0.485633152,0.48501035,0.485830219,0.486391095,0.485679823,0.48793022,0.486898603,0.486902413,0.488975661,0.488305903,0.488972525,0.488554662,0.488870097,0.489283273,0.490992799,0.490696049,0.490135738,0.489215592,0.491598866,0.490891142,0.491739645,0.491958175,0.490668137,0.490949327,0.488454804,0.490161864,0.490129709,0.492191612,0.488410082,0.490490395,0.491100041,0.488096068,0.48790516,0.485894241,0.486055115,0.486647767,0.485034203,0.484964605,0.481638507,0.479241506,0.480091476,0.477767211,0.476226102,0.474534857,0.468944405,0.469102677,0.470139176,0.466085606,0.467400524,0.463396029,0.467629309,0.463597042,0.461396618,0.460471337,0.46013693,0.453155795,0.45592846,0.355160172
M90,0.098475456,0.241279721,0.238059344,0.238921644,0.240513318,0.24280048,0.2455269,0.249535151,0.253271238,0.256007284,0.259941128,0.263955449,0.268945897,0.273050503,0.277399992,0.28097661,0.284852436,0.288795843,0.292337311,0.295568744,0.298950151,0.302349952,0.305856335,0.309481075,0.312688915,0.315958646,0.319185785,0.322204634,0.325468761,0.328736613,0.33195111,0.335022009,0.338516698,0.341700082,0.345089817,0.349011308,0.352043095,0.355161794,0.358561787,0.361223626,0.363949248,0.366484269,0.36903189,0.371440486,0.373555976,0.375751907,0.377980584,0.380477866,0.382371634,0.384617998,0.38684652,0.388792169,0.390785762,0.392609861,0.393973484,0.395537649,0.397005178,0.399507004,0.401361339,0.404146218,0.406448801,0.408371683,0.41069132,0.412923086,0.414754513,0.41696937,0.419126409,0.4209364,0.422733404,0.424762565,0.426127234,0.427589285,0.429128237,0.430272976,0.431078075,0.432038641,0.433455625,0.434276111,0.435245583,0.436583133,0.438064687,0.439245639,0.440635588,0.441702011,0.443431019,0.445026395,0.446641899,0.448162671,0.449441916,0.45063052,0.452227492,0.453555182,0.454850064,0.455818314,0.457695199,0.458925249,0.460333897,0.461316834,0.462637479,0.463728154,0.46543164,0.466370926,0.467101775,0.468049254,0.468062033,0.471672058,0.47193112,0.473166596,0.473495207,0.474859462,0.475474844,0.476669368,0.476937558,0.477872877,0.47806559,0.4784925,0.479074752,0.47948366,0.480919137,0.481175249,0.481290593,0.483044818,0.48342951,0.483376813,0.484738645,0.484016724,0.485201171,0.486188205,0.485985374,0.486903613,0.486961085,0.487832561,0.488254813,0.488455788,0.489501534,0.490061293,0.489806741,0.490255389,0.490542455,0.492205171,0.492306957,0.493032603,0.492925107,0.493104121,0.492753004,0.49339591,0.493640788,0.493564693,0.493251767,0.492965739,0.494333074,0.492829859,0.494238594,0.494253831,0.495254488,0.494834916,0.493481602,0.4932543,0.493968921,0.49353561,0.495104322,0.493858242,0.494762077,0.495536518,0.493798149,0.493030601,0.493712232,0.493651817,0.492729043,0.493159024,0.492432614,0.491798657,0.48976004,0.491446133,0.489236755,0.490545221,0.488085617,0.487381078,0.486483659,0.484673325,0.48482498,0.483279378,0.478099357,0.478978866,0.477011443,0.47634101,0.47221018,0.470884705,0.466814714,0.463726864,0.460328318,0.459397191,0.459110263,0.458852251,0.45401888,0.454269729,0.456593187,0.452176611,0.455505512,0.452484005,0.450972409,0.449531674,0.452258035,0.443693969,0.365987915
M91,0.088708565,0.297582719,0.290987118,0.287652261,0.288723577,0.288326322,0.290727528,0.291061399,0.294984647,0.296492239,0.301519821,0.307533258,0.314017284,0.320998814,0.327978583,0.333622469,0.33828125,0.34268372,0.347313438,0.350458688,0.354366046,0.357424036,0.361303386,0.364525428,0.367202985,0.370000943,0.373257212,0.376201356,0.378888483,0.381671843,0.385081897,0.38847183,0.391893636,0.39561071,0.399071244,0.403269676,0.406915424,0.411176712,0.414342841,0.41758679,0.420871662,0.423887662,0.426897657,0.429775718,0.43184891,0.434441691,0.437181003,0.439860672,0.442795405,0.445352057,0.447972869,0.4505993,0.452830958,0.454731599,0.45611286,0.458197392,0.46074829,0.463309628,0.46714625,0.470156872,0.473177441,0.475978221,0.478445567,0.48102959,0.483949369,0.486156591,0.488199389,0.490172219,0.491924264,0.493421365,0.495199019,0.495947865,0.497213235,0.498408758,0.499190273,0.500504009,0.501644479,0.502045015,0.503746159,0.504714225,0.505961937,0.507263928,0.508811835,0.510794241,0.511991938,0.513834468,0.515345121,0.517163376,0.518778983,0.520734955,0.522036566,0.524283639,0.526356807,0.527998234,0.530457497,0.532361161,0.533942399,0.535941057,0.538403443,0.539667525,0.541666971,0.54349805,0.545235161,0.546208382,0.546757266,0.551994689,0.552298082,0.553545049,0.5557201,0.556724928,0.55804442,0.559557202,0.561369963,0.562560707,0.565043465,0.565844159,0.566470747,0.568742709,0.568597568,0.571143768,0.571716254,0.572617631,0.574334605,0.574906122,0.576031139,0.576720207,0.577624283,0.579391706,0.579630486,0.58142198,0.581925721,0.582488515,0.58215023,0.583988748,0.584416256,0.584130835,0.585363798,0.586352506,0.586933501,0.587886175,0.586735515,0.587968017,0.586487403,0.588991191,0.588943993,0.588577067,0.587476771,0.58807711,0.588408187,0.588532635,0.588884834,0.587509791,0.589789158,0.588195365,0.587797682,0.587690291,0.58892115,0.586887031,0.58840169,0.58877066,0.589028793,0.588549215,0.588116157,0.587419231,0.589033925,0.586400553,0.585299273,0.586419792,0.586369792,0.584813313,0.585007957,0.585364816,0.583991,0.583759133,0.585800168,0.585031641,0.583386696,0.584081134,0.58471749,0.584413985,0.582085763,0.582187076,0.578111006,0.581142876,0.58097205,0.577082301,0.580108145,0.575383293,0.572594676,0.570890073,0.575145164,0.56864511,0.568964124,0.569477589,0.564573367,0.565741299,0.569609839,0.564844134,0.559511126,0.567001968,0.566430339,0.565289835,0.556598944,0.560271852,0.463242228
M92,0.096511719,0.226289157,0.22474438,0.224675559,0.227485413,0.228954187,0.232673309,0.234669992,0.239344514,0.241579295,0.246303487,0.251058918,0.255607927,0.260330197,0.265179731,0.269087276,0.272585859,0.276108145,0.27992463,0.282711736,0.286237287,0.289142361,0.292840295,0.296014986,0.298716904,0.301594883,0.304932266,0.308015938,0.310819078,0.313596513,0.316782148,0.319833013,0.322832399,0.32590532,0.328847132,0.332270294,0.335269988,0.338688692,0.341269911,0.343951809,0.346725497,0.349323049,0.351966729,0.354533807,0.35646785,0.358827997,0.361294599,0.363687066,0.366197169,0.368431495,0.370741047,0.37318929,0.375304607,0.37736401,0.378962008,0.381053508,0.383392029,0.385512345,0.388471211,0.390746796,0.393158525,0.395507391,0.397644868,0.39992192,0.402518804,0.404506402,0.40645274,0.408362851,0.410077786,0.411647185,0.413499202,0.414497283,0.415931199,0.417305342,0.418325814,0.419801737,0.421126316,0.421897517,0.423779254,0.425072951,0.426492534,0.427930277,0.429578228,0.431550892,0.432899859,0.434768112,0.43629783,0.438064675,0.439622124,0.441434865,0.442568102,0.444530459,0.446106905,0.447291471,0.449393721,0.45093624,0.452217041,0.453787944,0.455775727,0.456742566,0.458259831,0.45949106,0.4604552,0.461272657,0.461808969,0.46585695,0.46641838,0.467535924,0.469377284,0.470160027,0.471305476,0.472448861,0.473908694,0.474833574,0.476824636,0.477371545,0.477887508,0.479686383,0.479592936,0.48170206,0.482404916,0.483214375,0.484808932,0.485350901,0.486512133,0.487239775,0.488203384,0.489703666,0.490108807,0.491751639,0.492332612,0.492930052,0.492838134,0.494671064,0.495339092,0.495363384,0.496812342,0.497904071,0.498818952,0.499836065,0.499269293,0.500579139,0.499629915,0.501851866,0.502053746,0.501878359,0.501342678,0.501908268,0.502402938,0.502982743,0.503485054,0.502605287,0.504762542,0.503601697,0.503609894,0.503751055,0.504954405,0.503501459,0.505040407,0.505396838,0.505759116,0.505306514,0.504982749,0.504350169,0.505716048,0.50338411,0.502444525,0.503305304,0.503223965,0.501827536,0.501870397,0.501988465,0.500609467,0.500335773,0.501997845,0.501045589,0.499207428,0.49932311,0.499208845,0.498314267,0.495386772,0.494651808,0.490153865,0.491781515,0.490363264,0.48564297,0.486884397,0.48139615,0.477582578,0.47499189,0.477581173,0.471302102,0.471116095,0.471033897,0.466397347,0.466762439,0.469405978,0.465009112,0.460056538,0.466054816,0.464583565,0.463087267,0.455540386,0.457812389,0.369182996
M93,0.103836958,0.224518731,0.219647741,0.217056925,0.217165823,0.216318014,0.216099807,0.217411644,0.218165492,0.219236549,0.222630015,0.225920943,0.22941232,0.233374126,0.23775008,0.241200506,0.244943948,0.247984815,0.251287008,0.254815233,0.257758072,0.26058698,0.263608346,0.266468247,0.269420796,0.271643846,0.274004516,0.276494815,0.27920322,0.28163527,0.284518248,0.287520815,0.290697741,0.293480977,0.296232519,0.299482119,0.302195772,0.304880422,0.307701488,0.310531111,0.313218767,0.315483267,0.31806997,0.320675229,0.322950329,0.325076344,0.327269799,0.329400928,0.331538977,0.333503121,0.335597503,0.337685272,0.339750822,0.341630962,0.343546987,0.345631159,0.347885402,0.350172665,0.351747321,0.354353852,0.35677924,0.359332232,0.361512165,0.36362826,0.365844291,0.367748541,0.369908715,0.372004901,0.373654296,0.375278147,0.377294787,0.378742426,0.380486416,0.382150875,0.383648101,0.384973269,0.386369183,0.38792622,0.389317292,0.390502857,0.391760756,0.393212727,0.394503779,0.39585073,0.397008981,0.39870004,0.400168422,0.401447835,0.403335073,0.4046762,0.406687684,0.407964903,0.409413598,0.411154307,0.412711413,0.413744325,0.415273621,0.416415705,0.418234186,0.419564011,0.42055586,0.421354329,0.422560427,0.424286576,0.425528245,0.424690056,0.426546387,0.427497543,0.428245695,0.429303353,0.430569505,0.431709577,0.432547924,0.433560743,0.43452675,0.435061764,0.436486131,0.437099956,0.438046979,0.438778624,0.439951743,0.440464888,0.441096895,0.441924006,0.443235626,0.443777458,0.443423356,0.445291038,0.445237168,0.446148153,0.446320062,0.446535454,0.447688367,0.44827929,0.447391745,0.449004314,0.449152505,0.449965144,0.449754171,0.450758817,0.451433929,0.451759785,0.451575007,0.452590871,0.452449845,0.453096021,0.453533942,0.453829752,0.453719034,0.454480239,0.454295684,0.454324386,0.455647981,0.456124788,0.454411476,0.45604914,0.456870213,0.457154561,0.456665504,0.45681354,0.456852448,0.456535182,0.457727975,0.457475709,0.456715144,0.456671559,0.458226167,0.458809224,0.459083816,0.458139651,0.458214758,0.458636051,0.46042396,0.457763929,0.459692868,0.459434495,0.45880062,0.460033229,0.458234515,0.458803513,0.458304827,0.459402852,0.461013416,0.461161851,0.462035803,0.460839793,0.460732782,0.458793835,0.458661568,0.459406403,0.460087122,0.4579559,0.455588723,0.458722294,0.458443561,0.456433779,0.456695775,0.457024391,0.457391893,0.459782092,0.456144156,0.461033837,0.460944176,0.450787289,0.370396399
M94,0.095533114,0.173822296,0.17277498,0.172259887,0.173503456,0.17366284,0.174582566,0.176555194,0.17807374,0.179671801,0.183290595,0.186726939,0.190433821,0.194411369,0.198569779,0.201901482,0.205396283,0.208306724,0.211293744,0.214569822,0.217419385,0.220095332,0.223127468,0.225922771,0.228840926,0.231155197,0.233715177,0.236275343,0.238993934,0.24137586,0.244179202,0.246953747,0.24988808,0.252484824,0.255093445,0.258088411,0.260597431,0.263054779,0.265580154,0.26806019,0.270451207,0.272440553,0.274672582,0.276931899,0.278810044,0.280618726,0.282566286,0.284453093,0.286449678,0.288194391,0.290101583,0.291884393,0.293714491,0.295308928,0.296994552,0.298831706,0.300915178,0.30306917,0.304868994,0.307497563,0.309928449,0.31253697,0.314843943,0.317136872,0.319483576,0.321631666,0.323962341,0.326222533,0.328100101,0.329971846,0.332150379,0.333843768,0.335827123,0.337711329,0.339425768,0.340996914,0.342617806,0.344415207,0.346048879,0.347393486,0.348922784,0.350587015,0.352055897,0.353718898,0.355101177,0.356961086,0.358645259,0.360171802,0.362044894,0.363533558,0.365423508,0.366767015,0.368086209,0.369544403,0.371146317,0.372226101,0.373747004,0.374857594,0.37655003,0.377708238,0.37874638,0.379262051,0.380123839,0.381489922,0.382233778,0.382640245,0.383884581,0.384796133,0.385546536,0.386446191,0.387617287,0.388589914,0.389221199,0.390060481,0.390753668,0.391156153,0.392322554,0.392872807,0.393636676,0.394241597,0.395231123,0.39562331,0.396201109,0.396801013,0.39796053,0.398340373,0.398145003,0.399652618,0.399693113,0.400374187,0.400565214,0.400701186,0.401805826,0.402356967,0.401759582,0.403216269,0.403502225,0.404250773,0.40419009,0.40517994,0.405911258,0.406300998,0.406254404,0.407276563,0.407275379,0.40799138,0.408482472,0.408953326,0.408902496,0.409762844,0.410004574,0.410119483,0.41147706,0.412022743,0.41063124,0.41222984,0.413123425,0.413578486,0.413236111,0.413491525,0.4135577,0.413427003,0.414571383,0.414192391,0.413619136,0.413613292,0.414904855,0.41535783,0.41537333,0.414424227,0.414439317,0.41460358,0.416081275,0.413682223,0.415099549,0.414855153,0.414080784,0.414936093,0.413161256,0.41330119,0.412385105,0.412999093,0.414041705,0.413823371,0.414204729,0.412707922,0.4119481,0.409768236,0.409175753,0.409282327,0.409261791,0.40686474,0.404089829,0.406464553,0.405827173,0.40337331,0.402707837,0.402238302,0.401651226,0.402949401,0.399067537,0.402565625,0.401756539,0.391973686,0.310520995
M95,0.08910785,0.244037603,0.243638295,0.243651117,0.243778026,0.24583476,0.245432328,0.246700394,0.248679447,0.251032304,0.254163231,0.25810754,0.263800693,0.270031453,0.27629969,0.281099111,0.285171519,0.288949216,0.29251755,0.295280675,0.299442725,0.3017418,0.304790637,0.308033327,0.31038503,0.312486629,0.314790362,0.31714387,0.31981723,0.322024788,0.324996251,0.327547972,0.330433954,0.333384095,0.336482825,0.339041111,0.341880076,0.344725165,0.347215223,0.349603051,0.351893792,0.353866827,0.355743729,0.357676074,0.359737989,0.360835509,0.363016893,0.364851363,0.366665243,0.368632214,0.370212876,0.371984874,0.373680832,0.374829947,0.375908465,0.377282924,0.379149482,0.38082663,0.382935838,0.385730676,0.388046398,0.389904309,0.391749525,0.393492979,0.395367881,0.396833841,0.398784462,0.399692635,0.401236341,0.40220025,0.403174056,0.404412842,0.405429034,0.405915916,0.406844616,0.407840668,0.408523386,0.409296867,0.409957031,0.410607902,0.411571949,0.412528786,0.413287242,0.414364019,0.415819544,0.416507557,0.417490324,0.419158712,0.420288215,0.421748341,0.422939255,0.424173243,0.425382369,0.426461162,0.428335284,0.429089812,0.430692235,0.431741576,0.433231862,0.433830649,0.435377941,0.436415657,0.436635837,0.438727287,0.438241337,0.439741362,0.440518887,0.441944839,0.442343358,0.44343287,0.444090933,0.444950901,0.445525046,0.447200301,0.44748304,0.448671821,0.449034639,0.450125451,0.451110624,0.451206359,0.451928582,0.452753716,0.453617761,0.454033614,0.454816897,0.455592283,0.45629771,0.45639353,0.456888963,0.457876028,0.457749239,0.458348853,0.458295966,0.45937807,0.459060407,0.459413227,0.459353851,0.460741741,0.461160725,0.461224354,0.461550397,0.46210446,0.461773145,0.462934538,0.462932624,0.462861216,0.46315566,0.463736854,0.463314945,0.464050285,0.464369105,0.464541961,0.465122975,0.464513878,0.464645232,0.465331725,0.46665915,0.465893463,0.466062124,0.466868686,0.465796611,0.466245903,0.467958156,0.466733216,0.466680502,0.467353416,0.467451626,0.46700781,0.467657191,0.46765875,0.468501837,0.46741045,0.467699143,0.468549133,0.468853022,0.467376847,0.467798805,0.467533122,0.467184457,0.466059611,0.467080009,0.466425474,0.466041943,0.467617542,0.466486651,0.467094988,0.46499615,0.465026002,0.466953259,0.465946134,0.464387989,0.46506102,0.466124074,0.461938324,0.459617138,0.461122701,0.464997986,0.46330753,0.461279019,0.461177092,0.463191503,0.457030263,0.45424744,0.460281522,0.374210181
M96,0.10174777,0.129272006,0.130003295,0.130506148,0.131241982,0.132892716,0.133437629,0.134872071,0.136890066,0.138909713,0.141301711,0.143646562,0.146410347,0.14938664,0.152406143,0.154858737,0.157268255,0.159696248,0.162140492,0.164221931,0.16722446,0.169242903,0.171784267,0.174366607,0.176594136,0.178634093,0.180878412,0.183128448,0.185537035,0.187642317,0.190124761,0.192315114,0.194685592,0.196985409,0.199456209,0.201477166,0.203793647,0.206077555,0.208251858,0.210407429,0.212628666,0.214592243,0.216581759,0.218605568,0.220780538,0.222347437,0.224503984,0.226421877,0.228250106,0.230225819,0.231967064,0.233920052,0.235953993,0.237791398,0.239619248,0.241646494,0.243793536,0.24575298,0.247654569,0.25017004,0.252500759,0.254742192,0.257025137,0.259332699,0.261834111,0.263969996,0.266568195,0.268365439,0.270637545,0.272493756,0.274396593,0.276442017,0.278293886,0.279755762,0.281503308,0.283285862,0.284807777,0.286417165,0.28791278,0.289404119,0.291079221,0.292809675,0.29434046,0.296055943,0.297979321,0.29945151,0.301103054,0.303166674,0.304880481,0.306697414,0.308358915,0.309945275,0.311384292,0.312615853,0.31468598,0.315724777,0.317508051,0.318702625,0.320247584,0.321050585,0.322560904,0.323533878,0.323761808,0.32579533,0.325896297,0.326894173,0.328207312,0.329614773,0.330266502,0.331267964,0.332124265,0.332898005,0.333601748,0.335006821,0.335578694,0.336591939,0.337177464,0.338094878,0.339233325,0.339399824,0.340244338,0.34102317,0.342043475,0.342465941,0.343438374,0.344263698,0.345008723,0.345301298,0.345896765,0.34678687,0.346942245,0.34755764,0.347791917,0.348916776,0.348986279,0.349563696,0.349894086,0.351312422,0.352063402,0.352363579,0.352941098,0.353586987,0.353721262,0.354826887,0.355155018,0.355292873,0.356070307,0.356777997,0.356956484,0.357940909,0.358565306,0.359027341,0.359824978,0.359680565,0.360128016,0.360995671,0.362293418,0.362074835,0.362416415,0.363231754,0.36267346,0.363084172,0.36461808,0.36372512,0.36384052,0.364450125,0.364776361,0.364487382,0.365063271,0.365100069,0.365741001,0.364982403,0.365268734,0.365793685,0.366155285,0.364945629,0.365304663,0.365052231,0.364650843,0.363840929,0.36437905,0.363664058,0.363195894,0.364462448,0.363464481,0.363802121,0.361855104,0.361773467,0.362991163,0.361912813,0.36043641,0.360612887,0.360976697,0.357445707,0.355176638,0.356085092,0.35867469,0.356781053,0.354781436,0.354230477,0.354914279,0.34942876,0.346894731,0.350633029,0.262307124
M97,0.095086058,0.161967243,0.161113016,0.162287406,0.16351156,0.164811208,0.165585948,0.167522047,0.169166575,0.171711541,0.174749301,0.178413141,0.182883962,0.187005821,0.190758144,0.194625554,0.198129698,0.200996636,0.203939389,0.206658417,0.209354493,0.211963579,0.215068465,0.217285186,0.220024732,0.222164978,0.224553564,0.226964369,0.229488958,0.231966107,0.234292301,0.237113143,0.239330115,0.241793902,0.244722285,0.247038683,0.24969917,0.252052547,0.25443932,0.256309215,0.258766702,0.26087854,0.262728708,0.264826966,0.26682104,0.268509553,0.270124203,0.272070231,0.273746502,0.275598934,0.277368917,0.279206601,0.281078038,0.282489803,0.284124096,0.285927661,0.287667771,0.289583619,0.291077263,0.293754285,0.296325363,0.298378267,0.300443572,0.302688407,0.304741135,0.306839122,0.308668857,0.310165661,0.3118703,0.313232224,0.314806955,0.316084166,0.317241159,0.318197508,0.319511681,0.320430366,0.321309966,0.322257033,0.32321477,0.324718386,0.326159267,0.327255615,0.328800908,0.330146969,0.331830616,0.333516832,0.335044706,0.336624371,0.338742609,0.340086359,0.34172502,0.343219261,0.344826818,0.346066465,0.34812841,0.349084453,0.350783267,0.351879039,0.353458463,0.354497626,0.355442604,0.356171018,0.356965001,0.358503523,0.358582308,0.359380505,0.360781643,0.361652408,0.362368821,0.363576627,0.364220572,0.364807196,0.365644358,0.366482928,0.367139255,0.367604903,0.368296331,0.36938869,0.370246955,0.370553671,0.371097746,0.372110609,0.372845435,0.373021376,0.373798368,0.374307033,0.374830266,0.375310155,0.37616556,0.376961784,0.376743184,0.377085436,0.377675921,0.378521991,0.378134805,0.37911068,0.379740964,0.380029319,0.380334577,0.380893983,0.381948716,0.38198832,0.382307278,0.38290291,0.383503987,0.383753868,0.383855619,0.384852185,0.385350689,0.38572798,0.385516515,0.386430947,0.386251099,0.386335776,0.386961211,0.38812575,0.388503895,0.388381666,0.387787615,0.388886304,0.388570867,0.389315614,0.389878995,0.389196988,0.38955169,0.389068954,0.38965936,0.389562051,0.390668439,0.389392646,0.388718763,0.390073667,0.388901526,0.390065526,0.388799648,0.38988531,0.388584334,0.388698896,0.388767232,0.388362466,0.389517727,0.386676536,0.38682528,0.38585522,0.3853124,0.386103891,0.384771456,0.385290844,0.383681145,0.38317282,0.382204929,0.379163888,0.380290001,0.377374022,0.380329978,0.377444246,0.376020124,0.374631221,0.373492404,0.373793236,0.369059991,0.371022888,0.369716776,0.367062106,0.248438118
M98,0.106729378,0.243765491,0.238633294,0.237719196,0.237574921,0.238007169,0.237730968,0.239236019,0.240370145,0.242800801,0.245720141,0.24958112,0.254553187,0.25903991,0.263215333,0.267725626,0.271709567,0.275051044,0.278421952,0.281623263,0.284716153,0.287609519,0.291188097,0.293598968,0.296665135,0.298996228,0.301580006,0.304178639,0.306966648,0.309826129,0.312572027,0.315970031,0.318641518,0.32159886,0.325161282,0.328045611,0.331291771,0.334251707,0.337222617,0.339501187,0.342513783,0.345143193,0.347371705,0.350006617,0.352485777,0.354560484,0.356485909,0.358847934,0.36089438,0.363026834,0.365132667,0.367285837,0.369552706,0.371141925,0.373041093,0.375110306,0.377060211,0.379129302,0.380667998,0.383460289,0.386215073,0.388173305,0.390228429,0.392500775,0.394519388,0.396626697,0.398291546,0.399646759,0.4012212,0.402383412,0.403781891,0.404821805,0.405747486,0.406409029,0.407474352,0.408093595,0.408706412,0.409343557,0.410111147,0.411498019,0.412827104,0.413761486,0.415268872,0.416484446,0.418148574,0.419796656,0.421246817,0.422776171,0.425037088,0.42636782,0.42809454,0.429762531,0.431736135,0.433261434,0.435495305,0.436629507,0.438588015,0.439944071,0.441805967,0.443151796,0.444344974,0.445491045,0.446880412,0.448730995,0.448702032,0.449932013,0.451392835,0.452379345,0.453147755,0.454660392,0.455432872,0.456206165,0.457348662,0.458476257,0.459303372,0.459887032,0.460677631,0.462125849,0.463074414,0.463474255,0.464110108,0.46534787,0.466044231,0.466265979,0.466947313,0.467596319,0.468125594,0.468679097,0.469669817,0.470652869,0.470397948,0.470807349,0.471406809,0.472308559,0.471780781,0.472781096,0.473308811,0.473516974,0.473692887,0.474235837,0.475299225,0.475288293,0.475525072,0.476145464,0.476695105,0.477044237,0.476830498,0.477960951,0.478267475,0.478441832,0.478024303,0.478921457,0.478532112,0.478465898,0.479047422,0.480257115,0.480627365,0.480377911,0.479572132,0.480775442,0.480246503,0.481180337,0.481834479,0.481023301,0.481559957,0.481022987,0.481677612,0.481845462,0.483220448,0.481742563,0.481110922,0.482934385,0.481644971,0.483142859,0.481707831,0.483404171,0.481874556,0.482356027,0.482860097,0.482583525,0.484447443,0.481455067,0.482140944,0.481289106,0.481107648,0.482721452,0.481516006,0.482835249,0.481748272,0.481731165,0.481197586,0.478233047,0.480267446,0.47684106,0.481512261,0.478658081,0.477572605,0.477055089,0.476047181,0.477641183,0.472551187,0.476212196,0.474790191,0.472630971,0.334816968
M99,0.07601043,0.227017786,0.222517068,0.220663574,0.220162894,0.220478968,0.221556198,0.222635898,0.22304286,0.223498866,0.226301085,0.229105175,0.232121344,0.236413412,0.239692944,0.243579714,0.247118523,0.250222015,0.253463506,0.256628529,0.260178387,0.263098608,0.266238221,0.26967812,0.27195311,0.274825366,0.277475215,0.280567803,0.283158526,0.286160968,0.289045472,0.292276761,0.295427008,0.298881627,0.302288773,0.30532683,0.308440958,0.311845066,0.31496408,0.318055819,0.320931412,0.32346614,0.326293286,0.328946595,0.331481746,0.333911426,0.336702901,0.339195768,0.341599064,0.344121542,0.346586644,0.349095998,0.351436453,0.353614819,0.355785074,0.357802245,0.360229659,0.362277916,0.364502467,0.36720063,0.369898859,0.372317615,0.374323144,0.376797181,0.379008372,0.381287098,0.382970267,0.384607477,0.38665821,0.388087629,0.389816546,0.391196369,0.392194773,0.393454613,0.394638173,0.395647944,0.396387967,0.397419744,0.398553569,0.400058221,0.401966387,0.403212848,0.405014636,0.406731191,0.408402605,0.410261477,0.411897418,0.4141772,0.416095412,0.417618388,0.420116329,0.421684598,0.423955936,0.425786889,0.428176151,0.42985261,0.432059337,0.433682397,0.435179798,0.437535715,0.438988272,0.440493668,0.441861849,0.444442571,0.44533807,0.446078611,0.448053255,0.449327185,0.450449101,0.451814805,0.45335195,0.455311222,0.45583608,0.457174986,0.458281237,0.459067844,0.460654969,0.461255279,0.463016162,0.463738951,0.464055801,0.465617067,0.466022068,0.467778315,0.468785578,0.469082617,0.469878883,0.470738734,0.471238059,0.472520667,0.473240266,0.473981578,0.474906131,0.476085583,0.476667949,0.477096765,0.477905335,0.478368815,0.479786517,0.480558467,0.479818398,0.48100191,0.481492197,0.482247564,0.481795903,0.482105385,0.483081637,0.482860821,0.484352996,0.483243885,0.483974458,0.485019085,0.484495064,0.484547461,0.485255827,0.484939169,0.485276056,0.486569413,0.485685545,0.486874075,0.486397018,0.487266116,0.486130226,0.486960816,0.487509302,0.486717451,0.487521759,0.487550359,0.488883927,0.487382432,0.486749268,0.488574365,0.48718075,0.488532127,0.486908918,0.488456,0.486850406,0.486866367,0.486810902,0.48592137,0.48388669,0.483410368,0.483177279,0.481657362,0.480553256,0.47717252,0.47478649,0.474741497,0.472186896,0.471011093,0.469999686,0.471970336,0.468509033,0.471173706,0.470191694,0.467579977,0.466794894,0.466437292,0.466277749,0.468184749,0.472221498,0.467819583,0.467256851,0.466327754,0.382217782
M100,0.109157849,0.140114493,0.137925068,0.136876629,0.136907348,0.137476083,0.138787464,0.140162131,0.14121455,0.142307053,0.144904017,0.147334079,0.149894259,0.153096594,0.155634889,0.158541843,0.161283203,0.163786541,0.166333663,0.168780972,0.171615945,0.17417452,0.176961626,0.179888733,0.182250001,0.184913998,0.187619586,0.190489979,0.193140991,0.195876148,0.198540692,0.201283983,0.204054838,0.206952303,0.209877387,0.21256823,0.215330934,0.218288647,0.221065731,0.223789646,0.226381087,0.228771511,0.231301433,0.233672749,0.235980748,0.238158625,0.240659112,0.242871958,0.245163065,0.247516375,0.249877306,0.252245025,0.254549808,0.256771284,0.259010014,0.261222466,0.263773364,0.266108591,0.268817359,0.271798352,0.274783012,0.277651947,0.280240416,0.283208568,0.285977175,0.288883249,0.29127628,0.293656824,0.296303287,0.298527037,0.3008551,0.302877198,0.304609321,0.306514632,0.308319792,0.310010685,0.311473295,0.313123513,0.314852902,0.316792906,0.319123271,0.320878448,0.323143289,0.325324212,0.327440758,0.329717774,0.331810245,0.334438,0.336573219,0.338457872,0.341013293,0.342849389,0.345021571,0.346814332,0.349379616,0.351186239,0.3533968,0.355062925,0.356535484,0.358676314,0.360122679,0.361356203,0.362382347,0.364598992,0.365433577,0.367021075,0.36868833,0.369995416,0.371139306,0.372417226,0.373844763,0.375540479,0.376024181,0.377225433,0.378304836,0.379100698,0.380557982,0.381200414,0.382788715,0.383437088,0.383823059,0.385208846,0.385675816,0.387224551,0.388247933,0.388564046,0.389451006,0.390187159,0.390823029,0.391869658,0.392596276,0.393277337,0.394175832,0.395254693,0.396064015,0.396540832,0.397527366,0.398145875,0.399498878,0.400337698,0.399938692,0.401151633,0.401697197,0.40249271,0.402278092,0.402774579,0.403889137,0.404019206,0.405724279,0.405378471,0.406456833,0.407556233,0.407480672,0.407817338,0.408669623,0.408635074,0.409221285,0.410582043,0.410071269,0.411315362,0.411097456,0.411988219,0.411148715,0.41206826,0.412599206,0.412063922,0.41277249,0.412936362,0.414006479,0.41262265,0.411944916,0.41347984,0.412131258,0.413500066,0.411992466,0.413304165,0.411914417,0.412072438,0.412227974,0.411699375,0.410191868,0.409877481,0.409818001,0.408847117,0.408226406,0.405757683,0.403937478,0.404194227,0.402404704,0.401549102,0.400515373,0.401460728,0.397808384,0.399396699,0.39767502,0.394546029,0.392835436,0.39146395,0.390267617,0.390449539,0.392836694,0.38768158,0.386240567,0.383838234,0.293260315
M101,0.103023062,0.300195708,0.291724987,0.286731368,0.284358579,0.283515826,0.285920615,0.286504704,0.289233218,0.292827328,0.296481733,0.300708191,0.306362402,0.311420418,0.318060212,0.323618157,0.328709194,0.332866587,0.338084809,0.342041554,0.345254,0.349872022,0.353936074,0.357375051,0.361201089,0.36398135,0.367934338,0.371382261,0.374675705,0.378457793,0.381807775,0.38607791,0.389879806,0.394436023,0.398454255,0.403707699,0.40812488,0.413087804,0.417484122,0.421886963,0.426174775,0.430159384,0.434456471,0.438140542,0.441926554,0.445493826,0.449183578,0.453302439,0.457296739,0.461300787,0.465387299,0.469087098,0.472350602,0.475313089,0.478676216,0.481182574,0.484758863,0.488606002,0.492648963,0.496525262,0.499816497,0.502937752,0.505605032,0.507999295,0.510700444,0.513315039,0.515421545,0.517104775,0.518677774,0.521018008,0.522024021,0.523137508,0.524074595,0.524751097,0.525428719,0.526038085,0.526451137,0.527000143,0.52808677,0.528841763,0.530577902,0.531932921,0.533950278,0.536262484,0.538194355,0.540613359,0.543230974,0.546029445,0.548178821,0.550684125,0.553263522,0.55622492,0.55952251,0.562320056,0.565361282,0.568544128,0.572401239,0.575433166,0.57891911,0.581705285,0.585216434,0.588511553,0.591900536,0.593840607,0.595924453,0.603239058,0.604431178,0.608295454,0.610614464,0.614137913,0.616917442,0.618878225,0.622938294,0.625607707,0.628930801,0.631013288,0.634130016,0.637177238,0.639550382,0.642232611,0.64482967,0.646513404,0.649416803,0.651772269,0.654975899,0.655596904,0.658565337,0.659930296,0.662130683,0.664582761,0.667218485,0.668346903,0.669928733,0.670993547,0.673327853,0.673051587,0.674855244,0.677519314,0.676774764,0.677735013,0.67993244,0.679482417,0.679865255,0.68240211,0.682566558,0.682056055,0.682795933,0.68341368,0.683525447,0.682842015,0.684570809,0.684565118,0.684159038,0.684164568,0.685499502,0.684743722,0.685352306,0.687285941,0.688354957,0.684931957,0.686828367,0.687794269,0.686270731,0.68721273,0.687799021,0.689631254,0.687326167,0.687116693,0.688889979,0.685980324,0.688193504,0.687126989,0.684007304,0.685993209,0.686561592,0.684351327,0.685223822,0.684673297,0.683918442,0.68219464,0.683339674,0.682616243,0.681975144,0.678097075,0.67590056,0.675903419,0.671332875,0.670524913,0.672417605,0.668802348,0.664435566,0.663026417,0.661467343,0.660140904,0.661105742,0.660377767,0.662095696,0.654508039,0.656930987,0.651415656,0.647588759,0.656250201,0.644446684,0.644701279,0.440337734
M102,0.095461116,0.262601864,0.259172947,0.256885873,0.256304663,0.256748725,0.260082652,0.261414011,0.264735127,0.268656779,0.272565499,0.276920935,0.282705746,0.287773967,0.294095336,0.29932867,0.303984131,0.307686603,0.312413858,0.31578063,0.318545762,0.322582021,0.326288853,0.329342821,0.332867358,0.335335212,0.339028876,0.342348386,0.345522767,0.349018585,0.352122562,0.355914459,0.359358286,0.36355124,0.367237871,0.372086814,0.376095779,0.380510383,0.384307002,0.38801769,0.391627802,0.394906372,0.398393097,0.40128515,0.40421518,0.406905304,0.409765944,0.412983084,0.416182072,0.419410811,0.42274266,0.42567937,0.428174164,0.430399367,0.433003059,0.434895991,0.437877064,0.441280279,0.44519366,0.449001431,0.452199852,0.455264277,0.45786765,0.460258713,0.462855975,0.465449565,0.467545413,0.469203743,0.470813638,0.473098462,0.474129838,0.475210334,0.476222414,0.4768817,0.477565659,0.478159436,0.478563987,0.479088751,0.480116634,0.480776914,0.482400509,0.48364232,0.485484433,0.487686356,0.489426889,0.491720276,0.494155226,0.49675448,0.49861342,0.500794229,0.502971511,0.505488638,0.508102216,0.510157356,0.512980587,0.515615198,0.518936348,0.52146885,0.524295891,0.526464285,0.529414154,0.531878433,0.534317932,0.535852303,0.537059656,0.544221209,0.544753041,0.548047317,0.549968831,0.552914072,0.555119878,0.55656839,0.559872351,0.561848903,0.564534254,0.566040149,0.568517371,0.570992529,0.572903624,0.574990988,0.57716993,0.578399519,0.580849373,0.582757819,0.585573673,0.585939313,0.588537596,0.589603101,0.591534176,0.59350736,0.595811992,0.59661802,0.598036857,0.599088913,0.60121196,0.601037994,0.602804088,0.605384244,0.604861498,0.605937646,0.608163526,0.607939554,0.608396748,0.610655887,0.610894696,0.610620971,0.611415948,0.612138676,0.612486742,0.612423963,0.614425462,0.614521924,0.614452729,0.614699555,0.616283432,0.615807169,0.616558491,0.618509601,0.619770531,0.616936358,0.618792346,0.619892975,0.618491995,0.619546785,0.620148774,0.621835339,0.619594752,0.619485212,0.621097021,0.618325989,0.620259175,0.61924345,0.616406346,0.618103498,0.618645903,0.616406118,0.61711362,0.616252379,0.615499842,0.613550923,0.614068639,0.612809847,0.611722348,0.60779488,0.605344343,0.604910714,0.599972047,0.59858253,0.599743983,0.595817585,0.591048623,0.589225774,0.587172179,0.585467067,0.585471847,0.584107387,0.585163431,0.577505659,0.579027334,0.572760306,0.568317892,0.574943743,0.563766533,0.563024055,0.381394148
M103,0.125845559,0.3166609,0.309161849,0.304786702,0.30327017,0.303598529,0.307737855,0.310199806,0.315376126,0.321669023,0.327939398,0.334487898,0.342076218,0.348895834,0.357344791,0.364521111,0.37088666,0.376291597,0.382590262,0.387293906,0.390947619,0.396183485,0.400643064,0.404397004,0.408644159,0.411652729,0.416112415,0.4199941,0.423718018,0.427900434,0.431679402,0.436402335,0.440757347,0.446009423,0.450589971,0.456716928,0.461845798,0.467712682,0.472831087,0.478090308,0.483098534,0.487905919,0.492940955,0.497406697,0.501948865,0.506223645,0.510601949,0.515332503,0.520069783,0.524767085,0.529562758,0.533973908,0.537970323,0.541635,0.545891653,0.548986267,0.553086654,0.557308517,0.561898378,0.565792645,0.568908324,0.572043074,0.574674225,0.577077405,0.579727095,0.582474521,0.584410472,0.585909947,0.587327777,0.589564595,0.590202188,0.590823798,0.59135412,0.591488381,0.591607532,0.591580507,0.591435684,0.591355475,0.59192506,0.591981377,0.59334913,0.594142942,0.595803805,0.597785033,0.599412157,0.60157409,0.603957511,0.606629969,0.608357241,0.61066523,0.612949132,0.615705322,0.618777742,0.621216382,0.624262701,0.627434059,0.631297415,0.634156839,0.637507045,0.640060074,0.643674498,0.646810027,0.65009182,0.651472397,0.652739306,0.662402539,0.662297062,0.666148021,0.668291061,0.671898308,0.674480253,0.676348488,0.680382129,0.68297205,0.686080534,0.688129051,0.690981092,0.694267247,0.696281944,0.699085196,0.701280211,0.702916767,0.705394233,0.707742883,0.710638493,0.710858315,0.713641797,0.714804902,0.71684655,0.719025083,0.721361137,0.722109911,0.723328541,0.723995284,0.725938866,0.72514733,0.726494413,0.728858682,0.727312918,0.727981561,0.72957167,0.72866662,0.728351492,0.730745536,0.7301292,0.729289336,0.729364494,0.729541046,0.728772039,0.72756234,0.728977132,0.728696024,0.727630369,0.727191289,0.728133847,0.726868457,0.727076097,0.72854368,0.729151154,0.725326973,0.72677518,0.72761159,0.725598343,0.726420748,0.726673391,0.728290063,0.72516401,0.724809817,0.726377292,0.723026184,0.725009766,0.723465547,0.719923991,0.721668396,0.722148243,0.719281244,0.720257099,0.719143022,0.71818806,0.716058681,0.717024068,0.715877703,0.714675272,0.710186205,0.707652192,0.707174289,0.701933227,0.700706099,0.702168331,0.69816803,0.693075805,0.691214074,0.689075922,0.687577815,0.687868132,0.686706798,0.687858466,0.679530088,0.681333641,0.674499883,0.670095881,0.678511754,0.665337399,0.665297596,0.454471822
M104,0.130265779,0.262865133,0.261474749,0.260609287,0.260993147,0.262396452,0.266486287,0.269077303,0.27354984,0.278828325,0.283960842,0.289362127,0.295765317,0.301403254,0.308323205,0.31424691,0.319546847,0.323829852,0.329152514,0.333048854,0.336279796,0.340744354,0.34474747,0.348059058,0.351765203,0.354382105,0.358268579,0.361734123,0.365006285,0.368650696,0.371729894,0.375592168,0.379062883,0.383255094,0.386774764,0.391525631,0.39534984,0.399731815,0.403545142,0.407385674,0.411209464,0.414733491,0.418500529,0.421745981,0.425029009,0.428064247,0.431259019,0.434805297,0.438273721,0.441742542,0.445241755,0.44843675,0.451318089,0.453980554,0.457109683,0.459388278,0.462597788,0.465964252,0.469496554,0.4729289,0.475771982,0.478559284,0.480972546,0.483174025,0.485661567,0.488129269,0.490061695,0.491549529,0.49297351,0.495055398,0.495933024,0.496852435,0.497636924,0.49811503,0.498597301,0.498968736,0.499146154,0.499440326,0.500225298,0.500678008,0.502100378,0.503131399,0.504819264,0.506822538,0.508438624,0.510647348,0.512904394,0.515439201,0.517199021,0.519315836,0.521361922,0.523794431,0.526227071,0.528173538,0.530848134,0.533398026,0.536655979,0.539064984,0.541827578,0.543933218,0.546786507,0.549152007,0.551382231,0.552751728,0.553725404,0.56091169,0.561175668,0.56437594,0.566085686,0.568948991,0.570960916,0.572356765,0.575470371,0.577472344,0.579915288,0.581326889,0.583534519,0.585906243,0.58753237,0.589550321,0.591364247,0.592533186,0.594599653,0.596286007,0.598800063,0.598988694,0.601295733,0.602154464,0.603811588,0.605569915,0.607538126,0.608115358,0.609163601,0.609971756,0.611752774,0.61129848,0.612594897,0.614893988,0.613999403,0.614804884,0.616474143,0.616040334,0.616115663,0.618186671,0.618108004,0.617631986,0.618199751,0.618646645,0.618724774,0.618080191,0.619636627,0.619606188,0.619120104,0.619170706,0.620327812,0.619584313,0.620101545,0.621758531,0.622781752,0.619749389,0.621336421,0.62225806,0.620721066,0.621519125,0.621963957,0.623504946,0.621183118,0.620981,0.622356031,0.619483796,0.62134976,0.620021734,0.617178591,0.618764293,0.61931162,0.616958636,0.617587883,0.61681357,0.615928436,0.614116924,0.614888399,0.613686175,0.612554193,0.608853024,0.606519858,0.606217383,0.601372322,0.600119464,0.600881236,0.59725681,0.592587373,0.590381354,0.588083844,0.586351859,0.586198099,0.584729897,0.585275678,0.577399184,0.578398911,0.571877069,0.567393131,0.573950505,0.561958232,0.560679025,0.379039134
M105,0.18134982,0.275785585,0.270633352,0.267478563,0.266054661,0.265940876,0.268939547,0.27066773,0.274770354,0.28012442,0.285521335,0.291101854,0.297646726,0.303524773,0.310867556,0.317138172,0.322683788,0.327332409,0.332877007,0.33705652,0.340413351,0.345043032,0.349054038,0.352416899,0.356169029,0.358789935,0.362622604,0.366067243,0.369285735,0.372947386,0.376211705,0.380403067,0.384154394,0.388694961,0.392583664,0.397840941,0.402197173,0.407180613,0.411610807,0.416110362,0.420510242,0.424624052,0.42893721,0.432658248,0.436470024,0.439983289,0.443659386,0.447512013,0.451295616,0.455031894,0.458863702,0.462444769,0.465606289,0.468591365,0.472141069,0.474850749,0.478357693,0.481815766,0.485274744,0.488690654,0.491399909,0.49415129,0.496537095,0.498621437,0.501004164,0.503381175,0.505261666,0.506573714,0.507895565,0.509780738,0.510441261,0.511109579,0.511638269,0.511872502,0.512152011,0.512295479,0.512241836,0.512288317,0.512861365,0.51298721,0.514196232,0.514958304,0.516371412,0.51808697,0.519426503,0.521302641,0.523390816,0.525706814,0.527360134,0.529406642,0.531517972,0.533929492,0.536678806,0.538896561,0.541613161,0.544267201,0.547611997,0.550058134,0.552986906,0.555075987,0.558108111,0.56066572,0.563321439,0.564709663,0.56550677,0.572839038,0.5729257,0.576035053,0.577663193,0.580482882,0.582435865,0.5838672,0.587052018,0.589027062,0.591447714,0.592921822,0.595196463,0.5976261,0.599284384,0.601282392,0.603001357,0.604152112,0.606161496,0.607804855,0.610204894,0.610209366,0.612440045,0.613146687,0.614650309,0.616354863,0.618096862,0.618595362,0.619399725,0.619937828,0.621374392,0.620734802,0.621676089,0.6237243,0.622374177,0.622917235,0.624323685,0.623577256,0.623295001,0.625141799,0.624700174,0.623885634,0.624242907,0.624474011,0.624176628,0.623093535,0.624352815,0.624020962,0.623269831,0.622950874,0.623839423,0.622916626,0.623051161,0.624556904,0.625210847,0.621882383,0.623276708,0.624053785,0.622204021,0.622903961,0.623152615,0.624505119,0.622082245,0.621757168,0.623142922,0.620206813,0.622004252,0.620741789,0.617783903,0.619218366,0.61987048,0.617480465,0.618278672,0.617638042,0.6169355,0.615198959,0.616311959,0.615390977,0.61496392,0.611462824,0.609378505,0.609511921,0.605212073,0.604638289,0.606330657,0.603224812,0.598758461,0.597249735,0.595626834,0.59416917,0.594765941,0.593707707,0.594965359,0.587611063,0.589419408,0.583719532,0.579597667,0.586568213,0.57550409,0.575012696,0.393456253
M106,0.127034871,0.285850031,0.283505477,0.282104743,0.282111119,0.283280613,0.28765017,0.290317647,0.295326196,0.301120397,0.306825443,0.312623484,0.319431047,0.325335135,0.332734767,0.338985304,0.344497813,0.349003702,0.354563793,0.358680715,0.361980924,0.366867983,0.371159891,0.374719908,0.378787202,0.38175009,0.386108651,0.389937706,0.393570717,0.397629145,0.401180493,0.405547257,0.409568391,0.414323739,0.418514572,0.423917847,0.428395114,0.433430208,0.43777165,0.442110244,0.446272815,0.450172983,0.454171737,0.457515732,0.460860513,0.464052677,0.4673258,0.471015744,0.474632757,0.478168271,0.481819589,0.484989726,0.487814336,0.490415726,0.493639401,0.495962228,0.499235472,0.502695801,0.506552865,0.509977655,0.512749549,0.515556861,0.517938613,0.520130684,0.522548951,0.525084478,0.526982269,0.528397653,0.529661454,0.531719122,0.532376324,0.533109012,0.533724104,0.534041778,0.534372613,0.534646264,0.534736311,0.534882438,0.535615454,0.535927557,0.537306006,0.53828098,0.539971598,0.54200079,0.543611299,0.545838391,0.548182901,0.550762345,0.552437876,0.554560557,0.556594728,0.559088878,0.56150957,0.563491824,0.566194679,0.568905749,0.572184061,0.574670366,0.577491802,0.57977433,0.582716447,0.585295907,0.587686123,0.588884762,0.58999671,0.597979708,0.597990642,0.601369891,0.603107633,0.606113818,0.608284913,0.609730029,0.613035143,0.615031147,0.61761906,0.619072844,0.62140018,0.623896758,0.625481333,0.627545326,0.629391764,0.630588452,0.632659071,0.634508236,0.637072269,0.637169111,0.639609752,0.640513912,0.642212732,0.644045074,0.646147109,0.646795784,0.647938424,0.64861427,0.650490026,0.649938431,0.651332863,0.6535882,0.652547218,0.653293704,0.655192435,0.654577775,0.654708349,0.656989095,0.656963295,0.656367502,0.656875418,0.657401062,0.65729633,0.656570476,0.658194189,0.658196527,0.657577989,0.657521522,0.658631979,0.657779933,0.658339033,0.659968651,0.660878593,0.657626923,0.659313464,0.660182788,0.658593796,0.659503248,0.659907636,0.661501102,0.658994083,0.658723473,0.660175857,0.657143731,0.658955624,0.657474186,0.65436646,0.655990038,0.656475405,0.653959624,0.654693398,0.653755405,0.65285835,0.650994041,0.651808217,0.650535665,0.649517361,0.645323435,0.642992336,0.642737942,0.637819949,0.636528402,0.637766867,0.633962166,0.628824889,0.626780661,0.624311064,0.622199436,0.62204479,0.620321388,0.620906188,0.612762203,0.613660692,0.606992591,0.601841499,0.608844293,0.596187863,0.595126253,0.404263695
M107,0.107352796,0.263876943,0.256576027,0.25227404,0.250398566,0.249940395,0.252253509,0.252892275,0.255359783,0.258540307,0.262038377,0.266411319,0.272271868,0.277855182,0.284805906,0.290793464,0.296240776,0.300867312,0.306487481,0.310854102,0.314530453,0.319540354,0.323902286,0.327674366,0.331703628,0.334717351,0.338751089,0.342366697,0.345721076,0.349545081,0.352990259,0.357334282,0.36134327,0.366119348,0.370408174,0.375924065,0.380651589,0.385941123,0.390637305,0.395277599,0.399807097,0.404066043,0.408522186,0.412444477,0.416424661,0.420209007,0.424134093,0.428484638,0.432729197,0.436975729,0.44126307,0.445145673,0.448574551,0.451644991,0.455080811,0.45774806,0.46148608,0.465528752,0.469904153,0.474076249,0.47755732,0.480824689,0.48366184,0.48618504,0.488962835,0.491708912,0.493881372,0.495605488,0.497272212,0.49957233,0.500622111,0.501700286,0.50264315,0.503294025,0.50394665,0.504485229,0.504867417,0.505289484,0.506288523,0.50689674,0.508510479,0.509694492,0.511601567,0.513743056,0.51554919,0.517857218,0.520335691,0.523023218,0.525099398,0.527480201,0.529982064,0.532780583,0.535959169,0.538654018,0.54169697,0.544780561,0.548555201,0.551531784,0.554944789,0.557616365,0.56104684,0.564162214,0.567350512,0.569321827,0.571194828,0.578443039,0.579484188,0.583182209,0.585365979,0.588795457,0.591354903,0.59327814,0.597091082,0.599572388,0.602694609,0.604674509,0.607512658,0.610421585,0.612630376,0.615163948,0.617508369,0.619185478,0.621762159,0.623959359,0.627006625,0.627574175,0.63025148,0.631604931,0.63359999,0.635959127,0.638220793,0.639290207,0.640637371,0.641711132,0.643725151,0.643479887,0.645086865,0.647579059,0.64682467,0.647741636,0.649753065,0.649356287,0.649689835,0.652062326,0.652081675,0.651725791,0.652436684,0.653041992,0.653213558,0.652513761,0.653987119,0.654031905,0.653537311,0.653618571,0.654858676,0.654213027,0.654745452,0.656558794,0.657632238,0.654347852,0.656066908,0.657075051,0.655505824,0.656546707,0.657134985,0.658835902,0.656627204,0.656377022,0.658090246,0.655263325,0.6573769,0.656292023,0.653341959,0.655195262,0.655893312,0.65370205,0.654566034,0.653909384,0.653232695,0.651463807,0.65267348,0.651731902,0.651052555,0.647287658,0.645073466,0.645011914,0.640497159,0.639711425,0.641301701,0.637685586,0.633361711,0.631935228,0.630197777,0.628869539,0.629540875,0.628492677,0.630233033,0.6226713,0.624630633,0.619001519,0.615066836,0.623296321,0.610881815,0.61125533,0.490281211
M108,0.114911472,0.273165336,0.270402,0.268357555,0.26774103,0.268402652,0.272002052,0.27434102,0.278914487,0.284513052,0.290041013,0.295817197,0.302598726,0.308701582,0.316125207,0.322622316,0.328497396,0.333307843,0.339055422,0.343410595,0.346937314,0.351862029,0.356193642,0.359871149,0.363926397,0.36689513,0.371150348,0.374953547,0.37853292,0.382490727,0.38589752,0.390109777,0.393865166,0.398333469,0.402183953,0.407278747,0.411397819,0.41609863,0.420170869,0.424201707,0.428104576,0.43170718,0.435450113,0.438584234,0.441714572,0.444554242,0.447510117,0.450785149,0.453965195,0.457148171,0.460430204,0.463396836,0.466073352,0.468584241,0.471755488,0.474077691,0.477339642,0.480716232,0.484385516,0.487862202,0.49078472,0.493679054,0.496255652,0.498619256,0.501256892,0.503931247,0.506050037,0.507689534,0.509229024,0.511408538,0.512274969,0.513144997,0.513866357,0.514278648,0.514613517,0.514878736,0.514905616,0.515039406,0.515685815,0.515948122,0.517233876,0.518220245,0.519849955,0.521841922,0.52341114,0.525674183,0.52805627,0.530688382,0.532586011,0.53483231,0.536973607,0.539510083,0.542040373,0.544078436,0.546848248,0.549446283,0.552674799,0.55509301,0.557784542,0.559810248,0.562530451,0.564852126,0.566989622,0.568159751,0.569032936,0.576195072,0.576264277,0.579283685,0.580756026,0.58348247,0.585262558,0.58640016,0.589321206,0.59099216,0.593234756,0.594399868,0.596439151,0.59861189,0.600031291,0.601911859,0.603534496,0.604561699,0.606468288,0.608042831,0.610430811,0.610406874,0.612586569,0.613362452,0.614869236,0.616612939,0.618383417,0.618934576,0.619907734,0.620548493,0.622262741,0.621673733,0.622978826,0.625195887,0.624215487,0.624877724,0.626675541,0.626077551,0.626086658,0.628135623,0.627925595,0.627266453,0.627649532,0.628025028,0.627989569,0.627276988,0.628807438,0.628557191,0.62817098,0.627947943,0.629042556,0.628242258,0.62868012,0.630314397,0.631065255,0.62785129,0.629450195,0.630362216,0.628630407,0.629294649,0.629656768,0.631064051,0.628624229,0.628129129,0.629460703,0.626518483,0.628175894,0.626718946,0.623661154,0.625189421,0.62569563,0.623052471,0.623547888,0.622543072,0.621629195,0.619436575,0.619977623,0.618526991,0.617103165,0.613146475,0.61025055,0.609760684,0.604779675,0.603174474,0.604095386,0.599861046,0.595109922,0.592963462,0.590803325,0.589101968,0.588875367,0.587432522,0.588279824,0.580225857,0.581265716,0.57540273,0.570866744,0.577369165,0.565615705,0.564957374,0.467234508
M109,0.104346629,0.303160533,0.296328225,0.292399295,0.290900814,0.290782753,0.29413642,0.295590528,0.299506465,0.304382731,0.309160096,0.314369045,0.320731552,0.32650905,0.333848693,0.340071474,0.345561816,0.350065958,0.355741427,0.359853396,0.363270971,0.368038282,0.372212955,0.375705851,0.379712612,0.382496591,0.386629351,0.390258201,0.393672032,0.39750486,0.401015478,0.405392843,0.409452656,0.414346035,0.418632977,0.424390876,0.429223734,0.434655006,0.439478658,0.444308474,0.448912007,0.453245609,0.457748047,0.461572467,0.465528844,0.469261985,0.473143248,0.477424007,0.481628744,0.485809296,0.490053217,0.493869223,0.497281191,0.500355675,0.504008716,0.50673336,0.510459944,0.514483452,0.518921207,0.522827461,0.526118907,0.529270272,0.532016138,0.534507864,0.537258055,0.540083749,0.542203307,0.543866888,0.54539715,0.547738853,0.548624917,0.549555672,0.550384192,0.550847046,0.551339503,0.551746939,0.552037394,0.552360029,0.553335507,0.553833548,0.555497511,0.556660442,0.558577606,0.560833218,0.562702177,0.565072363,0.567680617,0.570543357,0.572507691,0.574985813,0.577502632,0.580452271,0.583725157,0.586421755,0.589613045,0.592975915,0.596962986,0.600135181,0.603719445,0.606594626,0.610349972,0.613736847,0.61716993,0.619021266,0.62066832,0.629821005,0.630257185,0.634289893,0.636641261,0.640397844,0.64320471,0.645286411,0.649415159,0.652159789,0.65542302,0.657687612,0.660707231,0.664041702,0.666307476,0.669153598,0.6716295,0.673453232,0.676176623,0.678690672,0.681823278,0.682411239,0.685482423,0.68687214,0.689127303,0.691647962,0.694201939,0.69529602,0.696787439,0.697917003,0.700164659,0.699755278,0.701393222,0.70409356,0.703073534,0.70400871,0.706061173,0.705653037,0.705852994,0.708342579,0.708335173,0.707876679,0.708373745,0.708873955,0.708699039,0.7078233,0.709490013,0.709475967,0.708878791,0.708723665,0.709930885,0.709002851,0.709506434,0.711288289,0.712339312,0.708695459,0.710433351,0.711486659,0.709689952,0.710651202,0.711119061,0.712824194,0.71004818,0.709890531,0.711437884,0.708320875,0.710381756,0.708867735,0.705683725,0.707588148,0.708108382,0.705509234,0.706340798,0.705473158,0.704654322,0.702696951,0.70366944,0.702618288,0.701676151,0.69758401,0.695151739,0.695010558,0.690030932,0.689178208,0.690624441,0.687007807,0.682048592,0.680332769,0.678425578,0.677010598,0.677258885,0.676014935,0.677393767,0.669312182,0.671015714,0.664666368,0.659921385,0.668229918,0.65545522,0.655207832,0.444677239
M110,0.18383791,0.239753897,0.238963232,0.238596508,0.238833961,0.240181314,0.244206531,0.246966219,0.252123144,0.258296641,0.264446675,0.270610518,0.277759468,0.284014562,0.291650884,0.298295755,0.304306691,0.309507277,0.315458595,0.320126369,0.324110444,0.3292499,0.333986731,0.337917536,0.342339645,0.34570635,0.350312269,0.354431457,0.358444816,0.362603606,0.366379728,0.370789834,0.374919448,0.379742488,0.383987291,0.389492099,0.394149832,0.399344629,0.403937007,0.408543183,0.412960276,0.417021068,0.421245104,0.424814863,0.428399362,0.431621921,0.4350632,0.438682748,0.442206604,0.445785962,0.449379664,0.452639671,0.455575338,0.458352057,0.461858938,0.464610195,0.468161617,0.471794051,0.475710841,0.479433579,0.482576099,0.485699416,0.48854338,0.49119459,0.494117564,0.497138313,0.499460841,0.501330896,0.503090529,0.505489214,0.506579839,0.50762285,0.508606591,0.509169047,0.509800272,0.510282562,0.510545194,0.510916044,0.51168808,0.512019578,0.513499653,0.514561516,0.516237634,0.518364325,0.520139624,0.522443963,0.524995399,0.527761944,0.529709059,0.532157741,0.534479106,0.537199999,0.539806764,0.54197689,0.545003528,0.547827198,0.551334442,0.553911687,0.556878702,0.559112141,0.562120972,0.564474086,0.566649182,0.567984114,0.568552922,0.57685387,0.576556421,0.579763864,0.581397181,0.584248953,0.58606474,0.587395566,0.59030331,0.592208708,0.594391256,0.595657861,0.597721804,0.600018505,0.601462586,0.603253068,0.604803971,0.605793893,0.607705125,0.609203211,0.61161542,0.611469683,0.613758833,0.61433497,0.615825332,0.6173701,0.619183593,0.619576933,0.620367223,0.620881492,0.622518504,0.621812666,0.623042381,0.62495959,0.623825075,0.624424799,0.6258393,0.62512917,0.62502465,0.62692646,0.626597923,0.626001547,0.626235824,0.626518823,0.626244125,0.625320032,0.62675966,0.626477908,0.625745896,0.625396073,0.626436181,0.625478293,0.625783128,0.627252263,0.627940468,0.624768755,0.626169454,0.626838683,0.625029138,0.625744954,0.625895654,0.627180818,0.624490163,0.624134507,0.625189398,0.622107487,0.623715982,0.622071489,0.618902223,0.620289633,0.62066049,0.617950873,0.618520577,0.617343632,0.616470889,0.614422101,0.614640635,0.613195646,0.611968291,0.607891615,0.605563966,0.605123231,0.600034824,0.598468686,0.599304104,0.595630319,0.5906381,0.588308018,0.585776415,0.583785112,0.583259813,0.581403781,0.581680538,0.573463585,0.574058685,0.566938425,0.561737334,0.56773911,0.555294763,0.553398173,0.366442766
M111,0.116461916,0.25608329,0.254799198,0.254481679,0.253227625,0.255253517,0.256314968,0.257632942,0.260737218,0.263325716,0.268566685,0.272634466,0.278965846,0.284524315,0.290442739,0.295413365,0.299721844,0.304667736,0.308320632,0.312113032,0.31584463,0.31949542,0.323174419,0.326383035,0.329770234,0.333383388,0.336138529,0.339227352,0.341948407,0.345315027,0.34810202,0.351888751,0.355224874,0.35932508,0.363329747,0.36664526,0.370475901,0.374020458,0.378313484,0.381339854,0.38485831,0.388032055,0.391072434,0.393988545,0.397029948,0.399845375,0.402769448,0.405668588,0.408444279,0.411290769,0.413883218,0.417024225,0.41929497,0.421493201,0.423815356,0.425986169,0.428777589,0.43094774,0.433605995,0.436685387,0.439196701,0.44121329,0.443243091,0.444929001,0.446687945,0.447372267,0.44887272,0.44931344,0.449567598,0.449514335,0.449815096,0.449195224,0.448805638,0.447845221,0.446564633,0.445175708,0.444086878,0.442694095,0.442077106,0.441824306,0.442157097,0.44313731,0.44437412,0.4457935,0.447650137,0.449628997,0.451770631,0.454098202,0.456682875,0.458404542,0.461524185,0.463943196,0.466778804,0.469214171,0.472042227,0.474423895,0.477061086,0.480077596,0.482402343,0.484943754,0.487311374,0.489401153,0.490959186,0.493095729,0.494009887,0.499225807,0.500110668,0.502282264,0.504175055,0.506044129,0.508348271,0.510133749,0.512363241,0.513981155,0.515383501,0.517229023,0.519147775,0.520176775,0.522210472,0.523496083,0.524723768,0.527023274,0.527688218,0.52890886,0.530772298,0.532176222,0.53282727,0.534032065,0.534955744,0.537251646,0.537276151,0.538316209,0.539760173,0.539665972,0.54038841,0.541708038,0.541968941,0.541835526,0.542659398,0.543756645,0.542968785,0.544165331,0.544583362,0.545379938,0.543965931,0.545419874,0.544825055,0.545633343,0.546256321,0.546208478,0.546235804,0.546737951,0.544967024,0.547410624,0.547126922,0.546988558,0.548109056,0.548459213,0.547719089,0.547963913,0.548152555,0.547568388,0.547043531,0.546424643,0.54787131,0.547777605,0.546851471,0.547784537,0.547771617,0.546277892,0.54646584,0.546724963,0.548540747,0.548315459,0.546907112,0.545976488,0.544404171,0.545026681,0.545546679,0.545372034,0.543414359,0.543740789,0.540072621,0.542591325,0.542165765,0.538500753,0.53580563,0.536522048,0.533625348,0.531773264,0.535486242,0.529128186,0.528925679,0.52923907,0.531747579,0.524824738,0.527650144,0.522407102,0.525889938,0.5224786,0.520360506,0.518381068,0.520909957,0.510895834,0.414509913
M112,0.117548805,0.199092456,0.199567031,0.200260899,0.199832215,0.202002321,0.203106013,0.204361292,0.206940181,0.208997482,0.213236482,0.216637627,0.221987242,0.226635011,0.231611881,0.235812405,0.239620016,0.243976397,0.247379697,0.250909229,0.254620228,0.258213534,0.261980872,0.26531987,0.268832718,0.272415168,0.27539418,0.27860909,0.281544406,0.284930249,0.28775821,0.291405546,0.294593468,0.298347991,0.302086201,0.305082108,0.308472315,0.311534845,0.315300104,0.317892655,0.320989014,0.323672451,0.326291552,0.328759987,0.331280152,0.333624634,0.336038251,0.338520364,0.340820853,0.343215094,0.34531199,0.348001326,0.349877355,0.351748486,0.353682622,0.355645292,0.358149115,0.360179173,0.362543127,0.365559329,0.368197251,0.37035665,0.372551138,0.374427948,0.376401299,0.377366345,0.379158113,0.379969278,0.380672951,0.381116438,0.381874347,0.381854679,0.381982364,0.381696434,0.381025852,0.380356327,0.379803765,0.379005607,0.378897762,0.37918261,0.37983425,0.381120209,0.3825346,0.384132136,0.386046292,0.388147542,0.390371458,0.392740902,0.39536857,0.397112953,0.400076777,0.402353597,0.404820057,0.406944572,0.409612514,0.411755136,0.41411184,0.416795226,0.418845033,0.421112598,0.423089146,0.424843139,0.425889236,0.427915019,0.429177435,0.432446923,0.433961165,0.435900596,0.437567093,0.439175633,0.44121834,0.442652115,0.444576162,0.445875565,0.447141313,0.448615123,0.450352465,0.45102273,0.452851731,0.453900284,0.455097844,0.457106829,0.457792593,0.458887281,0.460686165,0.461994482,0.462577823,0.463756339,0.464554009,0.466609839,0.46671115,0.467655489,0.469046029,0.469130231,0.46993711,0.471314191,0.471803061,0.471986063,0.473031634,0.474160536,0.473868264,0.475006604,0.475789593,0.476559925,0.4756519,0.477015876,0.476870525,0.477841316,0.478893157,0.479376108,0.47960615,0.480412522,0.479079988,0.481440893,0.481476691,0.481665973,0.482812413,0.48350932,0.48310207,0.483433936,0.483807768,0.483447121,0.483153582,0.482626959,0.484021552,0.484086845,0.4834483,0.484158556,0.484247605,0.482944862,0.483010184,0.483286854,0.485016431,0.484701078,0.483578519,0.482688564,0.481237726,0.481818326,0.482163489,0.482153863,0.480281358,0.480442962,0.47700575,0.479298067,0.4787795,0.475375464,0.47273945,0.473123114,0.470556803,0.468421718,0.471266393,0.465480041,0.46503705,0.464659885,0.466661857,0.460044335,0.462340531,0.457210129,0.459610598,0.456315901,0.453883926,0.451618829,0.453264817,0.443769623,0.350300592
M113,0.092408784,0.246079726,0.242882176,0.241332822,0.239659592,0.241608218,0.242518603,0.243518652,0.245909412,0.247486273,0.251547461,0.254761349,0.26052874,0.265591274,0.271005545,0.275608357,0.279613851,0.284358301,0.28791739,0.291606178,0.29539908,0.299036039,0.302816699,0.306096276,0.309830127,0.313539788,0.316762936,0.319971253,0.322973348,0.326359003,0.329362199,0.33313078,0.336589697,0.340640988,0.344738094,0.348201565,0.352100243,0.355710414,0.359950424,0.36294269,0.366303447,0.369394089,0.372252124,0.375025002,0.37782499,0.380435594,0.383201461,0.385954265,0.388767472,0.391505975,0.394041122,0.396976726,0.39924103,0.401234273,0.403261709,0.405091164,0.407645416,0.409932034,0.413076835,0.416226746,0.418809225,0.420902626,0.423053661,0.424947219,0.426743994,0.427665178,0.429341045,0.43003903,0.430455024,0.43076206,0.431273298,0.430957394,0.430830331,0.430164774,0.429082685,0.427959356,0.427123896,0.426030209,0.425764754,0.425815408,0.426396627,0.427621495,0.429122863,0.430853187,0.432977179,0.435165299,0.437513604,0.440065989,0.442723005,0.44467725,0.447817759,0.450493622,0.453465075,0.456045518,0.458946308,0.461602732,0.464400683,0.467654504,0.470062987,0.47279347,0.475361051,0.477735095,0.479566696,0.481587648,0.482423726,0.488959488,0.489524895,0.491829043,0.493880244,0.495908594,0.498466992,0.500304214,0.502722597,0.504397268,0.505949752,0.507932291,0.509867985,0.511183383,0.513260187,0.514753073,0.516146739,0.518499534,0.519302514,0.520624074,0.522606777,0.524141601,0.525053063,0.52639518,0.52765803,0.530030116,0.530497432,0.531775734,0.533528403,0.533592063,0.534833023,0.536241565,0.536925864,0.53693837,0.53809235,0.539263734,0.538857345,0.540293882,0.540952514,0.541999993,0.540862987,0.542537085,0.541863571,0.542699164,0.543290344,0.543375498,0.543611442,0.544302863,0.54244625,0.544971104,0.544801873,0.544515694,0.545591581,0.545666133,0.545006977,0.545101157,0.545248883,0.544424087,0.543882482,0.543038141,0.544333626,0.544108025,0.542758555,0.543622196,0.543175005,0.541539554,0.541249758,0.541180337,0.542797561,0.542294728,0.540581362,0.539557803,0.537660851,0.537932328,0.538261317,0.537645385,0.535273623,0.535296896,0.53124504,0.533238595,0.532359474,0.528499308,0.525357758,0.525579922,0.522442336,0.520448055,0.523753408,0.517477247,0.517231131,0.51727708,0.519688923,0.512897247,0.51571753,0.510651378,0.514246043,0.511039947,0.509714287,0.507917984,0.510718174,0.501295716,0.405410684
M114,0.111272046,0.220793821,0.2199382,0.219871314,0.219248968,0.221821489,0.223590375,0.225268389,0.228295815,0.230596544,0.235171817,0.238909732,0.244857753,0.250011624,0.255350946,0.25989984,0.263943236,0.268717372,0.272236466,0.275926997,0.279657578,0.283376147,0.287261593,0.290652215,0.294555092,0.298389836,0.301875463,0.305359428,0.308697845,0.312382581,0.315603365,0.319466696,0.323112504,0.327299968,0.331553583,0.33513383,0.339196622,0.342867258,0.347157539,0.350235708,0.353724984,0.356917359,0.359948851,0.362861256,0.365822332,0.368584708,0.371539603,0.374498086,0.37754291,0.380528239,0.383330972,0.386478082,0.388930145,0.391185248,0.393490837,0.395646889,0.398549151,0.401197728,0.404800095,0.408390405,0.411417145,0.414028609,0.41670189,0.419150521,0.421502328,0.423014829,0.425207738,0.426503792,0.427463574,0.428328457,0.429327238,0.429469511,0.429841376,0.429655089,0.42903144,0.428366367,0.427974081,0.427318112,0.42745395,0.427894023,0.428876568,0.43051815,0.432423238,0.434563414,0.437084137,0.43973035,0.442506785,0.44543925,0.448417664,0.450715069,0.454097569,0.457080856,0.460070429,0.46269153,0.465996196,0.46892636,0.471942581,0.475435613,0.478054214,0.481017685,0.483803348,0.486247773,0.488007959,0.490268245,0.491392329,0.498536986,0.499354546,0.502012688,0.504422925,0.506759062,0.509684039,0.511770982,0.514434495,0.516391372,0.518227426,0.520472991,0.522733031,0.524272156,0.526684214,0.528487643,0.530211884,0.532905998,0.534100659,0.535754049,0.53813334,0.539995636,0.541311573,0.543052572,0.544703711,0.547344316,0.548153691,0.54968921,0.551886109,0.552217986,0.553934082,0.555820494,0.556892915,0.557311744,0.558909764,0.560536706,0.560522254,0.562349671,0.563586029,0.565011864,0.564159949,0.566153525,0.565904937,0.567136165,0.568252086,0.568863406,0.569610241,0.570630758,0.569132836,0.572128907,0.572253025,0.572324253,0.573878662,0.574325623,0.573914721,0.57441509,0.574808493,0.574254949,0.573909166,0.573159661,0.574731016,0.574665208,0.573312629,0.574299848,0.573957285,0.572279611,0.572102606,0.572034874,0.573667816,0.573375278,0.571463357,0.570464458,0.568428386,0.568511,0.568762192,0.56802631,0.565383117,0.565197663,0.560181545,0.562118923,0.560965487,0.556376292,0.552576657,0.552240338,0.548201151,0.545693129,0.548454479,0.54130339,0.54051623,0.539991504,0.541672111,0.533967095,0.536201882,0.53024718,0.533107055,0.528772546,0.526435236,0.523946606,0.525902475,0.514938424,0.40165637
M115,0.117064385,0.277977679,0.27583768,0.274771619,0.272973317,0.274952246,0.275468442,0.276156592,0.278418425,0.280002271,0.284582291,0.288477085,0.295238208,0.301245864,0.307464815,0.312590257,0.316916854,0.321877853,0.325435796,0.329150471,0.332803382,0.336389937,0.33998284,0.343075072,0.346438964,0.349962405,0.352730568,0.355710379,0.358400805,0.361716168,0.364497292,0.368318898,0.371723843,0.375928896,0.380109934,0.383596955,0.387654459,0.391377802,0.395870431,0.398979321,0.402564153,0.405821149,0.408936136,0.411934638,0.41502576,0.417898911,0.420963687,0.424106388,0.427118659,0.430214518,0.433005068,0.436293671,0.438554754,0.44059317,0.442701777,0.444741108,0.447652752,0.450173639,0.45347424,0.457197978,0.460294585,0.462681545,0.465121937,0.46714708,0.469172646,0.470079945,0.471880287,0.472567617,0.472948584,0.473094809,0.473581286,0.473073308,0.472785213,0.471927363,0.470730922,0.469443759,0.46842159,0.467094409,0.466593617,0.466557399,0.467036269,0.468262446,0.469766867,0.471443233,0.473635592,0.475931767,0.478408485,0.481133372,0.484088887,0.486207058,0.489729826,0.492605965,0.495890528,0.49876874,0.501906392,0.504704765,0.507697261,0.511133503,0.513791488,0.516696465,0.519361164,0.521826501,0.523684282,0.526095224,0.527294222,0.53286095,0.534064693,0.536478047,0.538583638,0.540696337,0.543312868,0.545295799,0.547819677,0.549625908,0.551262834,0.553333171,0.555521961,0.556782407,0.559023065,0.560587442,0.562058247,0.564796604,0.56559499,0.567018056,0.569169965,0.570962467,0.571817899,0.573315243,0.574393606,0.577088315,0.577353528,0.578713685,0.580474383,0.580611167,0.581688023,0.583309539,0.583891168,0.583990125,0.585198628,0.586462186,0.585871592,0.587448191,0.58815079,0.589171595,0.587924123,0.589540182,0.589058403,0.590050945,0.590856423,0.591016851,0.591108216,0.59180098,0.589800238,0.592426784,0.592118111,0.591963073,0.59305793,0.593220314,0.592351313,0.592362024,0.592465407,0.591575965,0.590864262,0.589802092,0.591149477,0.590915972,0.589522271,0.590160981,0.589947361,0.588086133,0.587909025,0.587947695,0.589718624,0.589071901,0.587293505,0.586119422,0.584347134,0.584696665,0.585063471,0.584709411,0.582291248,0.582605772,0.578503528,0.58122759,0.580421155,0.576507627,0.573605214,0.574180106,0.571139678,0.569130543,0.573253316,0.566618911,0.5664662,0.566834598,0.569554856,0.562368252,0.565538244,0.560101431,0.563853907,0.560457299,0.55888184,0.557043477,0.559907289,0.549182913,0.447600211
M116,0.129690949,0.164787338,0.164693075,0.164984494,0.164796306,0.166840432,0.168174938,0.16953408,0.172027649,0.174077382,0.177986288,0.181382302,0.186474764,0.191137809,0.196102045,0.200432551,0.204503719,0.209166573,0.212941851,0.216932854,0.221081255,0.225158954,0.229400744,0.233176011,0.237152717,0.241133128,0.24468927,0.248205518,0.251546942,0.255173033,0.258354259,0.262194998,0.265770153,0.269878526,0.27395246,0.277472591,0.281423616,0.285101813,0.28934759,0.292586017,0.296257752,0.299595656,0.302834808,0.305945162,0.309080885,0.312029303,0.315186157,0.31830342,0.321385215,0.324519492,0.327371575,0.330628614,0.333171656,0.335557533,0.338037626,0.340453621,0.343489858,0.346133777,0.349369242,0.352978621,0.356054774,0.358721932,0.36140745,0.363846098,0.366269018,0.367841955,0.370101453,0.371396334,0.372517622,0.373357844,0.374537216,0.374848321,0.375375621,0.375433807,0.37514879,0.374755908,0.37456138,0.374124033,0.374316154,0.374822308,0.375761726,0.377287382,0.378974592,0.380912515,0.38317789,0.385603342,0.388151016,0.39091658,0.393740243,0.39588754,0.399189988,0.401891084,0.404711477,0.407194709,0.410308444,0.412927199,0.415754027,0.418865445,0.421319693,0.42396453,0.426463909,0.428550048,0.4300244,0.432288739,0.43327239,0.438695036,0.439691488,0.441986211,0.444040363,0.446025573,0.4483939,0.450218454,0.452399158,0.454091301,0.455533646,0.457362264,0.459314116,0.460434547,0.462517868,0.463800571,0.465257659,0.467529122,0.468385817,0.469695062,0.471672001,0.473220058,0.474162688,0.475505263,0.476619786,0.478915511,0.47933971,0.480541517,0.482150499,0.482406422,0.483505153,0.485086758,0.48576616,0.486039498,0.487200845,0.488561903,0.488238368,0.489685107,0.490508823,0.491575735,0.490620959,0.492231286,0.49205163,0.493025692,0.493950716,0.494241429,0.494656607,0.495404567,0.493913044,0.496245921,0.496214387,0.496237842,0.497332024,0.49763022,0.497126113,0.497337033,0.49738547,0.496851009,0.496337044,0.495557934,0.49666352,0.49654028,0.495382398,0.495868531,0.495608192,0.493965861,0.493691663,0.493564916,0.494916523,0.494428556,0.492772367,0.491754345,0.49001777,0.490060014,0.490290647,0.489745203,0.487545716,0.487456654,0.483513913,0.485436766,0.48466258,0.481063505,0.477983747,0.478102054,0.47498691,0.472674281,0.475368031,0.469118208,0.468437914,0.468062927,0.469520301,0.462512494,0.464607043,0.459015217,0.461213568,0.457663663,0.4550435,0.452334619,0.453610896,0.4438561,0.33697308
M117,0.150220767,0.24704965,0.244205204,0.242735974,0.241169967,0.243033104,0.243928967,0.244841343,0.247483059,0.249486581,0.25408424,0.258038129,0.264578086,0.270508547,0.276664017,0.281984731,0.286605411,0.29196641,0.295935842,0.300091028,0.304268424,0.308305548,0.312388213,0.315982924,0.319890789,0.323804843,0.327151926,0.330488592,0.333540696,0.337119274,0.340194539,0.344163327,0.347838661,0.352180984,0.356536643,0.360300839,0.364550331,0.368569772,0.373235187,0.376662939,0.380513668,0.384057175,0.387381805,0.390655272,0.393982344,0.397121369,0.400406315,0.403687076,0.407001714,0.410282583,0.413287338,0.416735087,0.419349465,0.421720319,0.42408892,0.42633857,0.429329382,0.431938288,0.435433618,0.43906864,0.442038178,0.44443113,0.446880166,0.448955751,0.450977892,0.452064021,0.453895817,0.45470068,0.455120622,0.455429255,0.455942054,0.455500436,0.455298182,0.454506349,0.453301395,0.452006645,0.451061579,0.449760515,0.449317834,0.449182071,0.449673273,0.450844307,0.452285778,0.4539166,0.456076684,0.458290844,0.460715417,0.463372992,0.466118772,0.468186705,0.471509114,0.474316249,0.477502178,0.480185574,0.483363957,0.486174748,0.489136431,0.492565123,0.495186643,0.498027568,0.500776519,0.503245156,0.505137983,0.507316442,0.508206685,0.514979055,0.515575772,0.517998499,0.520153616,0.522284709,0.524900545,0.52688251,0.529370195,0.531197644,0.532793527,0.534896585,0.536910177,0.538324864,0.540411497,0.542044476,0.54344086,0.546051868,0.546744772,0.548195779,0.550251295,0.551883441,0.552810056,0.554244765,0.555426698,0.557952198,0.558250113,0.55961536,0.561378631,0.561455999,0.562534782,0.564100289,0.564689738,0.564773316,0.565766131,0.567045367,0.5664174,0.568008586,0.568603229,0.569681879,0.568387695,0.570099825,0.569394988,0.57041272,0.571062925,0.571097796,0.571273128,0.571928494,0.569951511,0.572485316,0.572158395,0.571880129,0.572996155,0.573047763,0.57219843,0.572284184,0.572288233,0.5713846,0.5706331,0.569683439,0.570891951,0.570593952,0.569183341,0.569833959,0.56936465,0.567601246,0.567321161,0.567134266,0.568711775,0.568061932,0.566122826,0.565010729,0.563100042,0.563332717,0.563876061,0.56314595,0.560841283,0.561038858,0.556930347,0.559272121,0.558577665,0.554667394,0.551614739,0.5521532,0.548941564,0.546844783,0.550387039,0.543818843,0.543256417,0.543571764,0.545661156,0.538542953,0.541205553,0.535535557,0.53914363,0.53550235,0.533246551,0.531637408,0.534169671,0.523576209,0.499928747
M118,0.10198012,0.205321779,0.205150411,0.205303461,0.204933241,0.207286014,0.208812417,0.210393874,0.213146572,0.215332986,0.219602795,0.22303401,0.228572998,0.233360949,0.238438935,0.242711641,0.246554683,0.250978063,0.254310787,0.257783035,0.261414928,0.264928417,0.268634712,0.271878569,0.275370693,0.278969003,0.282092898,0.285310479,0.288333214,0.291696599,0.294539118,0.298104896,0.301363894,0.30512501,0.308908233,0.312046597,0.315573009,0.318775342,0.322680252,0.325407138,0.328544741,0.331425632,0.33417551,0.336818098,0.339496626,0.342006468,0.344625603,0.347276097,0.349894254,0.352555935,0.354966845,0.357828877,0.359939837,0.361917088,0.363962088,0.365849681,0.368421612,0.370652156,0.373485642,0.376632615,0.379322139,0.381540738,0.383810686,0.385788022,0.38780527,0.388890766,0.390755898,0.391695523,0.39232854,0.392838881,0.393596258,0.393569203,0.393703248,0.393313553,0.392599023,0.391842915,0.391268355,0.390485341,0.390372938,0.390624992,0.391314207,0.392642405,0.394167864,0.395906092,0.398010747,0.400193383,0.402521126,0.405035565,0.407653066,0.409552917,0.41254337,0.415025432,0.417608314,0.419815604,0.422616352,0.424919504,0.427374357,0.430264994,0.432426694,0.434863905,0.437035839,0.438922998,0.440221867,0.442177175,0.443058153,0.448183068,0.449050604,0.451122902,0.45297084,0.454828325,0.45704575,0.45863303,0.460689268,0.462120985,0.463472471,0.465134621,0.466909593,0.467919696,0.469782167,0.471095591,0.472390451,0.474600564,0.47533958,0.476518848,0.47839955,0.479869524,0.480710308,0.482003511,0.483040311,0.485297268,0.485641812,0.486814642,0.488479416,0.48863416,0.489829154,0.491322721,0.491973918,0.492253154,0.493451792,0.494766976,0.494524471,0.495982241,0.496836314,0.497821327,0.49689882,0.498443095,0.498228338,0.499203405,0.500122089,0.500493219,0.500901548,0.501688233,0.500193793,0.50262919,0.502613429,0.5025544,0.503742717,0.504028753,0.503528974,0.503677408,0.503875356,0.503200931,0.502678674,0.501896987,0.503084215,0.502808993,0.501666194,0.502248563,0.501877687,0.500301832,0.499994473,0.49980326,0.501270909,0.500674999,0.499046809,0.497823269,0.496177952,0.496165425,0.496422812,0.4957804,0.493658272,0.493511008,0.489598713,0.491519214,0.490584876,0.486874032,0.483840522,0.483786826,0.480696913,0.478357662,0.481153232,0.475113999,0.474315132,0.474018812,0.475661904,0.469043142,0.470938926,0.465775551,0.468459223,0.465046535,0.462517913,0.460755257,0.46259542,0.452915937,0.439798495
M119,0.118235562,0.229008878,0.225101138,0.223011231,0.220982029,0.222306391,0.222870166,0.22366463,0.226079679,0.227899852,0.232251847,0.235526612,0.240955567,0.245740919,0.250958848,0.255437783,0.259406042,0.264030814,0.267505565,0.271108147,0.274814254,0.278446534,0.282088281,0.285264988,0.288750232,0.292267078,0.295244141,0.298266447,0.30111375,0.304395261,0.307211063,0.310807451,0.314127254,0.318031823,0.321933113,0.325303426,0.329123584,0.332721305,0.33704169,0.34018674,0.343834512,0.347177743,0.350473026,0.353642363,0.356954512,0.360080504,0.363325558,0.366541948,0.369739516,0.372941516,0.375899486,0.379327335,0.382008069,0.384566044,0.387188554,0.389626557,0.392674867,0.395186977,0.398258786,0.401576746,0.404423051,0.406789847,0.409188105,0.411311014,0.413396125,0.414586313,0.41651945,0.417491617,0.418101091,0.418602679,0.419376315,0.419205407,0.419281183,0.418822602,0.41798747,0.41712386,0.416494993,0.415558918,0.415395464,0.4155764,0.416256143,0.417561142,0.419114906,0.420866218,0.423022841,0.425260368,0.427688854,0.430270644,0.433089782,0.435174839,0.438494023,0.441260016,0.44438979,0.447150712,0.450190514,0.452880674,0.455833272,0.45913915,0.461740251,0.464576905,0.467247762,0.469657048,0.471632682,0.473908217,0.47502887,0.480817252,0.481807809,0.484183349,0.486347639,0.488471363,0.491044686,0.493075445,0.495605623,0.497394864,0.499076687,0.501208006,0.503387338,0.5046897,0.506954157,0.508543811,0.510117851,0.512649639,0.513566466,0.515080678,0.51717466,0.518864203,0.519904659,0.52134237,0.522603067,0.52517112,0.525612842,0.526984591,0.528737667,0.528983826,0.53018479,0.531755299,0.532436624,0.532617339,0.533807773,0.535165502,0.534738402,0.536216685,0.537020212,0.538067108,0.536992088,0.538663207,0.538270946,0.539317285,0.540109812,0.540307394,0.540552683,0.54128821,0.539581501,0.542084644,0.541857933,0.541717903,0.542758957,0.542970492,0.54222901,0.542318056,0.542358399,0.541647731,0.540920951,0.540088372,0.541224178,0.541029541,0.539772195,0.540432294,0.540071168,0.538409133,0.538267179,0.538189586,0.539688077,0.539127926,0.537369531,0.5362666,0.534609734,0.534851125,0.535224077,0.534895035,0.532710189,0.533077695,0.529378284,0.531830004,0.531206958,0.527593613,0.524950626,0.525680166,0.522959104,0.521279183,0.524843988,0.518929437,0.518808398,0.519038072,0.521339719,0.514502727,0.517344992,0.512515895,0.515762994,0.512592903,0.510985276,0.509257962,0.511858261,0.502487006,0.400461938
M120,0.174114022,0.197326552,0.199427342,0.200888952,0.201077603,0.203497925,0.204860009,0.206550652,0.209742201,0.21266749,0.217766073,0.22188181,0.227775466,0.232911939,0.238400302,0.243065983,0.247355121,0.252125123,0.256017736,0.259918403,0.26395359,0.267951762,0.272124619,0.275779772,0.279571237,0.283417118,0.286669667,0.290217246,0.293324082,0.296992478,0.300046499,0.30395173,0.307425459,0.311481858,0.315480985,0.318691658,0.322397798,0.325775331,0.32988776,0.332882576,0.336394913,0.339538813,0.342575071,0.345377305,0.348319719,0.351138968,0.353934748,0.356811505,0.359386082,0.362088472,0.364468233,0.36752181,0.369731277,0.371939772,0.374319127,0.376776169,0.379707298,0.381897077,0.384284921,0.387526447,0.390352809,0.392761306,0.395225191,0.397311258,0.399574303,0.400671603,0.402791054,0.403737225,0.404485074,0.404908268,0.405741551,0.405727443,0.405804064,0.405567737,0.404909805,0.404234611,0.403608381,0.402792307,0.402559368,0.402807294,0.403423109,0.404733738,0.406148238,0.407757209,0.409756698,0.411959694,0.41432623,0.41682055,0.419661563,0.421514123,0.424724256,0.42715423,0.429816823,0.432024588,0.434941939,0.437149447,0.439674988,0.442455715,0.444601241,0.447013822,0.449034233,0.450802055,0.451787895,0.453900935,0.455413895,0.458127827,0.459988862,0.461918577,0.463595268,0.465206897,0.467289173,0.468702207,0.470635223,0.471908267,0.473283653,0.474701286,0.476488296,0.477065431,0.478946338,0.480054354,0.48125311,0.483253481,0.483892522,0.484952247,0.48682523,0.48819618,0.488694446,0.489923102,0.49057774,0.492747084,0.492817053,0.493727578,0.495100556,0.495076555,0.49586805,0.497236997,0.497728691,0.497793498,0.49888801,0.500037809,0.499620587,0.500714451,0.501482018,0.502206581,0.501251081,0.50264873,0.502471039,0.50343484,0.504604092,0.504808579,0.50483132,0.50549341,0.503816737,0.506219743,0.505873132,0.506023761,0.506915552,0.507353585,0.506617146,0.506673987,0.506793237,0.505960794,0.505224618,0.504298522,0.505360319,0.504939965,0.503896609,0.504168186,0.503994094,0.502180881,0.501895469,0.501759478,0.503178391,0.502547195,0.500974632,0.499757202,0.497978748,0.498249229,0.498171836,0.497918843,0.495804029,0.495708889,0.492018235,0.494411167,0.493582998,0.490171667,0.487361064,0.487668425,0.48491309,0.48258512,0.485542911,0.479385059,0.478869191,0.4784687,0.480682404,0.473498224,0.475993794,0.470621177,0.472854562,0.469329159,0.466715329,0.464156838,0.465577117,0.455811652,0.355997776
M121,0.089505992,0.201425985,0.19610932,0.19468483,0.193062505,0.192580007,0.190650585,0.190444121,0.189946507,0.190561758,0.191756272,0.194603057,0.197884688,0.202262708,0.206304351,0.209623339,0.213126651,0.216080483,0.219121471,0.22191067,0.225476269,0.228459668,0.231545504,0.234141917,0.236562651,0.238798186,0.241289513,0.243670367,0.245910779,0.248456776,0.250847109,0.253809899,0.256521056,0.259835652,0.262906658,0.265747349,0.268436138,0.271419841,0.274404647,0.277054166,0.280053011,0.282400086,0.284889051,0.28751814,0.290032294,0.292553026,0.295199254,0.297675657,0.299976667,0.302589426,0.304918978,0.307105297,0.309436722,0.31144939,0.3135154,0.315694735,0.317895037,0.320288806,0.322225773,0.325019871,0.327561533,0.32976877,0.332239137,0.333917239,0.336307172,0.338084849,0.340106635,0.341654649,0.343342698,0.344882857,0.346483853,0.347989098,0.349464109,0.351112839,0.352668998,0.354109098,0.355458976,0.356823143,0.358048762,0.359663396,0.361041577,0.362510984,0.364110515,0.365488649,0.367149598,0.368448475,0.370102301,0.371771272,0.373842728,0.375540354,0.377773604,0.379266271,0.380903616,0.383324838,0.385138391,0.386918429,0.388899758,0.390527091,0.392233939,0.393739453,0.395394619,0.396679878,0.398166283,0.401280454,0.402112086,0.401834393,0.404149344,0.405539128,0.407182942,0.408649927,0.409499992,0.411442485,0.412616587,0.414052122,0.415303032,0.41675756,0.417986794,0.419258647,0.420023449,0.421313455,0.422281194,0.423942913,0.425651497,0.426352803,0.427570074,0.429289094,0.42959939,0.431088889,0.431645446,0.432879742,0.433630289,0.43427723,0.435050619,0.43676037,0.436301138,0.437131758,0.438358392,0.439329117,0.439227796,0.441334216,0.441036748,0.442494641,0.442425458,0.443476152,0.443505018,0.444281022,0.444625231,0.44507865,0.447221488,0.44760972,0.447252869,0.447064154,0.448301339,0.448565981,0.449480614,0.449434328,0.450002439,0.451438282,0.450895735,0.452246787,0.452041658,0.453008965,0.453903173,0.453253049,0.453978838,0.45342017,0.454332632,0.454614426,0.456059367,0.454753305,0.45436974,0.456229632,0.457232692,0.456569599,0.457730006,0.457066032,0.458516597,0.459104818,0.459749878,0.459787121,0.458815962,0.459529813,0.460461037,0.459807537,0.459849828,0.461548759,0.460727029,0.458126424,0.457270923,0.457474409,0.457194667,0.459381929,0.456559316,0.459345661,0.45821581,0.46159087,0.461196891,0.461150238,0.460968439,0.455439085,0.459079991,0.454321042,0.45341359,0.461885551,0.369688754
M122,0.130816318,0.130929221,0.128845369,0.12865054,0.128118528,0.128408221,0.127695161,0.128364182,0.128769992,0.129973219,0.131575245,0.13414348,0.136836114,0.140248533,0.143446024,0.146085207,0.148974723,0.15149023,0.154103357,0.156579938,0.159705451,0.162382223,0.165246285,0.167708907,0.170085329,0.17230579,0.174757643,0.177115228,0.179355325,0.181723185,0.183966243,0.186512734,0.18889963,0.191641932,0.194246469,0.196620653,0.198885427,0.201355459,0.203869644,0.206176649,0.208747569,0.210819217,0.213024676,0.215274816,0.217473727,0.219656254,0.22198958,0.224172416,0.226246179,0.228572268,0.23069567,0.232703061,0.234820032,0.23668104,0.238640657,0.240675845,0.242685795,0.244870555,0.246761326,0.249432994,0.25192307,0.254203124,0.256633181,0.258527444,0.260957947,0.262940721,0.265087426,0.266868261,0.268740718,0.270520065,0.272290635,0.273981896,0.275682576,0.277510889,0.279245635,0.28089505,0.282447791,0.284014595,0.285446251,0.287158519,0.288665916,0.290292205,0.292001786,0.293551947,0.295290959,0.296791937,0.298590112,0.300387566,0.302428068,0.304166426,0.306280478,0.307793499,0.309238184,0.311318602,0.313117892,0.314753781,0.31657443,0.318053813,0.319504074,0.320836214,0.322276582,0.323333141,0.324410142,0.327025334,0.327687169,0.327756235,0.329640014,0.330896095,0.332313964,0.33355702,0.334280303,0.3358631,0.336820872,0.337959568,0.338966629,0.340092984,0.341081434,0.342055449,0.342732806,0.343695872,0.344546836,0.345831279,0.347284101,0.347809989,0.348840557,0.350203566,0.350484604,0.351689763,0.352214327,0.353216006,0.353849644,0.354278469,0.354928577,0.356344754,0.356091937,0.356830494,0.357986215,0.358795786,0.358882519,0.360653476,0.360486506,0.361808804,0.361807482,0.362708116,0.362812888,0.363456488,0.363888205,0.364317817,0.366157629,0.366606467,0.366514587,0.366399016,0.367470655,0.367718759,0.368505157,0.368606147,0.369199644,0.370380636,0.369982524,0.371047636,0.370960403,0.371787068,0.372491536,0.371896914,0.372483035,0.37198214,0.372662458,0.372780597,0.373852193,0.372606537,0.372153667,0.373460583,0.37424309,0.373606696,0.374432378,0.373717162,0.37468984,0.375043084,0.375396216,0.375237379,0.374171817,0.374386271,0.374885915,0.374129693,0.373916362,0.375081789,0.373839204,0.371442113,0.370308213,0.369965137,0.369293122,0.370536458,0.367848016,0.369666813,0.368228641,0.370502807,0.369543735,0.368869981,0.368059231,0.362894573,0.365010153,0.360856998,0.359280097,0.365042636,0.279024733
M123,0.171583839,0.186350613,0.182615657,0.181871579,0.180727167,0.180750922,0.17953807,0.180363766,0.181165466,0.183187326,0.185541958,0.18895825,0.192328306,0.196669303,0.200711542,0.204145404,0.207855899,0.211028981,0.214291437,0.217386745,0.221218848,0.22441068,0.227787494,0.230595048,0.233377186,0.235927552,0.238860702,0.241590947,0.244307087,0.247145015,0.249903693,0.253092364,0.256115757,0.259613492,0.262956774,0.266084538,0.269054884,0.272338824,0.275678306,0.278697577,0.282015194,0.284724483,0.287540917,0.290475028,0.293328245,0.29613083,0.299079211,0.301708931,0.304211711,0.307028299,0.30960734,0.31201092,0.314717932,0.317152325,0.319782491,0.322460958,0.325009312,0.32757913,0.329693107,0.332581952,0.335262631,0.337758127,0.340536009,0.342589124,0.345338517,0.3475709,0.349889316,0.351791322,0.35380413,0.355667684,0.357512373,0.35921299,0.360965844,0.362827109,0.364633504,0.36630328,0.367943054,0.369513045,0.370944287,0.372709266,0.374244078,0.375896832,0.377634276,0.379241654,0.38114142,0.382622965,0.38454365,0.386500933,0.388717731,0.39067209,0.393069552,0.394805864,0.3965767,0.39908883,0.401279852,0.40331309,0.405580847,0.40742786,0.409267154,0.410865986,0.41280131,0.414183709,0.415670908,0.418826536,0.419276173,0.420312785,0.422184606,0.423692877,0.425395744,0.427046594,0.427886007,0.429962977,0.431112006,0.432665516,0.433873172,0.435413196,0.436589012,0.437985132,0.438739716,0.439949525,0.440879194,0.442568218,0.444186605,0.44479285,0.445897373,0.44751822,0.447831699,0.449260584,0.449789927,0.450892235,0.451530861,0.45203318,0.45264661,0.454205974,0.453617754,0.454262393,0.455406524,0.456109447,0.455814555,0.45780674,0.45720406,0.458588133,0.458191438,0.459185944,0.458998432,0.459672703,0.459771825,0.46002321,0.461870713,0.4620279,0.461554509,0.461157475,0.462288937,0.462265857,0.463054254,0.462781604,0.463278771,0.4645116,0.463688124,0.464881644,0.464500434,0.465380319,0.466191501,0.465294764,0.465839232,0.46518184,0.465744844,0.465892948,0.467057692,0.465523709,0.464878732,0.466467448,0.467419167,0.466496526,0.467430412,0.46657287,0.467802961,0.468153731,0.46877483,0.468611649,0.467459352,0.467969379,0.468716298,0.467980911,0.467871655,0.46955021,0.46835203,0.465680078,0.46470965,0.464831205,0.464224058,0.466023686,0.462992159,0.465237273,0.463690059,0.466925438,0.465681107,0.465118883,0.464371465,0.457939289,0.460803965,0.455657107,0.453739006,0.461373677,0.361646077
M124,0.14430045,0.173253731,0.172461195,0.173474977,0.173390614,0.174112251,0.173707526,0.175005156,0.176389815,0.178840777,0.181625099,0.185663922,0.189588413,0.194374449,0.198791406,0.202484659,0.206363671,0.209701858,0.213024318,0.216090989,0.220029034,0.223318957,0.226833006,0.229736511,0.23255578,0.235119462,0.238060728,0.240756005,0.243387917,0.246084079,0.248614353,0.25150666,0.254220858,0.257399082,0.260312304,0.262998145,0.265468399,0.268222133,0.270984956,0.27343859,0.276191763,0.278288246,0.280466897,0.282700027,0.284819374,0.28692659,0.289195324,0.291184665,0.293103333,0.295266581,0.297214616,0.298933469,0.300933528,0.30266292,0.304601512,0.306703852,0.308688695,0.310760942,0.312594457,0.315193582,0.317574555,0.319796479,0.322270897,0.324072675,0.326522535,0.328451839,0.330536533,0.332169992,0.333893296,0.335512724,0.337057476,0.338517007,0.339984111,0.341598292,0.343103373,0.344549565,0.345860509,0.347150822,0.348320415,0.349779657,0.351036493,0.352412925,0.35391227,0.355287527,0.356952951,0.358297274,0.359991117,0.361768766,0.363717729,0.36548033,0.367521034,0.369030248,0.370366729,0.372446733,0.374305568,0.376022637,0.377872055,0.379382137,0.380841022,0.382158109,0.383692887,0.384644691,0.385655038,0.388356512,0.388538956,0.389374311,0.390906989,0.392177388,0.393613724,0.394866759,0.395475888,0.39716858,0.398037977,0.39917446,0.400091147,0.401343276,0.40215867,0.403221278,0.403719807,0.404690672,0.405372255,0.406736226,0.408148465,0.408620797,0.409557006,0.410870233,0.411091747,0.412318665,0.412770046,0.413702067,0.414237845,0.414562484,0.415160013,0.416593561,0.416064319,0.416687545,0.417785276,0.418547187,0.418363496,0.420231891,0.419757098,0.421044646,0.420832796,0.421810456,0.421718359,0.422416617,0.422596149,0.42290015,0.424665461,0.424875762,0.424588726,0.424263561,0.425432552,0.425526466,0.426311377,0.426134724,0.426656176,0.427775923,0.427192609,0.428332381,0.427972867,0.428777226,0.429493911,0.428657551,0.429240308,0.428552373,0.429111304,0.429154677,0.430151191,0.428677159,0.427924302,0.42921567,0.430038315,0.429126191,0.429927842,0.429022302,0.429995326,0.430244243,0.430737711,0.430374367,0.429079234,0.429141926,0.429498785,0.428477664,0.428286358,0.429526488,0.428055465,0.425294209,0.423896857,0.423588816,0.422670444,0.423945604,0.420849733,0.422481249,0.420669008,0.423161858,0.421545352,0.420582163,0.419563476,0.413268519,0.415484183,0.410409867,0.408396478,0.414518785,0.324502377
M125,0.147667048,0.167377858,0.162770967,0.161171899,0.159570186,0.159101668,0.15766414,0.157817753,0.15796983,0.159247636,0.160796353,0.16352394,0.166327343,0.170039706,0.173447741,0.176331009,0.179428682,0.182075914,0.184834265,0.187349491,0.190606849,0.193240424,0.19604829,0.198384999,0.200677292,0.20275721,0.205209727,0.20746224,0.209724326,0.21209476,0.214470001,0.217219753,0.219823615,0.222859516,0.225813077,0.228517462,0.231178174,0.234140811,0.237138375,0.23990698,0.242973858,0.245541921,0.248241336,0.251070491,0.253821761,0.256575873,0.259507145,0.262222643,0.264866736,0.267681456,0.270377016,0.272874968,0.275579185,0.277980681,0.280542832,0.283175542,0.285669518,0.288265154,0.290506497,0.293401341,0.296156848,0.298712546,0.301516903,0.303688851,0.30647561,0.308813582,0.311270378,0.313318575,0.315505617,0.317558219,0.319605381,0.321543384,0.323471548,0.325578164,0.327612709,0.3295566,0.331426148,0.333299027,0.335049169,0.337077797,0.338895675,0.34080832,0.342808775,0.344684133,0.346795314,0.348618598,0.350768852,0.352923066,0.355372029,0.357610434,0.360236126,0.362276008,0.364362046,0.367098708,0.369514808,0.37183029,0.374321696,0.376473685,0.378637989,0.380572828,0.382775361,0.384510342,0.386381516,0.389659034,0.39052494,0.391865474,0.394002715,0.395822851,0.397879005,0.399689247,0.40089816,0.403201076,0.404691189,0.406504676,0.408013067,0.409814588,0.411333142,0.413021128,0.414088509,0.415634007,0.416903328,0.41879102,0.420714213,0.421671173,0.42307577,0.424962225,0.425631205,0.427293734,0.428188282,0.429601724,0.430612989,0.431479049,0.432507453,0.434355027,0.434146969,0.435140022,0.436611216,0.437700885,0.437702813,0.439896647,0.439745489,0.441429859,0.441423523,0.442792579,0.44290717,0.443888132,0.44432989,0.444886757,0.446978655,0.447463979,0.447372467,0.44728339,0.448716729,0.448963922,0.450039962,0.450012012,0.450784059,0.452178628,0.451645483,0.453112731,0.452864741,0.453986032,0.454967556,0.454440888,0.45513956,0.454702955,0.455516574,0.455842973,0.457122778,0.455797374,0.455376816,0.457165906,0.458298718,0.457521934,0.45859354,0.457958682,0.45933918,0.459917224,0.46056108,0.460598397,0.459573367,0.460172943,0.461018474,0.460390015,0.460495478,0.462298121,0.461323057,0.458830543,0.458042206,0.45831306,0.457828846,0.459879765,0.457000171,0.459397334,0.458005295,0.461534946,0.460405482,0.460033085,0.459402708,0.453003616,0.456092426,0.451110987,0.449495446,0.456723727,0.35226822
M126,0.156828291,0.160623293,0.15968717,0.160630242,0.1607362,0.161870329,0.161788463,0.16353746,0.165218044,0.167913299,0.170780741,0.174597026,0.178297847,0.182756068,0.186802409,0.190282068,0.193951818,0.197107651,0.200118545,0.202893394,0.206387742,0.20935641,0.212446643,0.215070282,0.2175998,0.219938866,0.222698669,0.225165663,0.227651219,0.230105694,0.232474555,0.235117937,0.237542862,0.240399342,0.243081201,0.245527217,0.247749911,0.250262864,0.252741461,0.254956072,0.257408618,0.259320853,0.261279471,0.263355698,0.26525746,0.267153584,0.269160766,0.270909385,0.272660361,0.274568118,0.276363284,0.277949648,0.279833889,0.281446973,0.283315115,0.285203748,0.286970702,0.28888583,0.290635065,0.292861383,0.29496909,0.296910629,0.29911762,0.300745697,0.302920983,0.304718511,0.30654737,0.308077191,0.309624366,0.311163905,0.31257541,0.313866435,0.315150098,0.31653019,0.317804902,0.319035706,0.320166467,0.321269575,0.322282128,0.323576709,0.324717418,0.325940565,0.327301525,0.328560218,0.330065369,0.331292019,0.332810181,0.334409111,0.336093504,0.337634185,0.339449495,0.340719336,0.341789574,0.343612726,0.345178788,0.346687054,0.34823995,0.349493811,0.350705685,0.351810558,0.353094107,0.353884989,0.354666591,0.35695816,0.356988232,0.358201397,0.359286113,0.360376033,0.361659429,0.362764272,0.363233517,0.364709448,0.365392023,0.366418237,0.367155114,0.368231013,0.368902491,0.369914199,0.370248986,0.371186656,0.371768525,0.372937826,0.37414544,0.374534074,0.375302337,0.376511104,0.376650014,0.377734182,0.378147932,0.37889783,0.379371166,0.379696061,0.380227358,0.38139345,0.381051209,0.381531636,0.382536435,0.383134937,0.382884924,0.384484693,0.384088058,0.38528388,0.384990034,0.385809746,0.385706191,0.386273198,0.386380102,0.386540805,0.388047503,0.388262249,0.388032588,0.387675783,0.388703991,0.388625218,0.389416111,0.389131436,0.389621063,0.390574154,0.389924604,0.390958088,0.390632283,0.391337534,0.391967049,0.391227844,0.391655379,0.390921443,0.3912293,0.391359898,0.392150749,0.390728684,0.390019413,0.391151026,0.391751006,0.39097318,0.391550841,0.390683573,0.391420631,0.391640922,0.391974241,0.39150601,0.390225774,0.390269981,0.390455135,0.389468574,0.38919809,0.390278117,0.388801712,0.386110099,0.384838993,0.384488449,0.383501702,0.384450653,0.381377659,0.382900037,0.381108743,0.383245249,0.381598383,0.38074586,0.379619408,0.373985696,0.375832319,0.371015064,0.369070866,0.374410375,0.294564418
M127,0.163821567,0.203623466,0.20044566,0.200048666,0.198747519,0.198315728,0.196367303,0.196572919,0.196812658,0.198537413,0.200627657,0.204199722,0.207804875,0.212470798,0.216769893,0.220258438,0.224077273,0.227166343,0.230437512,0.233456612,0.237273633,0.240436607,0.243764962,0.246543643,0.249102771,0.251430923,0.254002356,0.256582614,0.25893505,0.261636031,0.26415049,0.26729629,0.270054027,0.273397362,0.276433769,0.279162761,0.281693751,0.284546458,0.287499655,0.290076399,0.293007674,0.295189301,0.297553165,0.299932726,0.302278123,0.304534873,0.306895322,0.309032065,0.310819641,0.313020066,0.314939287,0.316814245,0.318826333,0.320650376,0.322727627,0.325011645,0.327080401,0.329161951,0.330442776,0.332896235,0.335233219,0.337296864,0.339627965,0.341175241,0.343495671,0.345115247,0.347025728,0.348391327,0.350055292,0.351428405,0.352897859,0.354257535,0.355554989,0.357085275,0.358520655,0.35984252,0.361038636,0.362273837,0.363294494,0.364734855,0.365872965,0.367158171,0.368481101,0.369605231,0.370984931,0.372074269,0.373540734,0.375020746,0.376956991,0.378486684,0.380593409,0.381847688,0.383263134,0.385431893,0.387130736,0.388677011,0.390435357,0.391805403,0.393238683,0.394449849,0.395823573,0.396840046,0.397945072,0.400812083,0.401475509,0.400111953,0.402438346,0.403512214,0.404794755,0.405863068,0.406323285,0.407939,0.408710601,0.409784745,0.41073338,0.411734036,0.4126518,0.413461755,0.413933621,0.41478697,0.415484845,0.41668222,0.418073202,0.418380227,0.41924611,0.42052951,0.420383729,0.421501219,0.421676109,0.422545495,0.422813575,0.423101413,0.423494152,0.424786448,0.423941422,0.424472212,0.425308743,0.425840577,0.425508708,0.427133429,0.426570936,0.427685326,0.427260663,0.427986772,0.427738084,0.428189395,0.428489882,0.42868366,0.43063747,0.430830532,0.430183562,0.429833784,0.430890921,0.430917494,0.431536463,0.431472729,0.431905537,0.43328902,0.432463832,0.433598907,0.433336922,0.43421184,0.434943237,0.434235027,0.434813109,0.434233904,0.435165763,0.435345599,0.436801916,0.435359968,0.434951186,0.436663892,0.437842882,0.437136145,0.438340021,0.437722869,0.439100739,0.439702339,0.44034794,0.440579981,0.439860989,0.440633442,0.441645292,0.441357036,0.441497051,0.44336988,0.442759983,0.440550833,0.43991145,0.440187487,0.439902304,0.441883114,0.43923969,0.441760254,0.440714915,0.443848126,0.443417408,0.443055889,0.442699105,0.437103376,0.440171047,0.435625312,0.434410447,0.441740343,0.35726619
M128,0.124056376,0.170140942,0.168650961,0.169097642,0.168782055,0.169310493,0.168614953,0.169480323,0.170159101,0.171905046,0.174067476,0.177412927,0.180870958,0.185214211,0.189231916,0.192585482,0.196183561,0.19930247,0.202436937,0.205406769,0.209181966,0.212402435,0.215878384,0.218738208,0.221543599,0.224071645,0.22695842,0.229671496,0.232271815,0.234971056,0.237505249,0.240455769,0.243151118,0.246323256,0.249269745,0.251939963,0.254429965,0.257165908,0.259965598,0.262465779,0.265277137,0.267465502,0.269732994,0.272071184,0.274336727,0.276561401,0.278947907,0.281141065,0.283168702,0.285488941,0.287566447,0.28948789,0.291607069,0.293459419,0.295478936,0.29764773,0.299739595,0.30201776,0.303907494,0.30666652,0.30920539,0.311518944,0.314071316,0.315960217,0.318527837,0.320519861,0.322680863,0.324420586,0.326338584,0.328087436,0.329825029,0.331471447,0.333116024,0.33493352,0.336638463,0.338270059,0.339771864,0.341303049,0.342660898,0.344358391,0.345803961,0.347381678,0.349062092,0.35061729,0.352393925,0.353887326,0.355712024,0.357558352,0.359661364,0.361490533,0.363670672,0.365216843,0.366678886,0.368831529,0.37072169,0.372473412,0.374374772,0.37592823,0.377500871,0.378912904,0.38048716,0.381576546,0.382692501,0.385591114,0.386131681,0.386350883,0.388297022,0.389633415,0.391146603,0.392501153,0.393220559,0.395032016,0.396033205,0.397303651,0.398366536,0.399661472,0.400654104,0.401739954,0.402352236,0.403370591,0.404171348,0.405603906,0.407129632,0.407673255,0.408725697,0.410179227,0.410382141,0.411719727,0.412184764,0.413239886,0.413842125,0.414320758,0.414955145,0.4164276,0.416027637,0.416706155,0.417875848,0.418674641,0.418573794,0.420422766,0.420142433,0.421530722,0.421340623,0.422328236,0.422380811,0.423003885,0.423332001,0.423669413,0.425619476,0.425978967,0.425711229,0.425430254,0.426688122,0.426812293,0.427722585,0.427636396,0.428232879,0.429589533,0.428998351,0.430304078,0.430053231,0.43105141,0.431901375,0.431282757,0.431868094,0.431399275,0.432151372,0.432318921,0.43353979,0.432256462,0.43166651,0.433319159,0.434258985,0.433521116,0.434612559,0.43386628,0.435031719,0.4354027,0.435884601,0.43576843,0.434632017,0.435000117,0.435512424,0.434725803,0.434487429,0.435945025,0.434562075,0.431844451,0.430667053,0.430437244,0.429742025,0.43135009,0.428200236,0.430314299,0.428741741,0.431320831,0.430110586,0.429298202,0.428520347,0.422477268,0.424990043,0.419896975,0.418231658,0.424684012,0.330923164
M129,0.112540091,0.242622243,0.241324311,0.238718477,0.237662591,0.23614781,0.234780547,0.234140037,0.233573813,0.234604273,0.236330208,0.240011024,0.244088859,0.249481903,0.254989467,0.259387635,0.262659186,0.266422969,0.270041363,0.273326589,0.276434079,0.279446638,0.282539745,0.285465968,0.288307559,0.29047613,0.293405644,0.295317513,0.297916991,0.300727413,0.303036146,0.3059311,0.309201909,0.31211414,0.315120604,0.318180786,0.32067449,0.323233068,0.326020081,0.328411589,0.331001823,0.332891594,0.334847273,0.337138142,0.339024267,0.340923214,0.34242766,0.344571258,0.346551658,0.348053712,0.350079382,0.351753756,0.352905382,0.354326537,0.355711642,0.357475569,0.359230431,0.360536991,0.362032,0.364668034,0.366795105,0.368363726,0.370135334,0.371365883,0.372577244,0.373396767,0.373949664,0.374251156,0.374600011,0.374683373,0.374881134,0.374915854,0.374974128,0.374240814,0.374153101,0.373500588,0.373141764,0.372592286,0.372179337,0.372424368,0.372749354,0.373746984,0.374630549,0.375898248,0.377333248,0.378910313,0.380643515,0.382594661,0.384790829,0.386833379,0.388891579,0.391120926,0.393403034,0.39608106,0.398036812,0.399772322,0.402528882,0.40398561,0.406118869,0.407651968,0.409314735,0.410932631,0.412515823,0.415595987,0.41539317,0.416118445,0.417858011,0.419216618,0.420831704,0.421834363,0.423437137,0.424135523,0.425255231,0.42672063,0.427552971,0.428608206,0.429801287,0.430391203,0.431749533,0.432380427,0.433627146,0.434370202,0.43521266,0.436156495,0.436996329,0.437763325,0.438479385,0.439127391,0.439558998,0.440461435,0.440370837,0.440832702,0.441357435,0.442759945,0.442332514,0.442987455,0.44336512,0.44413874,0.444041852,0.445200116,0.444961926,0.446561803,0.445670372,0.445962815,0.446250774,0.446269463,0.447851198,0.447478878,0.448480781,0.448991967,0.447999611,0.448207827,0.449896484,0.449370758,0.449525278,0.450028053,0.450018199,0.451798441,0.452012537,0.452565418,0.453185664,0.451975728,0.452061067,0.453951084,0.453915831,0.454266996,0.454361658,0.453898913,0.454301505,0.454259748,0.454939156,0.45590519,0.456006946,0.456685874,0.456825048,0.455477222,0.455951434,0.455724271,0.455449639,0.457277212,0.458376057,0.458170222,0.458028916,0.456496487,0.459039072,0.459759177,0.458051129,0.458519661,0.456877048,0.460657595,0.4595023,0.456189725,0.45733626,0.459005186,0.46267615,0.459530157,0.457716273,0.456449054,0.461968547,0.462880704,0.458064638,0.461100746,0.459101531,0.467100101,0.388299027
M130,0.11958301,0.200391541,0.202361867,0.201908342,0.202072536,0.201702282,0.201277325,0.201546784,0.201816647,0.203533874,0.205699473,0.209409033,0.213304328,0.218324087,0.223423895,0.227586383,0.23088311,0.234666151,0.238346938,0.24184928,0.245298004,0.248618964,0.252194581,0.255565049,0.258817636,0.261441975,0.264804505,0.267267364,0.27031865,0.273478177,0.276089479,0.279156768,0.282579376,0.28554401,0.288561015,0.291582447,0.294021973,0.296457676,0.299143795,0.301428618,0.303932819,0.305746271,0.307539742,0.309628069,0.311369607,0.313026892,0.314366787,0.31618644,0.317882746,0.31916423,0.320920844,0.322386726,0.32337034,0.324722713,0.32604821,0.327761028,0.329458631,0.330749581,0.332183022,0.33486596,0.337154765,0.338939565,0.340995238,0.342546013,0.344096022,0.345307505,0.346283798,0.346958482,0.34770149,0.348190037,0.348772226,0.349235111,0.349683085,0.34942432,0.34974587,0.349538879,0.349548576,0.349407324,0.349325801,0.349860366,0.350461291,0.351743977,0.352850882,0.354370495,0.35596817,0.357815569,0.359755344,0.361930811,0.364312389,0.366464653,0.368653897,0.370906177,0.373039218,0.375593005,0.377681026,0.379387253,0.382074941,0.383466775,0.385543223,0.386927144,0.388501253,0.38982048,0.390965346,0.394071671,0.393707855,0.394123781,0.395881992,0.397134812,0.398590028,0.399457927,0.400835879,0.401402009,0.402246872,0.403503023,0.40410379,0.40488857,0.405898171,0.406178592,0.407379465,0.407734624,0.408753677,0.409388413,0.410077508,0.410824943,0.411550463,0.412199771,0.41276827,0.413276031,0.413518158,0.414297875,0.414072726,0.414388629,0.414874319,0.416273815,0.41580839,0.416510186,0.416912427,0.417744329,0.417709044,0.418905802,0.418725843,0.420328865,0.419542989,0.419855874,0.420253475,0.420333756,0.422022378,0.421808681,0.422989781,0.423579051,0.422777551,0.423043746,0.424856599,0.424399839,0.424622116,0.425261134,0.425312503,0.427268517,0.427496068,0.428070626,0.428736928,0.427590895,0.427725687,0.429474496,0.429407637,0.42974143,0.429815117,0.429242333,0.429543584,0.42935396,0.429952629,0.430653096,0.430784744,0.431333872,0.431498782,0.430022104,0.43026125,0.429940074,0.429560867,0.431182803,0.431978677,0.431340925,0.43103506,0.429445773,0.431569334,0.432014806,0.429857621,0.429985426,0.428013198,0.431051501,0.429499706,0.425702389,0.426152393,0.427225613,0.430213114,0.426434092,0.424080932,0.422302867,0.426611352,0.426917991,0.421531358,0.423366917,0.420803845,0.427197295,0.343917818
M131,0.105870404,0.406597218,0.397064554,0.393748935,0.394883728,0.397115483,0.398169694,0.401861365,0.404350474,0.408952294,0.414271092,0.423069768,0.432635746,0.443217297,0.454037243,0.462881976,0.471842931,0.47927149,0.485568201,0.491273946,0.496871569,0.502110007,0.505947293,0.51140993,0.515681537,0.519521902,0.523969895,0.527494113,0.53148763,0.535390855,0.540336197,0.545184085,0.550022734,0.556084085,0.562130433,0.568778893,0.574414371,0.581036185,0.587050486,0.592764462,0.598454954,0.603792075,0.609221292,0.613244336,0.618526208,0.623207603,0.627646997,0.633187652,0.638835554,0.643596053,0.64876177,0.653071885,0.657718633,0.661186372,0.6639163,0.667885071,0.671632411,0.676358268,0.681283046,0.686601285,0.690361111,0.69343957,0.6960547,0.698450758,0.700013933,0.701340091,0.701762528,0.702563485,0.702860323,0.702851491,0.702460143,0.702395027,0.701357695,0.700680566,0.69972866,0.699111594,0.698228786,0.697872181,0.698134176,0.698066512,0.699401909,0.701263233,0.70247524,0.704720757,0.706923876,0.708986281,0.711237991,0.713978616,0.715926614,0.718231532,0.721281238,0.724238207,0.727377954,0.729631783,0.733185122,0.736515597,0.740322345,0.743619784,0.746837012,0.749695269,0.753570337,0.756832554,0.760593317,0.762425579,0.763384841,0.772951161,0.774533218,0.777523785,0.780396669,0.783675035,0.787389819,0.790942392,0.793879485,0.797558949,0.799913768,0.803655819,0.806939599,0.809703161,0.812464847,0.815232874,0.818529123,0.821070352,0.823735661,0.825599349,0.827314236,0.831250801,0.832555089,0.835137417,0.838542311,0.839357221,0.840415709,0.842854418,0.844109457,0.845618112,0.846164711,0.84767976,0.848238248,0.849896609,0.849674316,0.849926641,0.84916392,0.849986395,0.851497462,0.851413352,0.8512556,0.852507718,0.850843055,0.85142299,0.850651619,0.851144187,0.850347497,0.849732298,0.849317293,0.84931169,0.848064695,0.847870723,0.848630066,0.848170232,0.846895324,0.846130395,0.848125521,0.846712984,0.844905091,0.846396378,0.844109539,0.845901556,0.843679889,0.843601271,0.842181639,0.842908268,0.841580145,0.840467301,0.837810633,0.839720297,0.836833268,0.839436748,0.836484815,0.836777473,0.837075363,0.835962001,0.833335038,0.828100035,0.828405635,0.826047901,0.824612494,0.81990298,0.823090051,0.816918551,0.813676067,0.812119051,0.809568735,0.811076303,0.804163436,0.806077561,0.802132777,0.805101409,0.801215128,0.797874716,0.794125235,0.793683765,0.796128722,0.785549355,0.795181828,0.790198724,0.763452458
M132,0.135274777,0.307503362,0.30474747,0.304595907,0.307421903,0.31073578,0.313419115,0.31806602,0.322162412,0.327395579,0.333127658,0.341109162,0.3492278,0.357685205,0.366350512,0.373333821,0.380454811,0.386583532,0.391747448,0.396454676,0.401251735,0.40591067,0.409727711,0.414678787,0.418888099,0.422650362,0.42728559,0.430831692,0.434961944,0.438608246,0.443086346,0.447085463,0.451081121,0.455889224,0.460672687,0.465931696,0.470203487,0.475296367,0.479838222,0.484130393,0.4883511,0.492295379,0.49623737,0.498969824,0.502635611,0.505763675,0.508788566,0.512592551,0.516612441,0.519878282,0.523518095,0.526382787,0.529603858,0.531853498,0.533661912,0.536420524,0.539014837,0.542571817,0.54663645,0.551032928,0.554192823,0.556952447,0.559482263,0.561790325,0.563447738,0.56502344,0.565765203,0.56690949,0.567500956,0.567961683,0.567982726,0.56822305,0.567688539,0.567406632,0.566890127,0.566680614,0.56617956,0.566090029,0.566506298,0.566684859,0.567971258,0.56976752,0.571013821,0.573199789,0.575323215,0.577337022,0.579504169,0.58209978,0.583770499,0.58585014,0.588284021,0.590772443,0.592929601,0.594503496,0.597339966,0.599957536,0.602783858,0.605167666,0.607339023,0.609318295,0.612114422,0.6139817,0.616095346,0.617204194,0.617180318,0.625632011,0.626140746,0.628202396,0.630109844,0.632242956,0.634785228,0.637086184,0.638805471,0.641110397,0.642432222,0.644906638,0.64691929,0.648607189,0.650277391,0.651889101,0.654134831,0.655611786,0.657317788,0.658330762,0.659297642,0.662039076,0.662967497,0.66451747,0.667093518,0.667267219,0.667966678,0.669526646,0.670404825,0.671379942,0.672034132,0.673093837,0.673715363,0.675027967,0.674882212,0.675179157,0.674686286,0.67537299,0.676652897,0.676708075,0.67669989,0.677881413,0.676628889,0.677192744,0.676855331,0.677588631,0.677308233,0.677012564,0.676856687,0.677035342,0.676462754,0.676197434,0.677229969,0.676834951,0.675932917,0.675434667,0.677240659,0.676113229,0.674829261,0.675987524,0.673998802,0.675390499,0.673532335,0.673455751,0.672001956,0.672335132,0.670936544,0.669637726,0.667269503,0.66861602,0.666064796,0.667905298,0.665264399,0.665123644,0.665055501,0.664003839,0.661383226,0.656476228,0.656181513,0.65371538,0.652196041,0.647631274,0.649535918,0.644093302,0.640881773,0.638540435,0.635856495,0.636127326,0.629807897,0.629998262,0.626063159,0.627278086,0.62307407,0.619434857,0.615517476,0.613872729,0.614791748,0.605187334,0.611685497,0.605989611,0.605907721
M133,0.217257002,0.370619187,0.36203788,0.35977401,0.361974389,0.365535708,0.368919778,0.375069888,0.380916009,0.388213782,0.395728131,0.405004095,0.414158534,0.423571125,0.433122784,0.441177401,0.449357786,0.456401636,0.462020587,0.467090895,0.471923234,0.476497489,0.479654897,0.484256076,0.488051195,0.491545925,0.495904165,0.499035911,0.50284578,0.506377833,0.511090055,0.515306477,0.519701251,0.525157797,0.530740277,0.537034205,0.542288477,0.548776218,0.554658226,0.560363691,0.565991435,0.571548018,0.577198442,0.581614701,0.587202533,0.592197681,0.597009472,0.602677385,0.608738937,0.613692371,0.619342306,0.624076929,0.629556029,0.633994338,0.637817038,0.642396231,0.646461926,0.651350652,0.656576804,0.661212323,0.664617325,0.667685361,0.670536713,0.673358623,0.675218146,0.67727191,0.6779882,0.679487348,0.680236152,0.680883359,0.680988202,0.681323774,0.680777318,0.680412376,0.679862827,0.679521576,0.679126732,0.679041807,0.679736184,0.680048563,0.681760201,0.683956816,0.685597689,0.688328793,0.691013166,0.693468381,0.696198063,0.699319219,0.701365082,0.704004411,0.70714921,0.710486006,0.713792991,0.716137898,0.720024677,0.723933386,0.727993921,0.731715771,0.735278726,0.73857794,0.743024862,0.746641394,0.750644981,0.752232348,0.753039363,0.766062581,0.766734828,0.770159106,0.773469914,0.777277252,0.781400916,0.78546302,0.788870965,0.792858255,0.795594084,0.800036422,0.803580098,0.807115082,0.810112536,0.813556106,0.817220275,0.820177556,0.823022079,0.825391341,0.827286749,0.831427184,0.833326,0.836158698,0.840188284,0.841104065,0.842759258,0.84546243,0.847076732,0.848565519,0.849744787,0.851251317,0.852171222,0.853846043,0.85361294,0.853939806,0.853190243,0.854281144,0.855803433,0.856223569,0.855994204,0.857644254,0.855618957,0.856328079,0.855290171,0.855884955,0.855335055,0.854904851,0.854461976,0.854665138,0.853431081,0.852921915,0.854036548,0.853274242,0.852023583,0.851445289,0.853558449,0.852292254,0.850632309,0.852284518,0.849927427,0.851698214,0.849215012,0.849351522,0.847468547,0.848440669,0.847012587,0.845712819,0.842729751,0.844952219,0.841613367,0.844064988,0.841089676,0.841184882,0.841810191,0.840633867,0.837861486,0.832441177,0.832367509,0.829639285,0.82831024,0.823308282,0.8263602,0.820275744,0.816873673,0.815112074,0.812256013,0.813628555,0.80580277,0.807169599,0.80256491,0.804711432,0.799774679,0.796057425,0.790738852,0.789408307,0.791078393,0.779347847,0.78710659,0.781003082,0.732107511
M134,0.132768493,0.295498509,0.291493019,0.29115042,0.293714591,0.297001604,0.299793435,0.304657762,0.309037289,0.314857721,0.321155388,0.329950251,0.339039519,0.348559434,0.358047312,0.365892203,0.373746226,0.380469546,0.386124847,0.391273298,0.396447791,0.401476762,0.405502365,0.410676748,0.41506793,0.419012555,0.423757146,0.427497152,0.431717222,0.435428621,0.44005114,0.444186137,0.448446145,0.453508794,0.458690473,0.464374299,0.469253553,0.474979752,0.480094306,0.485080254,0.489970571,0.494666076,0.499455512,0.50303755,0.507669943,0.511835471,0.515846442,0.520793225,0.526038498,0.530542407,0.535364045,0.539350506,0.543592234,0.546700901,0.549251006,0.552763021,0.556044158,0.560364712,0.565385797,0.570431353,0.57425386,0.577508309,0.580451631,0.583228144,0.585205758,0.587125974,0.588106686,0.589608548,0.590365258,0.591069019,0.591217276,0.591533497,0.591102866,0.590908143,0.590506621,0.590427339,0.590095874,0.590061913,0.590619352,0.590883038,0.592365689,0.594293947,0.59566422,0.598076216,0.600373434,0.602613234,0.605013699,0.607896464,0.60968599,0.612012673,0.614606596,0.617363765,0.619758148,0.621501003,0.624605741,0.627586694,0.630648685,0.633400061,0.635847947,0.638210077,0.641293218,0.64361584,0.646125885,0.647293749,0.647662076,0.6573096,0.657891943,0.660353247,0.662620062,0.665272223,0.668303219,0.671084234,0.673304059,0.676057937,0.677869824,0.680853328,0.683357088,0.685533991,0.687623384,0.689885258,0.692543455,0.69448099,0.696534432,0.698087628,0.699489425,0.702629282,0.703879522,0.705852962,0.7088799,0.709299941,0.710339372,0.712256117,0.713496839,0.714587809,0.715444354,0.716594962,0.717400238,0.718813484,0.718744821,0.718968439,0.718463494,0.719147037,0.720502944,0.7207086,0.72062031,0.721836938,0.720344948,0.7209448,0.720396617,0.721038495,0.72070777,0.720273893,0.720011557,0.720126232,0.719270399,0.718871959,0.719864863,0.719280445,0.718264003,0.717660999,0.719441258,0.718268944,0.716706106,0.717941868,0.715898432,0.717217771,0.714997419,0.714926295,0.713083146,0.71351288,0.711983414,0.71053835,0.707916121,0.709501985,0.7064343,0.708445191,0.705461981,0.705270119,0.705363762,0.704077271,0.701056667,0.695909821,0.695294994,0.692694933,0.691074026,0.686103143,0.687935479,0.682018555,0.678501038,0.676212041,0.673124118,0.673283516,0.666495563,0.666913991,0.662429481,0.663587811,0.658974628,0.655131502,0.650852602,0.648783588,0.64981993,0.63988349,0.646385071,0.640545451,0.622872595
M135,0.110861647,0.361800833,0.351629784,0.34798352,0.349078482,0.351694887,0.353608209,0.358085958,0.36132315,0.366235651,0.371537861,0.379794557,0.38849158,0.397806861,0.407173869,0.41496186,0.422797207,0.42938591,0.434983486,0.4400756,0.444854515,0.449485173,0.452859741,0.457649997,0.461654818,0.465278822,0.469663015,0.473063175,0.477041608,0.480865142,0.48574549,0.490391766,0.495141963,0.501004071,0.50697836,0.513587545,0.519276085,0.526003323,0.532125449,0.538095914,0.54399976,0.549714144,0.555617599,0.560240165,0.566068979,0.571379339,0.576556293,0.582688874,0.589057919,0.59461365,0.600611309,0.605667229,0.61119614,0.615493589,0.6191317,0.623705586,0.628055655,0.633431793,0.639128079,0.644636413,0.648770792,0.652264135,0.655365333,0.658394986,0.660550119,0.662605662,0.663657339,0.665212581,0.666161121,0.666969945,0.667279509,0.667871581,0.66762491,0.66764923,0.667451042,0.667485468,0.667387149,0.667747726,0.668714837,0.669420198,0.671428642,0.673903301,0.675791855,0.678704664,0.68152908,0.684189741,0.686987692,0.690348462,0.692667955,0.69554372,0.698953816,0.702553584,0.706127912,0.708869456,0.712939283,0.717086136,0.721447895,0.725489072,0.72938987,0.73299528,0.737690583,0.741718295,0.746198957,0.748605549,0.750265795,0.762087292,0.763859237,0.76778632,0.771497232,0.775744015,0.780381664,0.784910218,0.788803468,0.793386697,0.796627809,0.801473418,0.805611263,0.809565228,0.813019106,0.816946026,0.821120585,0.824518203,0.827941666,0.83087781,0.833381942,0.838140744,0.840410977,0.843786331,0.848081093,0.84966554,0.851512291,0.854715936,0.856792296,0.858805591,0.860180206,0.862329547,0.863614817,0.865885609,0.866024503,0.866691002,0.866380767,0.867767236,0.869698381,0.870232478,0.870377605,0.872252654,0.870713164,0.871630742,0.87095327,0.87172764,0.871414188,0.871082269,0.8708388,0.871202563,0.870289731,0.870064466,0.871147636,0.870578291,0.869393203,0.86889472,0.871301351,0.870064019,0.868407129,0.870203617,0.867767125,0.86988762,0.867406293,0.867633834,0.866017016,0.866882811,0.865499418,0.864325731,0.861476522,0.863664959,0.860512582,0.863203088,0.860050618,0.86011538,0.86049372,0.859313243,0.856368467,0.850456637,0.850353536,0.847505371,0.845875422,0.840319546,0.843436577,0.836593543,0.832777125,0.830676662,0.827518454,0.828830221,0.821064438,0.822754153,0.817816183,0.820821225,0.816161049,0.812590208,0.808013873,0.807055183,0.809281282,0.797780428,0.806824,0.801182822,0.743850313
M136,0.129597198,0.272195107,0.267296332,0.266315715,0.268234115,0.271114019,0.273475083,0.277684544,0.281190983,0.286035894,0.291450238,0.298988137,0.307100581,0.315576976,0.324119754,0.33127287,0.338535315,0.344859238,0.35022648,0.355206731,0.360078847,0.364992201,0.368901707,0.373875367,0.378203406,0.382114911,0.386786326,0.390419896,0.394573683,0.398295824,0.40277783,0.406778493,0.410791975,0.415623517,0.42055028,0.425878036,0.430434416,0.4357554,0.440582283,0.445223824,0.449814737,0.454213105,0.458627893,0.461921518,0.466166188,0.469981031,0.47365088,0.478151409,0.482883956,0.486926383,0.491359167,0.494958839,0.498849069,0.501664811,0.503999769,0.50729484,0.510470146,0.514649281,0.519455941,0.524365902,0.528202783,0.531471835,0.534496775,0.537429117,0.539681021,0.541831228,0.543147017,0.544928251,0.546019959,0.547062444,0.547569639,0.548276748,0.548242326,0.54841125,0.548400125,0.548601398,0.548658348,0.548981908,0.549843492,0.550428979,0.552086331,0.554252671,0.555905645,0.558549033,0.561072485,0.563545511,0.56614773,0.569215636,0.571340936,0.573875646,0.576754936,0.579700438,0.582387543,0.584411551,0.587638761,0.590759523,0.594005991,0.596900285,0.599487937,0.601962749,0.605142907,0.607596434,0.610271204,0.611579901,0.612300415,0.621297203,0.622213455,0.624710889,0.627075031,0.62963777,0.632686642,0.635380317,0.637655802,0.640333123,0.642181957,0.645050098,0.647504807,0.649631573,0.651738867,0.6538782,0.656521701,0.658456199,0.660578269,0.662023846,0.66339132,0.666426336,0.667798856,0.669776124,0.672717253,0.673178352,0.674315079,0.676245214,0.677573166,0.678765811,0.679749533,0.680993152,0.681927959,0.683489409,0.683524578,0.683938554,0.683677014,0.684554699,0.686136978,0.686426595,0.686459569,0.687830167,0.686595821,0.687166558,0.686760892,0.687611937,0.687408768,0.687132736,0.687012599,0.687276776,0.686688978,0.686543281,0.687524491,0.687104533,0.686114759,0.685758737,0.687629174,0.686544399,0.685241092,0.686337306,0.684372612,0.68586058,0.683810783,0.683822199,0.682165182,0.682597672,0.68134936,0.679988787,0.677416928,0.678816294,0.67617397,0.677959293,0.675216534,0.675123295,0.675009202,0.673846585,0.671132844,0.66614817,0.665522965,0.662900609,0.661333265,0.656693203,0.658384241,0.652640531,0.649088097,0.646811004,0.644040832,0.64399587,0.63760679,0.638216756,0.634025234,0.635388654,0.631304674,0.627692993,0.623804085,0.622232046,0.623252579,0.613445225,0.620240779,0.615137844,0.598707996
M137,0.142805176,0.329549245,0.319686849,0.316254128,0.317095087,0.319138849,0.320779513,0.324895179,0.328707299,0.334099464,0.34002073,0.34790314,0.355845523,0.364371188,0.37307551,0.380529419,0.388163457,0.394753655,0.400343506,0.405421003,0.410427435,0.415158844,0.418659029,0.423398857,0.427378061,0.430965512,0.435165701,0.438574589,0.442417903,0.446073308,0.450618831,0.454903493,0.459309814,0.464728713,0.470150809,0.476170182,0.481374372,0.487637134,0.493378145,0.499093055,0.504837409,0.510440952,0.516187055,0.520792573,0.526517636,0.531758778,0.536843009,0.542712595,0.548798723,0.554125411,0.559838463,0.564777882,0.570254821,0.574735014,0.578700399,0.583502482,0.587772863,0.592739843,0.597765244,0.602792017,0.606593055,0.60996919,0.613129631,0.61613231,0.618406618,0.620613789,0.621804534,0.623526256,0.624659016,0.625553315,0.626063501,0.626784729,0.626687123,0.626861466,0.626914166,0.627143157,0.627241672,0.627674212,0.628733743,0.629470731,0.631484613,0.633991485,0.635866597,0.63874322,0.641608422,0.64428254,0.647191065,0.650491488,0.652949357,0.655847357,0.659346281,0.662817289,0.666414922,0.669174036,0.673099589,0.677072199,0.681301111,0.685104713,0.688764267,0.692146039,0.696595788,0.700314891,0.704452962,0.706666975,0.708078153,0.719017659,0.720646086,0.724193538,0.727634181,0.731446482,0.735722492,0.739856784,0.743423285,0.747566339,0.750378714,0.754789041,0.758450144,0.762002586,0.765149907,0.768608173,0.772280795,0.775310978,0.778285576,0.780767384,0.783004639,0.787315794,0.789207871,0.792227348,0.796042348,0.797354534,0.798896548,0.801734537,0.803454964,0.805277351,0.806287543,0.808136653,0.809095386,0.811101234,0.811055007,0.81165389,0.811137935,0.812432078,0.814146865,0.814634239,0.814575097,0.816368594,0.814730897,0.815568829,0.81501754,0.815683692,0.815228236,0.814848363,0.814634782,0.81495169,0.814065715,0.81370645,0.81473772,0.814320467,0.813106811,0.812660388,0.814854399,0.813619079,0.812035433,0.813620368,0.811384682,0.813325998,0.810989134,0.811268836,0.809675595,0.810541554,0.809091708,0.808006521,0.805203068,0.807260895,0.804407745,0.807056999,0.803958956,0.804158761,0.804778401,0.803734379,0.80118894,0.795818904,0.796197092,0.79375115,0.792305851,0.787647239,0.790871751,0.785132234,0.781961023,0.780546062,0.777948624,0.779453291,0.772485874,0.774073431,0.769856644,0.772485727,0.768172591,0.764810751,0.760587754,0.759606444,0.761579539,0.750189421,0.757896453,0.752740295,0.589918858
M138,0.179526922,0.282979741,0.281171185,0.281799736,0.284894121,0.288591075,0.29174044,0.297072594,0.301944266,0.308170221,0.314430683,0.322399588,0.330025702,0.33792004,0.345923281,0.35256937,0.359589871,0.365711099,0.37090525,0.375723959,0.38060735,0.385278077,0.389011227,0.393911594,0.398055428,0.401876709,0.406438126,0.410076811,0.414150358,0.417809123,0.422171982,0.426005517,0.429849164,0.434443052,0.439021593,0.444058742,0.448209916,0.453205673,0.457636441,0.461965035,0.466319786,0.470415637,0.474545787,0.477569385,0.48155181,0.485003808,0.488261061,0.492190101,0.496334825,0.499722864,0.503500154,0.506644329,0.510250197,0.51311163,0.51562672,0.519000886,0.521972675,0.52563256,0.529601828,0.533710473,0.536736932,0.539560445,0.542207128,0.544844081,0.546835798,0.548768027,0.549922698,0.551418665,0.552367095,0.553212111,0.553677658,0.55429048,0.554115791,0.554141953,0.554009053,0.554073158,0.553955555,0.554180443,0.554950475,0.555470316,0.557121685,0.559222548,0.560794508,0.563335496,0.565777443,0.56825789,0.570776813,0.573740815,0.57577156,0.578264406,0.581063491,0.583882377,0.586352015,0.58816558,0.591368139,0.594300782,0.597440758,0.600219539,0.602667166,0.604860534,0.60790646,0.610092385,0.612387588,0.613621824,0.613731943,0.622860572,0.623353369,0.62571273,0.62784131,0.630237269,0.632887263,0.635486015,0.637317884,0.63981845,0.641225041,0.643934421,0.646111005,0.648082021,0.649811543,0.651674234,0.6539927,0.655692574,0.657431444,0.658680442,0.659790568,0.662645074,0.663690951,0.66546672,0.668177025,0.668507893,0.669369669,0.671152943,0.672273907,0.673471787,0.674205105,0.675517599,0.676235826,0.677759164,0.677739168,0.678239136,0.677788425,0.678734261,0.680185796,0.680438552,0.680649264,0.682002091,0.680862664,0.681740883,0.68143248,0.682466924,0.68236309,0.682290191,0.682163743,0.682535509,0.682125927,0.681999956,0.683030452,0.682823178,0.682081095,0.681705086,0.683596856,0.682658696,0.681319034,0.682681078,0.680806967,0.682402483,0.680398005,0.680476937,0.679002973,0.679495882,0.678103254,0.676816027,0.674391442,0.676057937,0.673453361,0.675458147,0.672583167,0.672299635,0.672486726,0.671385458,0.668854135,0.663716771,0.663240113,0.660871224,0.659453516,0.654824915,0.656673183,0.651105148,0.647903827,0.645712876,0.642520172,0.642653561,0.636100854,0.636437601,0.632222264,0.633288737,0.628454168,0.624680922,0.620201094,0.618079957,0.618354978,0.607868418,0.612905735,0.606894375,0.476420131
M139,0.112050559,0.339948056,0.328925727,0.324200545,0.323641209,0.324404183,0.324482515,0.326756112,0.328392391,0.331682794,0.335719434,0.342868556,0.350676705,0.359512377,0.368482023,0.37602557,0.3836176,0.389852821,0.395289253,0.4002486,0.404983676,0.409404204,0.412788788,0.417466761,0.421151817,0.424489246,0.428323877,0.431452219,0.43502879,0.438508503,0.442843121,0.447093713,0.451370899,0.456537037,0.461758221,0.467391844,0.47220964,0.477932694,0.483122946,0.488056662,0.493045166,0.49767073,0.50251008,0.506135883,0.510862272,0.515030028,0.518999021,0.523897092,0.528857182,0.533146872,0.537781421,0.541729336,0.546021363,0.549364909,0.552057473,0.555885212,0.559461759,0.563971385,0.568538886,0.573624079,0.577394197,0.580552982,0.5834159,0.586067549,0.588023793,0.589763489,0.590767085,0.592108138,0.592997114,0.593591096,0.593857633,0.594349831,0.594018147,0.5939674,0.59372341,0.593653082,0.593394894,0.593533942,0.594193222,0.594655087,0.596237024,0.598321895,0.599795195,0.602144246,0.604482372,0.606647745,0.609059203,0.611901136,0.614045301,0.616513808,0.61966778,0.622706968,0.626034194,0.628507824,0.631900914,0.635273655,0.638992461,0.642274599,0.645466596,0.648377206,0.652170671,0.655407431,0.659147623,0.661134206,0.662276959,0.670664715,0.672330845,0.67519184,0.677927339,0.680967919,0.684343243,0.687737145,0.690572699,0.69390874,0.696145733,0.699633319,0.70279965,0.705282331,0.707965317,0.710595107,0.713724331,0.716052569,0.718700756,0.720543531,0.722269094,0.725835216,0.727276113,0.729682417,0.732842465,0.73380976,0.734964371,0.737282414,0.738584308,0.740196577,0.740908128,0.742486233,0.743223248,0.744858756,0.744901639,0.745317728,0.744922094,0.745813909,0.747333403,0.747497387,0.74754683,0.748782334,0.747657596,0.748307554,0.747984079,0.748602247,0.748100709,0.747752527,0.747518324,0.747789016,0.747048818,0.746872142,0.74779743,0.747521443,0.746479496,0.746068556,0.748165529,0.746981706,0.745489549,0.746925677,0.744936688,0.746756014,0.744842846,0.745011182,0.743760309,0.744596085,0.743614323,0.742799262,0.740504289,0.742286805,0.739851133,0.742171883,0.739701805,0.740175888,0.740605842,0.739915127,0.737586881,0.733056165,0.733661416,0.73164203,0.730352557,0.726221734,0.729516725,0.724245336,0.721319092,0.720090441,0.718003922,0.71992533,0.714014707,0.715646601,0.712352873,0.715141249,0.712101957,0.709602589,0.706463629,0.706783691,0.709290514,0.700154,0.708850344,0.704588624,0.567544173
M140,0.093142193,0.284881509,0.281790526,0.281892879,0.284755425,0.287931714,0.290483859,0.294880873,0.298102902,0.302757336,0.307770126,0.315192541,0.322855045,0.330917811,0.339030419,0.345570763,0.352408911,0.358159126,0.363067472,0.367703293,0.372333209,0.376802854,0.380390634,0.385130006,0.38910081,0.392777162,0.397092089,0.400643956,0.404553622,0.408227752,0.412633488,0.416688876,0.420723472,0.4256108,0.430494179,0.435716014,0.440147249,0.445351491,0.450033584,0.454534696,0.458999646,0.463168203,0.467466487,0.470613771,0.474747006,0.478358482,0.48189498,0.486218927,0.490656674,0.494485276,0.498624616,0.502028908,0.50573732,0.508505133,0.510754332,0.513944224,0.517023204,0.521003231,0.525230008,0.529829172,0.533260692,0.536180469,0.538842453,0.541394901,0.543328044,0.545117983,0.546144404,0.547561564,0.548407405,0.549104289,0.549485631,0.550082111,0.549967138,0.550064962,0.549992755,0.550132015,0.550058001,0.550398074,0.55118721,0.55183487,0.55348937,0.555656231,0.557268967,0.559742801,0.562130992,0.564496665,0.566954584,0.569844579,0.571881946,0.574210641,0.577037439,0.579713888,0.582250517,0.584084356,0.587243801,0.590141957,0.593305899,0.596068525,0.598689152,0.601014486,0.604170301,0.606535902,0.609055418,0.610651061,0.611373683,0.619453748,0.620709501,0.623212351,0.625504135,0.628088595,0.63108181,0.633829647,0.636085833,0.638814282,0.64069958,0.643547002,0.646111814,0.648082132,0.650236974,0.652317689,0.654962783,0.656872148,0.659004764,0.66045286,0.66195599,0.665067003,0.66633604,0.668284858,0.671134757,0.671675865,0.672757613,0.674687922,0.675945232,0.677273537,0.678049723,0.679489578,0.680337418,0.6819386,0.682216772,0.682676358,0.682442393,0.683363511,0.684950345,0.685223342,0.685492217,0.686751385,0.685829958,0.686532358,0.686434263,0.687284567,0.6871514,0.686945909,0.686887158,0.687338537,0.68686233,0.686780822,0.687819666,0.68764403,0.686832311,0.686461634,0.688432757,0.687459059,0.686107057,0.687344402,0.685565801,0.687147157,0.685185518,0.685142854,0.68381733,0.684227634,0.68301761,0.681823548,0.679504967,0.68106317,0.678329928,0.680151077,0.677631833,0.677284288,0.677246875,0.675976741,0.673087573,0.667920005,0.667431147,0.664917928,0.66302932,0.658364098,0.659856488,0.654126137,0.650435638,0.648173386,0.644995077,0.645550223,0.63915671,0.639721685,0.635916107,0.637531434,0.633380552,0.629985457,0.626003009,0.624751366,0.625800807,0.616255479,0.622525061,0.617577068,0.485739711
M141,0.10080293,0.379625035,0.369256674,0.365309599,0.365918885,0.367710068,0.368510895,0.371634961,0.373630649,0.377415144,0.38216005,0.390557632,0.39986439,0.409943935,0.420000687,0.427946029,0.435941386,0.442469199,0.447865756,0.45273469,0.45733664,0.461724141,0.464807414,0.469264827,0.472748307,0.475910813,0.479600316,0.482478377,0.485729678,0.488997886,0.493299842,0.49740224,0.501610766,0.506939815,0.512312201,0.518266128,0.523302928,0.529259771,0.53458281,0.539662507,0.544624378,0.549308725,0.554117567,0.557587406,0.562203,0.566363981,0.570394665,0.575475593,0.580724558,0.585202125,0.590015209,0.593921084,0.598105307,0.6010983,0.603423158,0.607001609,0.610508966,0.615198713,0.620253479,0.625504315,0.629246934,0.632232209,0.634945455,0.637392893,0.639093874,0.640579935,0.64116194,0.642138255,0.642561835,0.642729619,0.642420041,0.642420187,0.641516959,0.64095261,0.640203869,0.639695164,0.638931358,0.638633175,0.638860096,0.638889483,0.640161945,0.641934351,0.643138386,0.645297635,0.647450064,0.64946722,0.65167033,0.654336829,0.656226822,0.658527776,0.661421747,0.664267673,0.667302412,0.669588237,0.672905288,0.676206673,0.679825606,0.68302298,0.68613263,0.688962806,0.692685674,0.695847043,0.699526794,0.701367488,0.702531421,0.711456776,0.713060522,0.715982662,0.718720247,0.721834091,0.725398037,0.728728506,0.73159078,0.735037599,0.737276042,0.740844996,0.744049976,0.746690475,0.749306459,0.752088294,0.755288003,0.757739289,0.760282078,0.762248346,0.763995739,0.767782761,0.769197798,0.771687611,0.774996454,0.775884012,0.777090187,0.77950828,0.780871999,0.782399896,0.783106339,0.784554574,0.785359384,0.787041039,0.786841158,0.78715146,0.786595406,0.787402849,0.788953852,0.789092352,0.789028666,0.790292827,0.788695754,0.789311097,0.788635412,0.789169281,0.788434077,0.787894007,0.787515423,0.787638681,0.786631684,0.786247361,0.787034253,0.786463463,0.785249843,0.784599359,0.786656859,0.785175071,0.783539397,0.784964032,0.782777715,0.784500139,0.782230496,0.782317065,0.780896975,0.781642821,0.780420557,0.779275463,0.776691225,0.778579062,0.775670935,0.778067923,0.775311262,0.775393317,0.775715078,0.774662885,0.772118645,0.767198353,0.767173503,0.764841387,0.763215443,0.758430175,0.761094645,0.75496365,0.751708928,0.749880361,0.747393478,0.74880231,0.742235448,0.744205212,0.740606729,0.743246469,0.739744178,0.73699888,0.733389891,0.733793176,0.736301942,0.726698895,0.735786402,0.731341103,0.712282437
M142,0.108606716,0.285891179,0.281668746,0.280945964,0.283059639,0.286016663,0.288474247,0.292661567,0.296194608,0.300699171,0.305844911,0.313327681,0.321192356,0.329354861,0.337642353,0.344445261,0.351448327,0.357507495,0.362682388,0.367527105,0.372433666,0.377132159,0.380941502,0.385784035,0.390027636,0.393753786,0.398191006,0.401732906,0.405653331,0.409233739,0.413552658,0.417449429,0.421345732,0.426052832,0.430841914,0.436005485,0.440339522,0.445476968,0.450063868,0.45447054,0.458791899,0.462928334,0.467029007,0.470046978,0.474053367,0.477580496,0.481022129,0.485296212,0.489717958,0.493528069,0.497617792,0.500914929,0.504515227,0.507137971,0.509281993,0.51246631,0.515408862,0.519346943,0.523717802,0.528199536,0.53150632,0.53434841,0.536914533,0.539368859,0.541132827,0.542836992,0.543724019,0.545014273,0.545695457,0.546280734,0.546398617,0.546721779,0.546328619,0.546159731,0.54582509,0.545645606,0.545252636,0.545276287,0.545780584,0.546086918,0.547405374,0.549293037,0.550582029,0.55278035,0.554916631,0.557039582,0.559235217,0.561844687,0.563571582,0.565628048,0.56808834,0.570558723,0.572729377,0.574358044,0.57717553,0.57985223,0.582672116,0.585120255,0.587363337,0.589475685,0.592284161,0.594327667,0.596652557,0.597787123,0.59814491,0.60635657,0.607108374,0.609251511,0.611299636,0.613571885,0.616310576,0.618717933,0.62076995,0.623210956,0.624840254,0.627375275,0.629684891,0.631541693,0.633428351,0.635379464,0.637863629,0.639556388,0.64151948,0.642776632,0.644068031,0.646957687,0.648168102,0.649985402,0.652747012,0.653152503,0.654089088,0.65593297,0.65715232,0.658307347,0.659125293,0.660301803,0.661109643,0.662496165,0.662645155,0.662983304,0.662729825,0.663422338,0.665033074,0.665241573,0.665387573,0.666612359,0.665381665,0.666006428,0.665722832,0.666565108,0.666251598,0.665997811,0.665949919,0.66627135,0.665752956,0.66544212,0.666414601,0.66605258,0.665153026,0.664792854,0.6665865,0.665469485,0.664211692,0.665396535,0.663623709,0.665041215,0.663064614,0.662979528,0.661587424,0.662033186,0.660727155,0.659568111,0.657088867,0.658623089,0.655908969,0.657726738,0.655071653,0.654850264,0.654892849,0.653712283,0.651151643,0.646214925,0.645652813,0.643114716,0.641341303,0.636634407,0.638196449,0.632465542,0.628997957,0.626580625,0.623713782,0.623921438,0.617765198,0.618181634,0.614269781,0.615617462,0.611737598,0.60854712,0.604848522,0.603389364,0.604219074,0.595151449,0.601855671,0.596699035,0.592268053
M143,0.112591912,0.30324276,0.299292241,0.296604463,0.295260009,0.295002052,0.294348794,0.294186717,0.295195748,0.296436321,0.299954506,0.305391981,0.311781145,0.318895934,0.326113761,0.332495864,0.337235163,0.341644792,0.345836914,0.349627455,0.353152483,0.356437531,0.360467779,0.363157344,0.366168587,0.3690233,0.372185548,0.374229904,0.377114551,0.379850425,0.382988754,0.386362059,0.389843654,0.393646459,0.397072525,0.400530765,0.404490988,0.407664245,0.411462997,0.414296518,0.416996997,0.419501536,0.421733086,0.42433716,0.426789313,0.428815976,0.430793261,0.432884285,0.435737123,0.438062332,0.440366023,0.442155527,0.444132423,0.445476212,0.446570485,0.448376227,0.450349511,0.452879601,0.455738606,0.459121898,0.461674498,0.464327503,0.466005246,0.467879193,0.46971458,0.471319488,0.472611627,0.47351397,0.474539875,0.47547729,0.476608024,0.47701066,0.477663041,0.47818554,0.479518884,0.480089617,0.480774786,0.48119866,0.48205637,0.482710413,0.483394702,0.484427707,0.485932113,0.486994198,0.487957003,0.490094552,0.491450017,0.493431494,0.494851557,0.496581157,0.498037253,0.500239578,0.501882155,0.504268997,0.506055253,0.508195333,0.510151142,0.511521407,0.513865059,0.515561873,0.517560496,0.519477891,0.520612287,0.522275747,0.522568015,0.525387473,0.526739464,0.52818758,0.529493672,0.530491913,0.532238276,0.533945735,0.534646905,0.536896651,0.537069016,0.538741008,0.540103898,0.540592687,0.54220482,0.543410835,0.544164135,0.545648847,0.546561066,0.547598937,0.548551169,0.549435706,0.550198293,0.550887848,0.552021668,0.552235459,0.552843459,0.554219834,0.554877799,0.555766964,0.554994152,0.55583968,0.556279088,0.55625629,0.557210772,0.557520404,0.55824486,0.55792212,0.559125942,0.55823986,0.558608815,0.559885919,0.559276944,0.558855394,0.560093569,0.559349912,0.560872238,0.559639282,0.560076178,0.561018463,0.561119495,0.56175075,0.561514449,0.560322949,0.56045543,0.561002617,0.561511728,0.56176535,0.561713807,0.561854573,0.561588854,0.56178003,0.561670025,0.563061805,0.563411356,0.563134602,0.561395522,0.562217142,0.562197959,0.562613937,0.562514315,0.56049804,0.560721804,0.563085127,0.562479678,0.560926157,0.5619854,0.561148905,0.56080041,0.558402695,0.55663304,0.556670668,0.558132696,0.553367782,0.555056102,0.553590154,0.551135018,0.551520414,0.551838142,0.552707926,0.549582247,0.551130446,0.547847319,0.55265065,0.549616317,0.549288589,0.550867005,0.543371009,0.549428468,0.545693808,0.46111349
M144,0.164422252,0.169322625,0.16825583,0.167608218,0.16777898,0.168688083,0.169871278,0.171534337,0.174222848,0.17707407,0.180911685,0.185111514,0.189319386,0.19383029,0.19847533,0.203072592,0.206939562,0.210962737,0.214891488,0.218624275,0.222393856,0.226040319,0.230365881,0.233704767,0.237511421,0.241054741,0.245126939,0.248218669,0.25198515,0.255325137,0.258943495,0.262461379,0.265961108,0.269678093,0.273156667,0.276706078,0.28060878,0.283926355,0.287767957,0.291004318,0.294096552,0.297153153,0.299967061,0.30302994,0.305995845,0.308613907,0.311119009,0.313657883,0.316806274,0.319499206,0.322254573,0.324636451,0.327426423,0.329777575,0.332017206,0.334621141,0.337075342,0.339877442,0.342983299,0.346127462,0.348890642,0.351956119,0.354368195,0.357060016,0.359668889,0.362243373,0.364426116,0.366397762,0.368357562,0.370361129,0.372334836,0.373684713,0.375245822,0.376616837,0.378581382,0.379983123,0.381389847,0.382610515,0.384156424,0.385497408,0.386910362,0.388625963,0.390718636,0.392517783,0.394203193,0.396875928,0.398919302,0.40143938,0.403226418,0.40543279,0.407112746,0.409563905,0.411108785,0.413411858,0.415391379,0.417587246,0.419510253,0.420958443,0.423044665,0.424747565,0.426586774,0.428139773,0.428698313,0.430125268,0.430325361,0.434229775,0.434980784,0.436432979,0.437723028,0.438748492,0.440364665,0.441817524,0.442387442,0.444329781,0.444571184,0.446067961,0.447163135,0.44778699,0.449117323,0.450204575,0.450928004,0.452246174,0.453075753,0.454081192,0.454950273,0.455705508,0.45658071,0.457255071,0.458497648,0.458661763,0.459386115,0.46061568,0.46137359,0.462168274,0.461949483,0.462742109,0.463423737,0.463544336,0.464557619,0.464983886,0.465888007,0.46576433,0.46702783,0.466532501,0.466986819,0.468343133,0.467912298,0.467695121,0.46880252,0.468454895,0.470143886,0.469168895,0.469731153,0.470618057,0.470907582,0.47153491,0.471554448,0.470607954,0.470903672,0.471467734,0.472019181,0.472184654,0.472267594,0.472433265,0.472270207,0.472469037,0.472113211,0.473273076,0.473313066,0.472957825,0.471244818,0.47159487,0.471330251,0.471651843,0.471329446,0.469267171,0.469185343,0.470873658,0.470016707,0.468426252,0.468715097,0.467421437,0.466233003,0.463689877,0.461837819,0.46134213,0.461698735,0.456942813,0.457599815,0.455541724,0.45290441,0.452366528,0.451689625,0.451475605,0.447992551,0.4482197,0.444374336,0.446862802,0.443396703,0.441404731,0.441416266,0.434207152,0.437591166,0.432935465,0.334555375
M145,0.136009704,0.256310521,0.249182097,0.248631318,0.246752138,0.244975886,0.244838674,0.245471536,0.246595928,0.248342883,0.251905836,0.255797207,0.261787996,0.26685331,0.272987236,0.278006845,0.283115722,0.287452855,0.291502042,0.294735323,0.298807297,0.302050505,0.305953647,0.309072381,0.312096988,0.314994166,0.318245825,0.320572879,0.323253971,0.32645906,0.329370834,0.332791478,0.336230744,0.339788604,0.34328651,0.347319471,0.351145716,0.354370444,0.357920118,0.361303921,0.36473518,0.367479139,0.370812041,0.373605791,0.376568198,0.379166108,0.381947797,0.38503708,0.387623645,0.390313986,0.392960162,0.395870246,0.39800745,0.400077387,0.402246112,0.404664134,0.407435286,0.410015582,0.412303269,0.415671856,0.418627219,0.421324253,0.424122301,0.42644311,0.428860414,0.430828214,0.433039345,0.435358664,0.436915501,0.438233822,0.44033754,0.441629776,0.443243982,0.444409028,0.446065746,0.447307077,0.448482886,0.449257325,0.450658211,0.452013448,0.453262079,0.454471152,0.456052185,0.457881891,0.459263037,0.461129185,0.46294733,0.464986455,0.467223812,0.468974947,0.471238225,0.473179655,0.475413167,0.477590608,0.480040951,0.482133946,0.484408243,0.486566267,0.488728278,0.490690989,0.492595245,0.494649934,0.496321293,0.498391518,0.49948954,0.501732436,0.502900691,0.504409683,0.505828868,0.507755759,0.509440145,0.511157539,0.511813194,0.514010184,0.515376529,0.517078549,0.518384604,0.519760383,0.520801424,0.522957603,0.523874671,0.525492694,0.526596082,0.527061696,0.52803818,0.52972356,0.530526873,0.532065889,0.532676786,0.533688319,0.534439159,0.534973732,0.535635204,0.536629126,0.53696593,0.538753467,0.538471712,0.538554004,0.539624689,0.54026215,0.541112522,0.541313058,0.540593434,0.541266731,0.541012996,0.541641959,0.542717704,0.542928533,0.543101582,0.544093718,0.543497311,0.542832497,0.544004881,0.544125412,0.544889306,0.544796469,0.545575085,0.545186349,0.546232673,0.545944192,0.545549911,0.546758431,0.545889339,0.54708376,0.54792611,0.545273803,0.546176001,0.546536733,0.547786285,0.546522013,0.545957199,0.54778758,0.546691897,0.54831767,0.547052372,0.546625769,0.548335469,0.546619668,0.547970089,0.548234645,0.5480575,0.546055403,0.547536114,0.547698729,0.544824805,0.543549852,0.543493488,0.545864766,0.541761089,0.543488793,0.539823971,0.543851103,0.542714729,0.542154383,0.543266209,0.536970289,0.538337018,0.540832087,0.53587289,0.541238414,0.540957541,0.540612867,0.535332474,0.539187892,0.431161071
M146,0.178587963,0.158098512,0.155959342,0.157097379,0.157113685,0.157103006,0.158221066,0.159932007,0.162025239,0.164493044,0.167973827,0.171404835,0.175890185,0.179582971,0.184011983,0.187838086,0.191833509,0.195545275,0.199027113,0.20205247,0.205763491,0.208948971,0.212719784,0.215907694,0.219139863,0.222167418,0.22562711,0.228331355,0.23134558,0.23453921,0.237431111,0.240533027,0.243656974,0.246769939,0.249796285,0.253231289,0.256450916,0.259226227,0.262259055,0.265147027,0.268087162,0.270606827,0.273496216,0.27595934,0.278535168,0.280803814,0.283209811,0.285832016,0.288100015,0.290443325,0.292772247,0.295311021,0.297381737,0.299457768,0.301626227,0.303948252,0.306441358,0.308770806,0.31094378,0.313732714,0.316334938,0.318819111,0.321471538,0.32385547,0.326241893,0.328358951,0.330588581,0.332942838,0.334632248,0.336240653,0.338377015,0.33989642,0.341610814,0.342957101,0.344677056,0.34607551,0.347380282,0.34840091,0.349884011,0.351359999,0.352699477,0.354037552,0.355683229,0.357581301,0.35904903,0.360999645,0.362818146,0.364807715,0.366849817,0.368550023,0.37048239,0.372210374,0.37384178,0.375544524,0.377641824,0.379331392,0.381048195,0.382766884,0.384359742,0.385876776,0.38725585,0.388531286,0.389384905,0.390888418,0.391541538,0.393796638,0.394421724,0.395568763,0.396609391,0.398027994,0.399211513,0.400347426,0.400694825,0.402205809,0.40308612,0.404207294,0.405046027,0.405969716,0.406541888,0.408050296,0.408648505,0.409692118,0.410439545,0.410656572,0.41136339,0.412488736,0.413092448,0.414177436,0.414665952,0.415222961,0.415818411,0.416184128,0.416729675,0.417435036,0.417873038,0.419231787,0.419143956,0.419189945,0.420127744,0.42067158,0.421478924,0.421622905,0.421233118,0.421896075,0.421809869,0.422328255,0.423235426,0.423506069,0.423780756,0.424647182,0.42439764,0.423979657,0.424966036,0.425109928,0.425896942,0.42584047,0.426531994,0.426210318,0.427187677,0.427106798,0.426872193,0.427769433,0.427103175,0.427973394,0.428656649,0.426598899,0.427031451,0.427367211,0.428135734,0.426981539,0.426312114,0.427543512,0.426438602,0.42762531,0.426425762,0.42591746,0.427030558,0.425357399,0.426246151,0.426179594,0.425539937,0.423438015,0.424171338,0.423913491,0.421265744,0.419806261,0.419102926,0.420430315,0.416764545,0.417515406,0.413981859,0.416207258,0.414682276,0.413569259,0.413554956,0.407960723,0.408353974,0.409251333,0.404893533,0.407760137,0.406473775,0.405418619,0.400508666,0.402001041,0.305630342
M147,0.106561016,0.267546782,0.257393939,0.254881061,0.251821507,0.251740872,0.252459191,0.253593998,0.254133935,0.256176311,0.257930718,0.262239651,0.26727167,0.272923712,0.278905618,0.283566054,0.287845388,0.29179426,0.295846572,0.299530012,0.303116945,0.306405735,0.309887951,0.313206833,0.3166713,0.319559915,0.32254941,0.326051784,0.328929892,0.331846766,0.334949256,0.338558221,0.341703932,0.345680419,0.349601385,0.353570202,0.357672607,0.361324086,0.365106903,0.368662394,0.37190989,0.374886187,0.377739658,0.380576675,0.383381429,0.386095577,0.389314505,0.392042575,0.395275523,0.398125913,0.401151974,0.403965394,0.406222841,0.408041485,0.409917506,0.412136879,0.414665291,0.417817359,0.421292061,0.424842704,0.42775039,0.430699585,0.432999755,0.435396681,0.437596559,0.439961104,0.441924285,0.444010354,0.445975428,0.447763482,0.449304337,0.450734907,0.452361782,0.45369778,0.454950835,0.456284383,0.457990727,0.458903014,0.460439874,0.461600618,0.463292698,0.464527878,0.466150541,0.46777836,0.4694174,0.470946934,0.47265772,0.474617539,0.476259272,0.478277911,0.480341382,0.482433553,0.484520339,0.48612546,0.488257892,0.490335272,0.492370712,0.49484096,0.496929849,0.498778659,0.501138799,0.503133563,0.504602576,0.506501965,0.507058163,0.51168818,0.512584968,0.514115686,0.51600363,0.518028954,0.51935961,0.521072099,0.523397309,0.52454335,0.525984328,0.528094587,0.529038705,0.531040927,0.532063546,0.533650868,0.535014739,0.53636111,0.537191617,0.538724671,0.539544432,0.54098379,0.542060775,0.544003695,0.544598631,0.545322306,0.546177551,0.547091321,0.548982399,0.548399314,0.550755747,0.551070305,0.551795101,0.552150144,0.552405042,0.55306607,0.554298018,0.55525511,0.55562026,0.555999851,0.555434158,0.556909959,0.556849908,0.556766353,0.557366744,0.556966997,0.558441663,0.557417915,0.558058789,0.559264678,0.557890988,0.55903817,0.558905933,0.559924145,0.560266309,0.561035435,0.560007383,0.560373002,0.560380763,0.560790009,0.560842826,0.561284694,0.561660795,0.560893987,0.561687092,0.559237711,0.560147678,0.558747633,0.558965667,0.559544001,0.559764348,0.560763472,0.55820016,0.557692805,0.55721514,0.555960739,0.556885042,0.556394278,0.556106556,0.55443603,0.552506542,0.552929715,0.550211642,0.549956074,0.547298993,0.550517581,0.548489804,0.543648731,0.543830334,0.544629411,0.541457862,0.542595492,0.539324544,0.536465568,0.540347129,0.539685082,0.540687669,0.532482422,0.538305235,0.533898163,0.43833239
M148,0.130244362,0.225645855,0.221826008,0.222225958,0.221275227,0.222542516,0.224412719,0.226685235,0.228801514,0.232213727,0.235262227,0.240382313,0.245781409,0.25158775,0.257550435,0.26227239,0.266573954,0.270598699,0.274531753,0.278247785,0.281833374,0.285200551,0.288890924,0.292286867,0.295908303,0.298894657,0.302080172,0.305777415,0.308774227,0.311637608,0.314593239,0.317881089,0.32068859,0.324189837,0.327596646,0.330928405,0.334374221,0.337349188,0.340422842,0.343354022,0.34596012,0.348320457,0.350494662,0.35262391,0.354707246,0.35666923,0.359098453,0.361090893,0.363505653,0.365632941,0.367902205,0.369974324,0.371616184,0.372909452,0.374323937,0.376063724,0.378063794,0.380572605,0.383457398,0.386447365,0.388954342,0.391553254,0.393658089,0.395807761,0.3978751,0.400090058,0.401927416,0.403823275,0.405597666,0.407216224,0.408625959,0.409916549,0.411373476,0.41253849,0.413664813,0.414823811,0.416315606,0.41708981,0.418403415,0.419389849,0.420867915,0.421962546,0.423379553,0.424914031,0.426402347,0.427846777,0.42945225,0.431323824,0.4327728,0.434572774,0.436264994,0.43805443,0.439479241,0.440420059,0.442318054,0.44391681,0.445458992,0.447325622,0.448835376,0.450139925,0.451835793,0.453074871,0.453549927,0.454740689,0.454739103,0.458797855,0.459172676,0.460188997,0.461513568,0.462951876,0.463693063,0.464803643,0.46633118,0.466883369,0.467724142,0.469158226,0.469522712,0.470784045,0.471286749,0.472253198,0.47312587,0.4739066,0.474405803,0.47536517,0.475817424,0.476773446,0.477510457,0.478927036,0.479282036,0.479556868,0.480109372,0.480653734,0.482142247,0.481486818,0.483464134,0.483630594,0.484174764,0.484384027,0.484604454,0.485086023,0.486080173,0.486894334,0.487174101,0.487528392,0.487035936,0.488226169,0.48814887,0.488015642,0.488546689,0.488281477,0.489712066,0.488735527,0.489351224,0.490276505,0.489206772,0.490119705,0.490038248,0.490935544,0.491208606,0.49186865,0.490917277,0.491189196,0.491191844,0.491428297,0.491342423,0.491675114,0.491856877,0.491038452,0.49151963,0.489118923,0.489779992,0.488230438,0.488162572,0.488457148,0.488592148,0.489176963,0.486683652,0.48603832,0.485298301,0.484069961,0.484469814,0.48355394,0.482752818,0.480952851,0.479053034,0.479080076,0.476070182,0.475348286,0.472399251,0.474447827,0.472110191,0.467244899,0.46667314,0.466586843,0.463199043,0.46355711,0.460093197,0.45671581,0.45934572,0.457725317,0.457716388,0.449838236,0.453474565,0.448980965,0.364550573
M149,0.188248096,0.23611817,0.226646947,0.223876781,0.220790412,0.220478347,0.221095725,0.222527682,0.223780291,0.226762942,0.229239657,0.233489949,0.237768036,0.242544451,0.247825172,0.25215937,0.256300503,0.260242607,0.264292409,0.268096412,0.27179567,0.275137639,0.278811062,0.282271517,0.285936507,0.288970602,0.292188464,0.295946976,0.299047949,0.302219075,0.305649349,0.30946723,0.312841708,0.316950033,0.321067906,0.325132191,0.329419512,0.333303645,0.337362075,0.341322212,0.34503316,0.348505093,0.35189378,0.355220805,0.358530934,0.361742498,0.365326173,0.368360539,0.371767863,0.37484494,0.378160648,0.381418921,0.384359563,0.387007043,0.389805593,0.392872981,0.395922753,0.399283574,0.402683847,0.406162201,0.409140951,0.412417353,0.415115967,0.417958057,0.420671023,0.423488445,0.4259753,0.428452453,0.430939545,0.433162592,0.435119989,0.436879976,0.438890627,0.440513939,0.44199712,0.443579214,0.445390494,0.446455594,0.448127329,0.449389892,0.45122299,0.45259427,0.454313693,0.456110449,0.457907794,0.459651743,0.461555821,0.463803615,0.465622768,0.46781402,0.470113226,0.472384233,0.474617875,0.476276029,0.478581458,0.480735161,0.482840218,0.485337562,0.487359921,0.489148015,0.491462171,0.49331082,0.494658101,0.496359785,0.496537771,0.501222969,0.501852228,0.503207238,0.504918638,0.506625433,0.507770917,0.509320776,0.511457839,0.512368885,0.513671882,0.515557117,0.516425289,0.51813249,0.519120044,0.520465906,0.521684752,0.522687373,0.523486556,0.524789548,0.525544548,0.526670719,0.527543881,0.529236595,0.529674964,0.530224134,0.530893406,0.531542199,0.5331718,0.532534406,0.534627274,0.534660379,0.53515013,0.53532473,0.535380638,0.535763879,0.536691003,0.537376419,0.537597536,0.537822526,0.537103117,0.53826503,0.538073177,0.537826243,0.538196269,0.537671348,0.539033128,0.537742887,0.538398742,0.539295835,0.537907392,0.53882895,0.538623619,0.539512438,0.539632672,0.540209356,0.539208545,0.53954174,0.539384159,0.539722195,0.539612368,0.539959369,0.540290712,0.539442618,0.540126194,0.537667209,0.538448469,0.537113321,0.53730985,0.537807872,0.538081504,0.539053069,0.536505197,0.536044185,0.535536393,0.534537088,0.535289889,0.534803934,0.534506301,0.532930804,0.531379599,0.53195044,0.529680408,0.529585133,0.527086857,0.53039578,0.528436699,0.523799517,0.524060248,0.524774171,0.521619495,0.522695873,0.519506237,0.516261568,0.520328053,0.519134174,0.51988755,0.511531988,0.517011047,0.512326827,0.412594127
M150,0.124346917,0.193372245,0.18899221,0.188631315,0.18763939,0.188490756,0.189866838,0.191434065,0.192626606,0.194974623,0.197030759,0.201110355,0.205590025,0.210426552,0.215405699,0.219409568,0.223101467,0.226530767,0.230082238,0.233341652,0.236583908,0.23956658,0.242827388,0.245898579,0.249160649,0.251861051,0.254831092,0.258157564,0.260920273,0.263606232,0.266446218,0.269507571,0.272265426,0.27556597,0.278882976,0.282106685,0.285488821,0.288458883,0.291566196,0.294484655,0.297196839,0.299652972,0.302049227,0.304394037,0.306705044,0.308918683,0.311577164,0.313899288,0.316621676,0.319095795,0.321679552,0.324034748,0.325934513,0.327502358,0.329032664,0.33093622,0.333166419,0.33596722,0.339132991,0.342487398,0.345337069,0.348235748,0.350671642,0.353144431,0.35555322,0.358059004,0.360292161,0.362532809,0.364663567,0.366641873,0.368440103,0.370146569,0.372021184,0.37366213,0.375225445,0.376860118,0.378778765,0.380014351,0.381751802,0.383195935,0.385087919,0.386615908,0.388455628,0.390325581,0.392200161,0.39404489,0.396024617,0.398214962,0.40004651,0.402152219,0.404226438,0.406316249,0.408192821,0.409540544,0.411804839,0.413768701,0.415697567,0.417916916,0.419825451,0.421482436,0.423622157,0.425187037,0.426167039,0.427752105,0.428386079,0.432422042,0.433403412,0.434790728,0.436574324,0.438318473,0.439562404,0.441011565,0.443095987,0.443976214,0.445414722,0.447122967,0.448011732,0.449628087,0.450624805,0.451921761,0.453279376,0.454439424,0.455446877,0.456762036,0.45776066,0.459054343,0.460217089,0.46197708,0.462730294,0.463437179,0.464325718,0.465191384,0.467098364,0.46681165,0.469159476,0.46956956,0.470549216,0.471065329,0.471683033,0.472520959,0.473868549,0.474911068,0.47562879,0.4762893,0.47616558,0.477636332,0.47798145,0.478199919,0.47912778,0.47910045,0.480812312,0.480160704,0.481230894,0.482376419,0.481594403,0.48283927,0.482958168,0.4840418,0.484654404,0.48545142,0.484889837,0.485359254,0.485633488,0.486071026,0.486239337,0.486770983,0.487158864,0.486619582,0.487471005,0.485186745,0.486003373,0.484756953,0.484990564,0.485502468,0.485740464,0.486567991,0.484196433,0.483852552,0.483168278,0.482036084,0.482564328,0.481778823,0.481232931,0.479374726,0.477756874,0.477539979,0.474931378,0.474126201,0.471532982,0.473675421,0.471580408,0.466765779,0.466625621,0.466636322,0.463553328,0.463892136,0.460804509,0.457462931,0.460252936,0.458807413,0.45896613,0.451116774,0.455470005,0.450503696,0.354329013
M151,0.296846784,0.25539753,0.250460586,0.247552079,0.245934754,0.247061901,0.247109794,0.249033474,0.250316847,0.254338449,0.258802855,0.264836348,0.269853107,0.276429001,0.282348515,0.288072563,0.293043726,0.297840232,0.301976154,0.305644156,0.309860349,0.313373206,0.316969625,0.320580723,0.323657299,0.326753968,0.329593863,0.332793963,0.33567886,0.338689769,0.341661976,0.34512717,0.348575579,0.351853053,0.355792481,0.359568588,0.363260645,0.366710884,0.370389993,0.373701456,0.376985842,0.379996654,0.382936324,0.385672794,0.387965282,0.391071411,0.393381432,0.395440409,0.397600917,0.400150002,0.402104667,0.404523436,0.406702051,0.408464439,0.410521399,0.413057145,0.415663042,0.417786601,0.419969332,0.422405552,0.424595374,0.4269539,0.428666041,0.430829651,0.432815096,0.43452695,0.435855109,0.437474446,0.439234637,0.44015733,0.441695673,0.442323543,0.443375212,0.444113513,0.44520437,0.445847905,0.446651968,0.44737678,0.448302602,0.448976192,0.450152291,0.450752629,0.452009656,0.453223662,0.454280534,0.455907653,0.456926111,0.459072094,0.460331244,0.461937299,0.463669305,0.465473985,0.467114213,0.469188825,0.471164693,0.47299121,0.474897187,0.475836639,0.478055844,0.479165293,0.480420132,0.481453585,0.483389576,0.48463799,0.485628891,0.487425174,0.488255562,0.490374255,0.490490589,0.492351698,0.493429802,0.494574207,0.495954934,0.496893335,0.498264149,0.499467111,0.500625489,0.501710452,0.502071747,0.504255488,0.503910228,0.506184165,0.506783152,0.508076366,0.508991758,0.509592431,0.511218978,0.511871864,0.513083733,0.51370973,0.514208593,0.514661389,0.515530671,0.516103793,0.516500455,0.51745091,0.518615893,0.518302102,0.518794354,0.519529888,0.519980419,0.519714789,0.519890517,0.52050389,0.520454255,0.520218949,0.520864459,0.521419216,0.520000715,0.520249192,0.52052162,0.519427481,0.519436211,0.52001607,0.519769489,0.519690216,0.518711091,0.519010153,0.518322643,0.518639817,0.518803659,0.51836176,0.517926875,0.517320143,0.516324772,0.516426561,0.515459972,0.516356851,0.516274039,0.515032825,0.515050262,0.512307611,0.513973155,0.513636587,0.512143731,0.511343328,0.513520026,0.510470521,0.510959879,0.510723264,0.50890899,0.509401115,0.510043052,0.507936216,0.507441143,0.509032227,0.506672357,0.50753846,0.505213536,0.503493014,0.501269058,0.501381829,0.501346561,0.501533754,0.504025808,0.497691216,0.500570341,0.496000781,0.50004255,0.497345169,0.496326629,0.495468872,0.487066431,0.489702512,0.396590709
M152,0.287382532,0.202205891,0.199285343,0.197700518,0.19722798,0.198914346,0.199856216,0.202152696,0.203528213,0.206768344,0.210208043,0.214758885,0.21840438,0.223068217,0.227180332,0.231282287,0.234888025,0.238479728,0.241663515,0.244603833,0.248162825,0.251335013,0.254649212,0.257969905,0.261002195,0.264119379,0.267191378,0.270389573,0.273423962,0.276380174,0.279343614,0.282502649,0.285735432,0.288658431,0.292184717,0.295445662,0.298615231,0.301529012,0.304626524,0.307409989,0.31017303,0.312761896,0.315237729,0.317563308,0.319563001,0.322275747,0.324398129,0.326373784,0.328554123,0.330950673,0.332874688,0.335084658,0.337065373,0.33866601,0.3404219,0.34258834,0.344894356,0.346879721,0.349223979,0.35159393,0.353790451,0.356181345,0.358028059,0.36029082,0.362373388,0.364285475,0.365779486,0.367659326,0.369549742,0.370853512,0.372642358,0.373700193,0.375120612,0.376298349,0.377777188,0.378923263,0.380232355,0.381465438,0.382857032,0.384064006,0.385641894,0.386713384,0.388341998,0.389957079,0.391388241,0.393270201,0.394566998,0.396810873,0.398114132,0.39979511,0.401382789,0.403195971,0.404610316,0.406426463,0.408269643,0.410041745,0.411811707,0.412816741,0.414826087,0.416017802,0.417233772,0.418228562,0.419790929,0.420933282,0.422052316,0.424276449,0.425089356,0.427112744,0.427445968,0.429338689,0.430544205,0.431649842,0.433119286,0.434064539,0.435430412,0.436642963,0.437704778,0.438917517,0.439360272,0.441489794,0.44141482,0.443543977,0.444261655,0.445577722,0.446609935,0.447340886,0.449041382,0.449784387,0.451141886,0.451879084,0.4526067,0.453242081,0.454298405,0.455063467,0.455911053,0.457036402,0.458578164,0.458552773,0.459427341,0.46044202,0.46127254,0.46143256,0.462107996,0.463112542,0.46349789,0.463626221,0.464633024,0.46551094,0.464608888,0.465450172,0.466206588,0.465592177,0.466050482,0.466944638,0.467103778,0.467343938,0.466912625,0.467491967,0.467275014,0.467829365,0.468334781,0.4681568,0.468090636,0.467703303,0.467071378,0.467280249,0.466528477,0.46746428,0.467512418,0.466449193,0.466546505,0.464144802,0.465614056,0.465437693,0.464078797,0.463392197,0.465189006,0.462425395,0.462947795,0.462654379,0.460922891,0.461293347,0.461406919,0.45944963,0.458965638,0.459906942,0.457498537,0.458125518,0.455458338,0.45357792,0.451180977,0.450811366,0.450379306,0.4501906,0.451888769,0.445605748,0.447819353,0.443078712,0.446275543,0.4431642,0.441493691,0.440146913,0.432134036,0.434021027,0.339912494
M153,0.282111744,0.260024905,0.254098229,0.252350298,0.251466305,0.251266973,0.250375848,0.251684365,0.254008089,0.256772186,0.260126267,0.265293904,0.270553196,0.276232719,0.281293382,0.286154969,0.291028839,0.295036045,0.298355019,0.301973774,0.305435734,0.308809048,0.311721305,0.315621545,0.318526436,0.321066357,0.323885119,0.326620036,0.329593758,0.332220701,0.335401701,0.338974802,0.341700655,0.3455462,0.348607444,0.352047458,0.355468191,0.358605821,0.361953301,0.364912664,0.367681903,0.370326266,0.372813379,0.375107081,0.377819911,0.380106334,0.382099546,0.384169459,0.386241357,0.388115593,0.39030762,0.392084858,0.394024596,0.395719173,0.397606228,0.400054928,0.402393273,0.404541947,0.406251801,0.408627282,0.410182505,0.412200448,0.414078126,0.415540132,0.417314109,0.419014321,0.42041545,0.421710033,0.422671623,0.423988724,0.424864458,0.426016552,0.426696071,0.427546589,0.428253912,0.428876992,0.429721094,0.430092856,0.430917831,0.431691488,0.432936592,0.433544021,0.434925047,0.436172542,0.437316712,0.43839089,0.440829272,0.442261283,0.443848654,0.445798075,0.447631489,0.449592781,0.451311354,0.453675389,0.45531438,0.456808764,0.459153106,0.460650792,0.462546074,0.463851489,0.465782388,0.467066683,0.468383787,0.470128757,0.470674196,0.472525994,0.473320299,0.474869234,0.476671406,0.477986979,0.478433278,0.479713688,0.480992637,0.482129767,0.482938635,0.484217167,0.485487862,0.486341303,0.487007697,0.488293887,0.489188237,0.491022284,0.491316656,0.491404839,0.49325911,0.494326032,0.494582553,0.495654688,0.496367833,0.497193212,0.497206865,0.498204897,0.499304476,0.499631236,0.499398043,0.500885754,0.500611645,0.501060519,0.502292549,0.501746383,0.501778206,0.502812716,0.502900451,0.503448291,0.503603924,0.503588312,0.504174409,0.504930699,0.504927109,0.505023006,0.505516322,0.504544792,0.504968376,0.505821748,0.505866429,0.506342249,0.507723287,0.506595307,0.508271914,0.507099774,0.507629846,0.507695404,0.507686796,0.507781593,0.507346155,0.507893409,0.50767274,0.506850083,0.507298769,0.50683882,0.507532009,0.50843143,0.508193097,0.505901985,0.508453946,0.505964548,0.505958632,0.507991741,0.510241092,0.508308021,0.508626123,0.507518831,0.506330444,0.506690715,0.504356548,0.508238227,0.504421824,0.508092977,0.503822956,0.505863606,0.507449894,0.505921752,0.504175017,0.502535434,0.502480873,0.501395841,0.502196774,0.503744938,0.497034111,0.5008448,0.49778784,0.494404356,0.494827629,0.495629192,0.405504387
M154,0.268031473,0.187450113,0.184779077,0.184715667,0.184972139,0.185708552,0.185999924,0.187943047,0.190635042,0.19361211,0.197076314,0.201799139,0.206437796,0.211400977,0.215947625,0.220455064,0.224984556,0.228952509,0.232356067,0.236048326,0.239692259,0.243306763,0.246626645,0.250669222,0.253953265,0.256946018,0.260329121,0.263413079,0.266824426,0.26969045,0.273031737,0.276494816,0.279329884,0.283035471,0.286108825,0.289464854,0.292815231,0.295951707,0.299289314,0.302320424,0.305212874,0.307964364,0.310600294,0.313076744,0.31582162,0.318306146,0.320539989,0.322868872,0.325259468,0.327433319,0.32988435,0.331913993,0.334123237,0.336137484,0.338289343,0.340901884,0.343411711,0.345814821,0.348017801,0.350790331,0.352798053,0.355313981,0.357737889,0.359830821,0.362131555,0.364439204,0.366471106,0.368369825,0.36988869,0.371783396,0.373182695,0.374816421,0.37606375,0.377424509,0.378666131,0.379836174,0.381128373,0.382038546,0.383279244,0.384419223,0.386049253,0.387064393,0.388828066,0.390494071,0.391998054,0.393520866,0.396196162,0.398014335,0.399806397,0.402004949,0.403959111,0.406052736,0.40764502,0.409882232,0.411674886,0.413258976,0.415532588,0.417031159,0.418771888,0.420010078,0.421765505,0.422756933,0.423530823,0.42511568,0.425554601,0.4277583,0.428329887,0.429800326,0.431425195,0.43263341,0.433023814,0.434094302,0.43514704,0.436092524,0.436752963,0.437850991,0.438906573,0.439630902,0.440154116,0.441337053,0.442109333,0.443745158,0.444047179,0.444081735,0.445866606,0.446796443,0.447150917,0.448160343,0.4489065,0.449666864,0.449779644,0.450591459,0.451818514,0.452182206,0.452165778,0.453608448,0.453535443,0.454060048,0.455445821,0.455067191,0.45523158,0.45638579,0.456645258,0.457316268,0.457604737,0.457781199,0.458443621,0.459329027,0.459467643,0.45983725,0.460519446,0.459763219,0.460319555,0.461216481,0.461423608,0.462057452,0.463441205,0.462485966,0.464209145,0.463250226,0.463773738,0.463940464,0.464007689,0.463985778,0.463768362,0.464228285,0.463923182,0.463129733,0.463409426,0.46301146,0.463511515,0.464147867,0.463845483,0.461677557,0.464168297,0.461719016,0.461506991,0.463124366,0.46492914,0.462851121,0.46285931,0.46133051,0.45964809,0.45975287,0.457276776,0.460355086,0.456199175,0.4589487,0.454624215,0.455892697,0.456668593,0.454877955,0.452439156,0.450285437,0.449962754,0.448208106,0.448245039,0.448973638,0.441908219,0.444537161,0.440854618,0.436694139,0.436243668,0.43609363,0.337431113
M155,0.292486314,0.255759852,0.251232444,0.250316671,0.24993477,0.250039099,0.248051632,0.248439121,0.250378148,0.252945191,0.256333437,0.26169988,0.267123448,0.273126052,0.279392637,0.284511595,0.289649858,0.293298825,0.298120697,0.301940545,0.305557544,0.309068646,0.313191785,0.316599608,0.319557345,0.322673403,0.32509922,0.328331367,0.330917093,0.334062503,0.336911591,0.340204973,0.34384545,0.347478683,0.350757885,0.354454064,0.358165281,0.36127697,0.364977355,0.368315946,0.371678606,0.374611812,0.377345624,0.379874584,0.382769723,0.385269812,0.387775777,0.39001735,0.392219296,0.393884317,0.39619206,0.398342853,0.400079435,0.402380564,0.40426991,0.407086038,0.409415596,0.411549588,0.413162411,0.415671008,0.417861501,0.42001494,0.422584349,0.42444366,0.42626219,0.428258834,0.430037181,0.431324604,0.432759969,0.433778572,0.435090481,0.435717404,0.436214532,0.436825109,0.437140273,0.437287136,0.437543518,0.437371057,0.437624879,0.438039769,0.438998751,0.439245364,0.441108512,0.442065235,0.443675977,0.445590302,0.447045294,0.449342926,0.451781716,0.453641557,0.455998037,0.458544895,0.460167391,0.463079188,0.465692069,0.467096494,0.469713372,0.471503301,0.473613773,0.475134646,0.476851694,0.477764778,0.479597901,0.482389545,0.482458321,0.483264164,0.484729165,0.486871961,0.487785014,0.489613066,0.490116038,0.491441758,0.492794815,0.494026871,0.494898036,0.495738541,0.497087613,0.498141436,0.49955201,0.49927331,0.501032197,0.501715152,0.502971922,0.503217601,0.504551374,0.505919206,0.506385956,0.50698658,0.507120396,0.508202831,0.507654928,0.508883178,0.509338545,0.510038438,0.509182302,0.509924461,0.51113178,0.510939991,0.51160436,0.512706806,0.512139378,0.512668692,0.513441725,0.513476042,0.513113768,0.513867654,0.513969195,0.514208246,0.513510171,0.514259306,0.51412252,0.514087531,0.513863756,0.514221129,0.513683189,0.51520181,0.515962258,0.516023272,0.517168338,0.517191076,0.515182153,0.516568865,0.51783438,0.517226635,0.516206591,0.518203623,0.517266856,0.517980235,0.517689852,0.516586805,0.518968297,0.516487058,0.518052491,0.517808877,0.519650933,0.516522241,0.518725004,0.516806641,0.518069322,0.518710683,0.518106199,0.519758637,0.517631126,0.51735627,0.518257117,0.521374215,0.521252452,0.519380005,0.519376775,0.52078428,0.515821938,0.51923034,0.516806379,0.520428819,0.520368383,0.518450415,0.518559678,0.511346772,0.511706303,0.515129609,0.510868374,0.516729686,0.51703997,0.517708746,0.417765751
M156,0.292923851,0.202756164,0.20082579,0.201098003,0.201450954,0.201994608,0.200739582,0.201501251,0.20343343,0.206004909,0.20927146,0.214060958,0.218940826,0.224105479,0.229483448,0.233946479,0.238391887,0.241628609,0.24589918,0.24934805,0.252823383,0.256225405,0.260225517,0.263554668,0.2665337,0.269654356,0.272230321,0.275527554,0.278223554,0.281200178,0.283903793,0.28686542,0.2901406,0.293297375,0.296136172,0.299195983,0.302240368,0.30472081,0.307814158,0.310527919,0.313342823,0.315699716,0.317913296,0.319927147,0.322215739,0.324183026,0.326207337,0.327992147,0.329754306,0.331098636,0.33294288,0.33461183,0.335915909,0.337772204,0.339292199,0.341637478,0.343602629,0.345395153,0.346773619,0.349142221,0.351204683,0.353264867,0.355624965,0.357445953,0.359235224,0.361145116,0.362908973,0.364210703,0.365613265,0.366637838,0.367929262,0.368683814,0.369319657,0.370084725,0.370568122,0.370969904,0.371391567,0.37145986,0.371836848,0.372371835,0.37331191,0.373681381,0.375438431,0.376443691,0.378009776,0.379842774,0.38126939,0.383414131,0.38563495,0.387322692,0.389329978,0.391555021,0.392775963,0.395118751,0.397352075,0.398398763,0.400490744,0.401906237,0.403503328,0.404629309,0.405850389,0.406298767,0.407376859,0.409616633,0.409387665,0.409698139,0.410802664,0.412439803,0.413029034,0.414388585,0.414586315,0.415483597,0.41641745,0.417242004,0.417804392,0.418225304,0.419173144,0.419796745,0.420875387,0.420406681,0.421746233,0.422151013,0.423194444,0.423302926,0.42440282,0.425480818,0.425886171,0.426209212,0.426323773,0.42709436,0.426580602,0.427527159,0.427960701,0.428516052,0.427893007,0.42853555,0.429649391,0.42953681,0.430190778,0.431237214,0.430877291,0.43135977,0.432100961,0.432179575,0.432039425,0.432728462,0.432927499,0.43329996,0.432872932,0.433732479,0.433748494,0.433789883,0.433769063,0.434155986,0.433800799,0.435207003,0.43599276,0.436130703,0.437181356,0.437355951,0.435766642,0.436911484,0.438129529,0.437613721,0.436793208,0.438514182,0.437737702,0.438258062,0.438052419,0.437048235,0.439010998,0.436837448,0.438212404,0.437939211,0.439438285,0.436686171,0.438469176,0.436810804,0.437730048,0.438230615,0.437748563,0.438924503,0.437102794,0.436776387,0.437456817,0.439782799,0.439350123,0.437703527,0.437444059,0.438367564,0.434130349,0.436560595,0.434134176,0.436960738,0.43653396,0.434595176,0.434338496,0.427944959,0.427787059,0.430031588,0.426227358,0.430476882,0.430350057,0.429979671,0.341775758
M157,0.252084135,0.231189592,0.227811943,0.22589205,0.225112727,0.225176173,0.224781881,0.224839407,0.226067875,0.228633981,0.232745845,0.237222054,0.241779336,0.247476048,0.252607616,0.256919045,0.26134748,0.26513076,0.269549916,0.273628433,0.276396393,0.280387318,0.283826964,0.287291924,0.289979043,0.293283527,0.296488833,0.29896255,0.301713528,0.30491441,0.308202177,0.311342762,0.314520125,0.318302685,0.321551049,0.325449086,0.328641654,0.332006733,0.335566869,0.33880733,0.342202808,0.345168598,0.347993912,0.351020871,0.354005678,0.356452374,0.359218636,0.361766511,0.363899734,0.366613364,0.368788174,0.37149339,0.373717981,0.375997893,0.378480267,0.381049179,0.383896445,0.385785066,0.387973511,0.390854846,0.393258216,0.395573177,0.39786693,0.39970636,0.401890019,0.404123575,0.405685605,0.407200805,0.408569951,0.410034796,0.411543636,0.412479691,0.4132719,0.414016982,0.414912074,0.415401948,0.416245099,0.416808687,0.417563904,0.418530408,0.41999912,0.421133534,0.422537763,0.424617358,0.426386773,0.428344347,0.430460431,0.432192588,0.43462635,0.437154615,0.439601343,0.441781864,0.444038093,0.446563967,0.448801402,0.451340151,0.453903128,0.455846364,0.457884097,0.460199379,0.461855814,0.463653658,0.464965068,0.467588349,0.467840647,0.470140386,0.471330661,0.47305398,0.474458916,0.476434867,0.477577414,0.479432155,0.480901174,0.482090411,0.483533053,0.484932609,0.486084,0.487012783,0.488844941,0.490122607,0.491547752,0.491922536,0.493584198,0.495096083,0.495339532,0.497108059,0.498170394,0.499146624,0.499743453,0.500461098,0.500318768,0.501991643,0.501979632,0.502840358,0.503508492,0.504600411,0.504962823,0.504975564,0.506898226,0.505735332,0.506410801,0.508053099,0.507515288,0.507456005,0.508115702,0.508633977,0.509701369,0.509583272,0.510112718,0.510719842,0.510067402,0.511277306,0.510430916,0.511764392,0.512145336,0.511129991,0.512979799,0.512091135,0.51229769,0.513423538,0.51437735,0.512814441,0.513228538,0.513635542,0.513706775,0.5145965,0.514518668,0.514220168,0.515019031,0.515088877,0.513591767,0.515017564,0.515168367,0.516366144,0.51658016,0.514691932,0.515174482,0.517664689,0.51697266,0.515512772,0.516232806,0.515403194,0.514581548,0.515591506,0.518492655,0.518778722,0.515382318,0.515057616,0.516681839,0.514322423,0.510951247,0.516337004,0.515340599,0.514851083,0.516256804,0.50870667,0.510412731,0.513482837,0.507622344,0.513093708,0.511146216,0.509131693,0.498853623,0.500867962,0.339844072
M158,0.2892874,0.19986194,0.198996522,0.198429289,0.198512211,0.199233281,0.199773932,0.200604718,0.202482108,0.205539081,0.209909267,0.214533294,0.219108909,0.224706248,0.229708945,0.233918017,0.238237188,0.241931757,0.246070901,0.249956311,0.252751466,0.256634247,0.260133008,0.263561267,0.266304811,0.269551415,0.272826099,0.275319767,0.278123657,0.281178728,0.284248404,0.287140164,0.290015053,0.293476624,0.296375679,0.299829434,0.302591019,0.305482783,0.308474506,0.311240133,0.314116276,0.316583399,0.318841658,0.321258567,0.323604119,0.325468832,0.327617071,0.329613447,0.331252262,0.33334451,0.334995444,0.337068125,0.338735472,0.340495434,0.342531701,0.344691837,0.347143259,0.348745782,0.350768333,0.353346317,0.355487273,0.357580028,0.359712937,0.361463525,0.363477634,0.365612446,0.367077861,0.368565291,0.369814689,0.371210173,0.372646086,0.373527055,0.374269395,0.375023674,0.375816344,0.376316563,0.377061884,0.377575219,0.378245117,0.37909371,0.38042098,0.381451851,0.382768366,0.384766651,0.386435769,0.388333257,0.390354069,0.392015567,0.394215363,0.396592341,0.398698403,0.400636131,0.402383965,0.404533583,0.406456392,0.408624685,0.410750234,0.41234235,0.413910635,0.415819654,0.417066046,0.418337137,0.419049264,0.421126575,0.420988978,0.423182622,0.423834364,0.425152536,0.426200395,0.427699445,0.428465938,0.429826462,0.430821859,0.431540419,0.432541636,0.433503042,0.434237616,0.43479072,0.436197133,0.437044793,0.438122114,0.438178135,0.439472875,0.440639519,0.440769576,0.442119487,0.442951206,0.443639479,0.444135526,0.444577117,0.444410254,0.445786127,0.445772382,0.446425064,0.447129149,0.44808746,0.448471956,0.448472828,0.45032438,0.449313657,0.449997846,0.451481997,0.4511085,0.451138101,0.451821881,0.452354137,0.453455913,0.45342848,0.453996581,0.454734524,0.454304932,0.455507023,0.45486512,0.456100802,0.45667242,0.455813813,0.457594585,0.456904104,0.457220738,0.458254008,0.459248161,0.457833005,0.458313466,0.458653283,0.458712969,0.459620305,0.459535996,0.459260199,0.459934345,0.459977104,0.458510348,0.459609438,0.459657998,0.460758353,0.460810798,0.459021614,0.45926917,0.461519548,0.460888754,0.459433295,0.460036598,0.459015902,0.458100316,0.458775404,0.461265891,0.461225033,0.457977974,0.457501911,0.458620036,0.456308045,0.452895013,0.457236125,0.455922686,0.455150789,0.455822301,0.448876783,0.449812539,0.451887029,0.446039123,0.450153961,0.447977972,0.445614866,0.436106184,0.437013299,0.293818506
M159,0.27010551,0.209946271,0.204361605,0.199166893,0.198051741,0.196395746,0.195892451,0.194468123,0.195655232,0.196970063,0.19919298,0.202456329,0.205970742,0.210487507,0.214314412,0.217841522,0.221065445,0.224331469,0.227867999,0.230519745,0.233836196,0.236955211,0.239625705,0.242603875,0.245447306,0.247863177,0.250713017,0.253105989,0.255703377,0.258539201,0.261458594,0.264362469,0.267458654,0.270697896,0.273731978,0.277005155,0.280414282,0.283309217,0.286973981,0.290112381,0.293272954,0.296001202,0.299045494,0.301841924,0.30505888,0.30781423,0.310477373,0.313197059,0.315767388,0.318523044,0.320767666,0.323625699,0.32602577,0.32855891,0.331033022,0.33388711,0.336505153,0.339043501,0.341000024,0.343784887,0.346659323,0.349125727,0.35166594,0.354041259,0.356361106,0.358620867,0.360854097,0.363057347,0.365096276,0.366672919,0.36863212,0.370385937,0.371897141,0.373384164,0.375238504,0.376537481,0.378173187,0.379339607,0.380613464,0.381974586,0.383792807,0.385102684,0.386865318,0.388738438,0.390723308,0.392545592,0.39471263,0.396679876,0.398907509,0.401170276,0.403742212,0.405956625,0.408197615,0.410894872,0.412926343,0.41508347,0.417452796,0.419384056,0.421919511,0.423343075,0.425615762,0.427625162,0.429177255,0.432011176,0.432355878,0.433892008,0.435658873,0.437658147,0.439153967,0.440760427,0.442346987,0.443832814,0.44537677,0.447239278,0.448274789,0.450045155,0.451589377,0.452644956,0.453868185,0.455757078,0.456935485,0.458687528,0.460034521,0.460782688,0.461896321,0.463193388,0.464713092,0.465314176,0.466181713,0.46737826,0.467738264,0.468745062,0.469699405,0.470530372,0.471300613,0.472845052,0.472729652,0.473663979,0.474685396,0.475422994,0.475455538,0.47683127,0.476469444,0.477451671,0.477576805,0.477517918,0.478839165,0.479543762,0.480014294,0.48030458,0.480546165,0.48172376,0.482271417,0.483252548,0.482205359,0.483058213,0.48448211,0.485136137,0.485560201,0.484845805,0.485384199,0.485962834,0.48594034,0.486446682,0.486599698,0.487120728,0.48733207,0.487056138,0.487483856,0.489367834,0.490137586,0.489080059,0.489466493,0.489910334,0.490475144,0.489408734,0.490057161,0.490356341,0.490689251,0.490269567,0.492140634,0.492761127,0.493341237,0.492795883,0.492496768,0.494058028,0.49351241,0.494733343,0.494263335,0.495047831,0.490868273,0.493353418,0.495605708,0.493842701,0.493680346,0.492218,0.492505921,0.493537149,0.494485114,0.490944808,0.489248446,0.494951974,0.497730808,0.491413895,0.394948773
M160,0.372007201,0.182314076,0.183850748,0.183063595,0.184576242,0.18478957,0.185880294,0.185780018,0.188237792,0.190743483,0.194119256,0.198394917,0.202647603,0.207882187,0.212288739,0.216251807,0.219950294,0.223605586,0.227378821,0.230279658,0.233828171,0.237070928,0.23991781,0.243014667,0.24592909,0.248414326,0.251392548,0.253794863,0.256510342,0.2592279,0.262019513,0.264728124,0.26762177,0.270602757,0.273303618,0.276127444,0.279052903,0.281411356,0.284588369,0.287165826,0.28978177,0.291889987,0.294257474,0.296286258,0.298723063,0.300640383,0.302506603,0.304402918,0.306097092,0.30791382,0.30929399,0.311238639,0.312784843,0.314597062,0.316354696,0.318524627,0.3205088,0.322413801,0.323705151,0.325862061,0.328087833,0.329977173,0.331981995,0.333837584,0.335701427,0.337515948,0.339292902,0.34103815,0.342579509,0.343696891,0.345190715,0.346466799,0.347593242,0.3485736,0.349910358,0.350688552,0.35179525,0.352468931,0.353187466,0.354042895,0.355317791,0.356140314,0.357376673,0.358844284,0.360366053,0.361832762,0.363628743,0.36518362,0.366949558,0.368681958,0.370659921,0.372298243,0.373686208,0.375592063,0.377111332,0.37857751,0.380211563,0.381429465,0.383137666,0.383942706,0.38537361,0.386395082,0.386838907,0.388914616,0.388504986,0.389552807,0.390550225,0.391805125,0.392637031,0.393530688,0.394396101,0.395241871,0.396009322,0.397106225,0.397475816,0.398493703,0.399295421,0.39970101,0.400285628,0.401372006,0.401962613,0.403059859,0.403871348,0.404070214,0.404711139,0.405385962,0.406444037,0.40655549,0.40696998,0.407612154,0.407625085,0.408092475,0.408658646,0.409141156,0.409599119,0.410719337,0.410347159,0.410964579,0.411659143,0.41218234,0.411976518,0.413013322,0.412634302,0.413251104,0.413320056,0.413198244,0.414255391,0.414787047,0.415151646,0.415385138,0.415489691,0.416366374,0.41679761,0.41750979,0.416553813,0.417288251,0.418429706,0.418912756,0.419206251,0.418609554,0.418988718,0.419320373,0.419306969,0.419641578,0.419666629,0.419985147,0.420050252,0.419625796,0.419752864,0.421239882,0.421600209,0.420495838,0.42059126,0.420965974,0.421149706,0.419973083,0.420347771,0.420294651,0.420316285,0.419761166,0.420951947,0.420969408,0.421082438,0.420317589,0.419832677,0.420660244,0.419606981,0.420190763,0.419320578,0.419494874,0.41522431,0.416749897,0.417958988,0.415870525,0.415153314,0.412994743,0.412539507,0.412418269,0.412408438,0.408546775,0.406097118,0.410185865,0.41129693,0.404875974,0.323667507
M161,0.348640389,0.197893523,0.192164477,0.188249374,0.186873532,0.185336892,0.184014007,0.182746232,0.18326817,0.184611186,0.186799676,0.19067098,0.194080942,0.198711174,0.203220823,0.207699655,0.211737659,0.216232519,0.220339348,0.224361209,0.228664523,0.232713436,0.236727462,0.240779297,0.245058888,0.248207986,0.252258942,0.25569696,0.259370522,0.263434035,0.266987871,0.271232178,0.275125709,0.279159222,0.283222255,0.287457551,0.291314417,0.295090432,0.29922302,0.30295145,0.306708768,0.310165631,0.313686836,0.317123707,0.320550797,0.323659658,0.326688143,0.329573568,0.33250811,0.335372793,0.338187594,0.340924186,0.343789176,0.346519777,0.349614232,0.352647001,0.355672623,0.358423239,0.360541187,0.363741429,0.366862759,0.369664436,0.372514455,0.375008146,0.377560526,0.380034548,0.382582905,0.384230866,0.386407941,0.387920838,0.389854107,0.391230393,0.39284772,0.393938124,0.395287169,0.395985228,0.396862837,0.397481589,0.398409088,0.399494662,0.40117469,0.402366353,0.404242041,0.405738406,0.407677205,0.409931862,0.412133661,0.413999621,0.416876542,0.419277625,0.42177735,0.424027594,0.426483955,0.429158224,0.431522316,0.433364982,0.435989883,0.437697937,0.439804881,0.441984455,0.443155729,0.444916779,0.446452826,0.448925727,0.449205689,0.44938985,0.451176527,0.452937207,0.454181027,0.455163648,0.456551269,0.458208055,0.458798555,0.460468253,0.461329395,0.462425615,0.463934678,0.464778979,0.466039585,0.466703473,0.46784425,0.469589832,0.470440617,0.471186196,0.471846186,0.473161725,0.473574491,0.474794446,0.475093103,0.475757657,0.476249116,0.476649558,0.47769383,0.478631896,0.477992525,0.478008974,0.47937527,0.479600987,0.479888489,0.480654164,0.480679458,0.48113031,0.481742084,0.481719436,0.481953612,0.481893606,0.482383988,0.483153031,0.482846087,0.48312571,0.483328869,0.483427908,0.484125677,0.483874876,0.484113458,0.485256525,0.485584279,0.485086724,0.485668897,0.486554066,0.486021223,0.486841333,0.485699509,0.486406872,0.485342511,0.486110021,0.486746058,0.486624834,0.487484452,0.486111804,0.487202925,0.486490764,0.487139409,0.485919608,0.486682517,0.48811467,0.486765247,0.48731471,0.488018266,0.48788503,0.490130372,0.487981081,0.488945308,0.488700847,0.488677966,0.490430613,0.490014319,0.491480013,0.491196501,0.49202474,0.492142969,0.490425278,0.488525168,0.491425659,0.491693275,0.490008651,0.490391456,0.491403591,0.492361854,0.489076665,0.487101772,0.492870966,0.487187167,0.489473827,0.392017764
M162,0.32155477,0.191587919,0.191301499,0.190704239,0.191601129,0.191768428,0.192111874,0.19229007,0.194248107,0.196875298,0.200260195,0.204974706,0.209031011,0.213977432,0.218500341,0.222658643,0.226016385,0.229899396,0.233096131,0.236201634,0.239609484,0.242802883,0.245923888,0.249045998,0.25244579,0.254659794,0.257881679,0.260390891,0.263162037,0.266245652,0.268768706,0.271885425,0.27471881,0.277564437,0.280535897,0.283624377,0.286320206,0.288923682,0.291809418,0.294330262,0.296842958,0.299098801,0.301394086,0.303655512,0.305862481,0.307879081,0.309875159,0.311746954,0.313821362,0.315786638,0.317700638,0.319388662,0.321191333,0.322821605,0.324914444,0.32694807,0.329021244,0.330903551,0.332570014,0.335088778,0.337509147,0.339660692,0.341852585,0.343734199,0.345631579,0.347501509,0.349395997,0.350554139,0.352106688,0.353188743,0.354587981,0.355584712,0.356788955,0.357546857,0.358613538,0.359184277,0.359935532,0.360498447,0.36129576,0.362190933,0.36361993,0.364564169,0.366161774,0.36749787,0.369117914,0.37104431,0.372899232,0.374470056,0.37681077,0.378808226,0.380767177,0.382600031,0.38438471,0.386469714,0.388461509,0.389964256,0.392109147,0.393577109,0.395295331,0.397147233,0.398058131,0.399388285,0.400413639,0.402504516,0.402491006,0.403475046,0.404715383,0.406322586,0.407474754,0.408322997,0.409588296,0.411008078,0.411435798,0.412847819,0.413593518,0.414546733,0.415740063,0.416579173,0.417624352,0.41823095,0.419259483,0.420820469,0.421563199,0.422228716,0.422908869,0.424111426,0.424702489,0.425753535,0.426245356,0.426843232,0.42740327,0.427762263,0.428997208,0.429927431,0.429658076,0.429735764,0.431267653,0.431660532,0.43216464,0.433031293,0.433294464,0.433923828,0.434736883,0.43499578,0.435471541,0.435697682,0.436331969,0.437337564,0.437275645,0.437845121,0.438383721,0.438685485,0.43957043,0.439609053,0.440183908,0.441361761,0.441905867,0.441635373,0.442494897,0.443466887,0.443137994,0.443981632,0.443086062,0.44387629,0.443004105,0.443814251,0.444267586,0.444343068,0.444915499,0.443683791,0.444624285,0.443818649,0.444418647,0.443257552,0.443825873,0.445105543,0.443928811,0.444222847,0.444733939,0.444503015,0.446162032,0.443972213,0.44440466,0.443825805,0.443647894,0.444851945,0.443857991,0.444844281,0.444179383,0.444308137,0.443823147,0.441821292,0.439654087,0.441620929,0.441039527,0.439140194,0.438525864,0.438757786,0.439029479,0.435050719,0.432481795,0.437028986,0.43095078,0.43198041,0.347866208
M163,0.214046058,0.22844081,0.222631715,0.22090572,0.220605229,0.22077522,0.22136932,0.223587052,0.226235628,0.229258036,0.232518199,0.237134405,0.241413648,0.246303221,0.250468795,0.255033365,0.258825814,0.262682844,0.266207494,0.269839549,0.273239584,0.276373408,0.280262217,0.283156164,0.286331127,0.289504966,0.292807658,0.295696506,0.298666554,0.301681728,0.305034528,0.308307478,0.312021514,0.315795977,0.319268477,0.32363729,0.327694983,0.331405384,0.33548317,0.339310093,0.343041858,0.346482344,0.350109139,0.353757981,0.356969056,0.360505751,0.363889974,0.367302162,0.370665781,0.374054608,0.377665275,0.380763905,0.38367578,0.386438411,0.389702655,0.392757825,0.395763442,0.398862127,0.402239729,0.405413066,0.408516508,0.411487984,0.414235,0.416766987,0.419166432,0.421766744,0.424273487,0.426181107,0.428466205,0.430525228,0.432527797,0.434288708,0.436140323,0.43794593,0.439913368,0.441537666,0.443294313,0.445527625,0.447159055,0.448914978,0.450590222,0.452357731,0.453811747,0.455901067,0.457598374,0.459238855,0.460945067,0.462982237,0.464496458,0.466337723,0.468229706,0.470123615,0.47250834,0.474223441,0.476182146,0.478492542,0.481111151,0.482922488,0.485042025,0.487181391,0.48902884,0.490289542,0.493139436,0.494106898,0.494187355,0.500235847,0.500541948,0.502695504,0.504450538,0.506536733,0.508090196,0.510286942,0.511904436,0.513894147,0.515349699,0.517477412,0.519247795,0.520825986,0.522444078,0.524311296,0.526205293,0.52715251,0.529741538,0.530557369,0.532931335,0.53344911,0.535139503,0.53660754,0.538503959,0.539879381,0.540716672,0.542161926,0.542814591,0.543813424,0.545087569,0.545921041,0.546761802,0.54797323,0.548576891,0.549055616,0.550297437,0.550855767,0.551367937,0.552288075,0.552829757,0.553097806,0.553656603,0.553727648,0.554089445,0.555150114,0.555849428,0.556134512,0.5562022,0.556697948,0.556417059,0.557125563,0.558193436,0.557059495,0.557133272,0.558598776,0.558625245,0.558821713,0.55823849,0.558315893,0.559550296,0.559321181,0.55900974,0.558165759,0.557593335,0.558767675,0.556671649,0.556526118,0.557855576,0.557089377,0.5564263,0.556649138,0.556155232,0.555690603,0.555113048,0.555990678,0.554575701,0.553920337,0.553303772,0.55169671,0.552626144,0.552739031,0.550811043,0.550090324,0.547952852,0.547192598,0.545395315,0.546518138,0.543129708,0.544275326,0.542889491,0.539951237,0.538864483,0.538358913,0.537536258,0.533319359,0.530725088,0.528259592,0.529933397,0.531705099,0.410261031
M164,0.268191755,0.21330049,0.210001911,0.209542651,0.209974469,0.210760093,0.211936532,0.214749217,0.218113309,0.221842114,0.225919846,0.231150098,0.236058294,0.241502207,0.246249064,0.251415143,0.255840477,0.260344479,0.264560672,0.26889002,0.273091052,0.277143539,0.281918215,0.285697897,0.289762956,0.29372251,0.297811135,0.301469871,0.305183895,0.308827418,0.3127454,0.316391373,0.32048429,0.324498251,0.328294183,0.332824652,0.336978555,0.3406851,0.344739337,0.348488159,0.35208722,0.355384844,0.358778278,0.362171034,0.365021082,0.368279359,0.371327798,0.374453192,0.377479671,0.380604299,0.38393606,0.386685196,0.389282668,0.391734311,0.394868747,0.397878894,0.40075067,0.403736156,0.407082362,0.41027765,0.413495516,0.416527655,0.419339256,0.421971967,0.424506089,0.427158352,0.429787031,0.431823043,0.43420662,0.436392031,0.438442207,0.440265738,0.442194051,0.444036302,0.446066759,0.447712374,0.449497523,0.451709234,0.45335137,0.455118324,0.456732552,0.458504915,0.459918394,0.461998553,0.463623736,0.465302573,0.466997867,0.469000586,0.470408869,0.472040211,0.473763104,0.47541796,0.47727161,0.478535489,0.480290441,0.482290228,0.484509497,0.485932684,0.48756106,0.489390418,0.490782654,0.49156314,0.493701698,0.494318332,0.494243579,0.499781796,0.499933604,0.501832538,0.503334524,0.505092028,0.506377814,0.508243437,0.509532827,0.51108576,0.512244971,0.514088448,0.515567627,0.516880162,0.518231432,0.519914692,0.521634832,0.522417306,0.524847137,0.525483569,0.527633335,0.528059076,0.52960867,0.531041875,0.532787636,0.53396728,0.534730747,0.535958348,0.536625233,0.537520122,0.538867457,0.539597679,0.540435609,0.541546551,0.542143571,0.542704711,0.54387343,0.544352718,0.544821505,0.545648131,0.546144044,0.546421106,0.546862409,0.547004728,0.547365737,0.54869662,0.549367605,0.549682965,0.549763012,0.55028594,0.550050898,0.550712089,0.551787277,0.550699116,0.550818471,0.552152562,0.552137335,0.552357816,0.551678877,0.5516734,0.552778762,0.552529522,0.552024853,0.551035054,0.550276485,0.551345668,0.548948003,0.548486601,0.549615306,0.548729594,0.547923672,0.547731625,0.547130038,0.546414335,0.545716024,0.546548837,0.544782816,0.543742717,0.542728264,0.540835067,0.541597445,0.541256375,0.538955864,0.537787029,0.535505738,0.534176642,0.531956295,0.532318708,0.528305583,0.528967701,0.526880094,0.523446261,0.521594954,0.520382959,0.518830913,0.513886073,0.510774888,0.507349581,0.508192337,0.5088746,0.388187933
M165,0.256244909,0.216131886,0.213942314,0.214111195,0.21301799,0.212894483,0.213943108,0.213666774,0.215351124,0.217785991,0.221024692,0.225329104,0.230383479,0.235165927,0.240285385,0.24491305,0.248673413,0.252888437,0.256455248,0.259994331,0.264182461,0.267356469,0.270760939,0.274164361,0.277395873,0.280083254,0.283336323,0.285912865,0.288781318,0.291802862,0.294594626,0.298156717,0.30136717,0.304658723,0.30771947,0.311227844,0.314559698,0.317857389,0.321245769,0.324228558,0.327272717,0.330060447,0.333129683,0.335968496,0.339026506,0.341652241,0.344413979,0.346844407,0.349586601,0.352260319,0.354826833,0.35737137,0.359642173,0.362214671,0.364320494,0.367029463,0.369493382,0.371687216,0.373525151,0.376326896,0.379046472,0.381146144,0.383299261,0.385529667,0.387510057,0.389175683,0.39074314,0.392113233,0.393508603,0.394634862,0.395752419,0.396806736,0.398103646,0.398924074,0.399857979,0.400675289,0.401663266,0.402196529,0.403232613,0.403933073,0.405563495,0.406883179,0.408209383,0.410113595,0.411623236,0.413701571,0.415394466,0.417759626,0.419870205,0.422023332,0.424223672,0.426584581,0.428549358,0.430828699,0.433354192,0.435516744,0.437817406,0.439965974,0.441826827,0.443593603,0.445464923,0.447094862,0.448751715,0.451899836,0.452084644,0.45388869,0.455452806,0.457216804,0.458882123,0.460252249,0.462062654,0.463712486,0.465064212,0.466713647,0.468076443,0.469651698,0.471046525,0.471979581,0.473081175,0.474822598,0.475951172,0.477655764,0.478967861,0.479146559,0.480825982,0.482107629,0.483077949,0.484291504,0.48525635,0.485836767,0.486255433,0.487262598,0.488306783,0.489207495,0.48939827,0.490200559,0.490039252,0.491890256,0.492199003,0.493036297,0.493134505,0.494641667,0.494398891,0.495549536,0.495835198,0.495881539,0.497288521,0.498159751,0.497683779,0.498085464,0.499568794,0.49977389,0.500393692,0.500252964,0.501865811,0.501585659,0.501820076,0.502619559,0.503229342,0.504085562,0.504851115,0.504092999,0.504330778,0.505022632,0.505307289,0.505898876,0.506334574,0.506064477,0.506671091,0.506969967,0.505752659,0.506637655,0.507046135,0.507694132,0.508129891,0.507117635,0.507864715,0.508124626,0.508541261,0.508226441,0.507491979,0.507908136,0.508352091,0.510707189,0.51045596,0.50856782,0.507655324,0.508734416,0.507913252,0.508224328,0.508024065,0.50558387,0.50756721,0.505191875,0.504674527,0.508145509,0.502053348,0.502433232,0.502838081,0.505625516,0.503673508,0.501671858,0.503331272,0.496112376,0.397927345
M166,0.352109181,0.179170344,0.179088942,0.179994039,0.179611072,0.179950289,0.181334146,0.181778613,0.183873795,0.186625711,0.190036021,0.194105498,0.198729995,0.202982534,0.20737617,0.211285658,0.214529839,0.21807404,0.221029765,0.223889719,0.227397824,0.230028166,0.232969143,0.235875698,0.238665201,0.241001656,0.243900673,0.246246913,0.248818938,0.25147712,0.253862396,0.256786134,0.259402602,0.262057124,0.264493489,0.267275018,0.269883846,0.272418893,0.274982337,0.277204281,0.279441593,0.281485704,0.283784095,0.285798516,0.287985155,0.289784777,0.291705684,0.29331189,0.295210155,0.2970613,0.298869666,0.300673905,0.302237568,0.304150113,0.305701807,0.307815352,0.309736856,0.311401336,0.312786731,0.315174549,0.317428517,0.319191913,0.320983386,0.322831814,0.324488953,0.325894784,0.327222686,0.328378185,0.329594801,0.330550796,0.331511505,0.332389282,0.333454644,0.334078007,0.334824169,0.335440458,0.336168829,0.336543057,0.337341683,0.337865995,0.339174798,0.340181662,0.341201087,0.342772667,0.343967457,0.34564598,0.347013208,0.348925576,0.350595125,0.352290908,0.353952812,0.355738998,0.357034029,0.358619785,0.360529032,0.361988255,0.363599571,0.365055882,0.366245211,0.367272594,0.368440754,0.369271969,0.370103938,0.372487302,0.37198976,0.373343542,0.374223982,0.375395972,0.376469956,0.37726885,0.37837082,0.379386784,0.380110976,0.381118115,0.381866558,0.382870584,0.383745588,0.384233575,0.384981784,0.386135043,0.386899063,0.388103652,0.389026929,0.388942991,0.390240703,0.391109618,0.391799747,0.392633651,0.393278571,0.39356503,0.393770183,0.394431011,0.39519548,0.395893318,0.395999048,0.396623583,0.396490127,0.3979978,0.398243772,0.398837169,0.398887952,0.400050473,0.399774885,0.40049951,0.400637726,0.400570353,0.401708483,0.402369755,0.402076513,0.402520612,0.403812523,0.403971608,0.404464475,0.404350611,0.405634924,0.405448572,0.405726812,0.406353929,0.406825334,0.407492636,0.408054434,0.407400538,0.407476655,0.407870009,0.408065843,0.4085033,0.408657663,0.408361378,0.40871927,0.408771284,0.407645999,0.40828278,0.408507894,0.408843252,0.40917937,0.408161588,0.408565835,0.408609944,0.408877723,0.408536715,0.407644886,0.40771721,0.407884428,0.40965515,0.409159056,0.407496433,0.406344414,0.40685644,0.405953555,0.405969632,0.405444805,0.403174199,0.404501611,0.402226275,0.401438608,0.403887022,0.398835755,0.398476966,0.398459442,0.400345043,0.398015952,0.395773824,0.39686906,0.390570437,0.315526012
M167,0.384430177,0.171444758,0.169882773,0.170263195,0.169665366,0.169922654,0.171149531,0.171385941,0.173230978,0.175671239,0.178766935,0.182530381,0.186775125,0.190866701,0.195115212,0.199075576,0.202405695,0.206236086,0.209450468,0.212735593,0.216589414,0.219613351,0.222946817,0.226246353,0.229443685,0.232268867,0.235586146,0.238256596,0.241270966,0.244297879,0.247211095,0.25069205,0.253990079,0.257384571,0.260608231,0.264298133,0.267840241,0.271390762,0.274975951,0.27824247,0.281429089,0.284485625,0.287726166,0.290777105,0.293929121,0.296741285,0.299662899,0.302208396,0.305158256,0.307938766,0.31073594,0.313392671,0.315839768,0.318582852,0.320924379,0.323781514,0.32640934,0.328825657,0.331057952,0.334030057,0.336902417,0.33923471,0.341668719,0.344198999,0.346449095,0.348533078,0.350393161,0.352122075,0.353842736,0.355362022,0.356754731,0.358078418,0.359669409,0.360752939,0.362012521,0.363170414,0.364480416,0.365369531,0.366709721,0.367694237,0.369540002,0.371043792,0.372610271,0.374775981,0.37654911,0.378832575,0.380817246,0.383424088,0.385692941,0.388159099,0.390529611,0.393160371,0.395347918,0.397833916,0.400720434,0.403162712,0.405778738,0.408246635,0.41038858,0.412367867,0.414612362,0.416389085,0.418147577,0.421315492,0.421521528,0.424732634,0.425947995,0.42791668,0.429811596,0.431430471,0.433384862,0.435241334,0.436716625,0.438607342,0.439959489,0.441845548,0.443290131,0.444515992,0.445748724,0.447710011,0.448870993,0.450771063,0.452039516,0.452464195,0.454155115,0.455533502,0.456708144,0.458050865,0.459131112,0.459807129,0.460409129,0.461465827,0.462591984,0.463557518,0.463870781,0.464745092,0.464692799,0.466517257,0.466697831,0.467639034,0.467697845,0.469270892,0.469025561,0.470185302,0.470392703,0.470591948,0.471774193,0.472624665,0.471989793,0.472316571,0.473723604,0.473908468,0.474487507,0.474340257,0.475713057,0.475385551,0.475635631,0.476297402,0.476780132,0.477540603,0.47810443,0.477351709,0.477570692,0.478058128,0.478217115,0.478775466,0.478857319,0.478628967,0.478950119,0.478995121,0.477684426,0.47836612,0.478514062,0.479112108,0.479247332,0.478285717,0.478730944,0.478717804,0.479047859,0.478433909,0.477470281,0.477670612,0.477765083,0.479689141,0.47944154,0.47742799,0.476034045,0.477023202,0.476017954,0.476292353,0.475671722,0.473130151,0.474587335,0.472266282,0.471300378,0.474289581,0.467982938,0.46799079,0.467724099,0.469595695,0.46684696,0.464120315,0.464552866,0.457239032,0.353905171
M168,0.456157318,0.158920753,0.159258623,0.160345733,0.160499717,0.161040054,0.162714028,0.163384297,0.165593713,0.168521552,0.17201613,0.176218511,0.180794466,0.185148103,0.189613853,0.193741175,0.19717218,0.201069111,0.204326508,0.207613154,0.211416409,0.21446052,0.217721559,0.220965018,0.224124886,0.226857351,0.230105367,0.232829766,0.235785685,0.23876553,0.24153927,0.244790082,0.247840097,0.250927936,0.253807599,0.257088506,0.260217182,0.26327329,0.266396024,0.269167953,0.271919108,0.274498126,0.277258834,0.279790569,0.28243846,0.284674651,0.287073814,0.289096469,0.291431267,0.293693027,0.295940363,0.298096461,0.300080083,0.302400323,0.304348848,0.306819069,0.309130354,0.311198192,0.313021973,0.315743337,0.31834412,0.32046928,0.322676703,0.324994796,0.327055172,0.329004644,0.33078627,0.332399333,0.334026674,0.335417434,0.336774656,0.338031125,0.339528489,0.340534233,0.341719188,0.342785079,0.343941548,0.344736416,0.345921591,0.346807705,0.348540726,0.34993392,0.351371295,0.353396735,0.355052698,0.357168611,0.359024933,0.36143145,0.363554641,0.365798104,0.367943406,0.37026731,0.372008969,0.374081224,0.376593913,0.378565703,0.380713902,0.382708166,0.384386032,0.385961835,0.38763914,0.388900185,0.390080433,0.392867284,0.39259593,0.394978035,0.395911815,0.397519533,0.398960475,0.400182459,0.401597798,0.403003849,0.40399478,0.405353197,0.40625298,0.407656123,0.408707327,0.409518438,0.410365509,0.41182038,0.412648239,0.414145155,0.415165852,0.415288194,0.416663286,0.417707846,0.418575511,0.419626895,0.420465553,0.42091617,0.421202264,0.422034455,0.422917229,0.423792273,0.423975295,0.424710272,0.42461394,0.426273852,0.426485593,0.42734414,0.427356468,0.428729785,0.428520974,0.429532616,0.429693437,0.429766736,0.430966262,0.431826587,0.431333781,0.431759781,0.433150569,0.433319258,0.433840376,0.433726945,0.43499377,0.434829462,0.435067655,0.435727426,0.436135803,0.436900245,0.437405758,0.436685729,0.436751103,0.437285143,0.437366979,0.437855984,0.437867387,0.437555495,0.437811734,0.437707361,0.436441552,0.436892961,0.437050668,0.437462164,0.437677352,0.436616883,0.436850203,0.436801422,0.436984896,0.436391864,0.435322932,0.435249156,0.435248997,0.436891383,0.436413043,0.434363343,0.433024296,0.433512515,0.432339321,0.43217733,0.4312236,0.42866933,0.429780801,0.427179612,0.426110342,0.428256941,0.422527764,0.422026839,0.421362207,0.422989619,0.42028365,0.417404706,0.4174212,0.410496826,0.318636651
M169,0.177603278,0.26757866,0.267252237,0.267012777,0.265380709,0.266350279,0.265371865,0.265420577,0.267375969,0.27108135,0.274227801,0.279266372,0.284297912,0.290603029,0.295668221,0.301150445,0.305355729,0.309498519,0.313446147,0.317190668,0.321239204,0.32439687,0.327841448,0.330450097,0.33387892,0.336029924,0.338534263,0.340979218,0.34383834,0.346462776,0.349588361,0.352535496,0.356295643,0.359763325,0.363208834,0.366813438,0.37020726,0.373904341,0.377312047,0.38053345,0.383972288,0.386923565,0.389639159,0.392389393,0.395359681,0.397862222,0.400569219,0.403074266,0.405624428,0.407921761,0.410179596,0.41239788,0.414668322,0.416778269,0.41895415,0.42118409,0.423832417,0.4256346,0.427435395,0.430253619,0.432447165,0.434712153,0.436854439,0.438706355,0.439877274,0.441678997,0.443201318,0.444255111,0.445483283,0.446075112,0.447424591,0.447937794,0.448577882,0.449224771,0.449935256,0.450527777,0.450776575,0.451165949,0.451653054,0.452380325,0.453211967,0.454020672,0.455182472,0.456363037,0.457588998,0.458816144,0.460207625,0.461590829,0.46361682,0.465016102,0.467063012,0.468988755,0.470607746,0.47262081,0.474977715,0.476493347,0.478605988,0.480207082,0.482625274,0.484005859,0.486124361,0.487205617,0.488735694,0.491793926,0.491395711,0.493238953,0.494964963,0.496584311,0.498111632,0.499741974,0.501070976,0.502510546,0.503799057,0.505670831,0.506711923,0.508012528,0.509709888,0.510477798,0.5118438,0.512687228,0.514413035,0.51484285,0.517537034,0.517497694,0.518719395,0.519898707,0.520333383,0.521249957,0.522816059,0.522564062,0.523617471,0.523620464,0.524579791,0.525046032,0.524755702,0.525956422,0.525925186,0.527356021,0.527837999,0.527700597,0.527969827,0.528396473,0.527997377,0.52898863,0.529010848,0.528742595,0.529029538,0.529593182,0.530418474,0.530622211,0.530498114,0.530254892,0.530574078,0.531130196,0.530804114,0.531211293,0.53239766,0.532722599,0.532527524,0.532865752,0.533054177,0.53303913,0.532649142,0.53438285,0.53206315,0.53386966,0.533527274,0.534463713,0.534407008,0.533669981,0.533843988,0.534158927,0.533717618,0.536271129,0.53582121,0.53361168,0.536151264,0.535198728,0.534326922,0.535688089,0.536440258,0.535529728,0.534667083,0.535739804,0.537476206,0.537791835,0.534895151,0.538699564,0.536126388,0.534229669,0.53636111,0.536495657,0.536320269,0.536323261,0.532659134,0.533280497,0.529445392,0.532783448,0.529078644,0.52721331,0.527429216,0.528170007,0.533174035,0.528441096,0.538280721
M170,0.158736349,0.234780217,0.237556484,0.239040976,0.238594372,0.240129497,0.239708872,0.240087875,0.241807204,0.245178637,0.248181972,0.253380893,0.258781263,0.265554051,0.27100701,0.276684091,0.281226206,0.285564448,0.289763116,0.293633987,0.297961712,0.301467063,0.305290717,0.308314476,0.312034511,0.314523828,0.317405012,0.320280209,0.3234091,0.326382437,0.329673254,0.332901367,0.336879086,0.34054045,0.344137272,0.347760045,0.351152514,0.354738634,0.358126805,0.361298402,0.364673205,0.367470625,0.370051019,0.372562243,0.375326657,0.377561098,0.380048898,0.382483785,0.384806208,0.387111894,0.389244596,0.391405636,0.393437406,0.395405306,0.397332815,0.399459752,0.40217125,0.404259216,0.406342554,0.409785623,0.412588618,0.415308,0.417906767,0.420159174,0.421838873,0.423944225,0.425901775,0.427362177,0.42900163,0.429955726,0.431654418,0.432655719,0.433647367,0.434768204,0.435836945,0.43673476,0.437325948,0.437990533,0.438687364,0.439731749,0.440781355,0.441923226,0.443284723,0.444709721,0.446158221,0.447681256,0.449347822,0.451021304,0.453337072,0.454936797,0.457276727,0.459257383,0.460863432,0.462884397,0.465393261,0.466890913,0.469060301,0.470640049,0.47300313,0.474470231,0.476489399,0.477408002,0.478534116,0.48169212,0.481701356,0.482295094,0.484559808,0.486144642,0.487624792,0.489152294,0.490448626,0.491728596,0.492875232,0.494552561,0.495552207,0.496600566,0.498199987,0.498663872,0.499973295,0.500704766,0.502460521,0.502820855,0.505475758,0.505448503,0.506840684,0.50802689,0.508456132,0.50942354,0.510875684,0.510622703,0.511561229,0.511590985,0.512600908,0.513078491,0.512840637,0.514275787,0.514462009,0.515926266,0.51670764,0.516807874,0.517283001,0.517761336,0.517591274,0.518613686,0.518823644,0.518609324,0.519222458,0.519941051,0.521042433,0.521560208,0.521579371,0.521518953,0.521959323,0.522706331,0.522674194,0.523289757,0.524504961,0.525068406,0.525125112,0.525409455,0.525658979,0.525701976,0.525295341,0.527050671,0.5247219,0.526535271,0.526167701,0.526963438,0.526931837,0.526093934,0.526154328,0.526554183,0.526039486,0.528317716,0.527985026,0.525710029,0.527913887,0.52685399,0.52597437,0.527008906,0.527102848,0.525833407,0.524754916,0.525538704,0.526832798,0.526561745,0.523087793,0.526355994,0.522947736,0.520462451,0.522124872,0.521764906,0.520894671,0.52062785,0.516675664,0.516885451,0.512771128,0.515376336,0.511266212,0.50949445,0.508875667,0.509036347,0.513610884,0.508357238,0.513525229
M171,0.165236919,0.224076292,0.219376525,0.218258353,0.216435351,0.215851726,0.214948774,0.214603621,0.213990472,0.215802759,0.217158181,0.221382045,0.2260439,0.230433084,0.235061643,0.239392863,0.243147846,0.246233222,0.249801341,0.253047048,0.256170583,0.259004961,0.26205717,0.264934527,0.267714469,0.270167708,0.272563653,0.275211559,0.277329541,0.280151937,0.283201331,0.285786446,0.289157542,0.292126869,0.295228523,0.298336558,0.301231152,0.3041202,0.30696278,0.309384558,0.311852803,0.314200352,0.316367555,0.318578336,0.32068436,0.322475657,0.324411121,0.326593469,0.328359511,0.330207818,0.332036918,0.333909459,0.335282704,0.336793885,0.338280577,0.339938141,0.341624025,0.34357088,0.345639704,0.34837512,0.350794542,0.352863468,0.35469126,0.356459527,0.358184205,0.359305511,0.360839069,0.361927943,0.363210936,0.363875578,0.364941425,0.36569075,0.366390821,0.366771964,0.367278218,0.367189891,0.367454468,0.367702481,0.368301292,0.368770264,0.369760969,0.370613382,0.371841221,0.373390185,0.374749664,0.376277175,0.377928514,0.379915914,0.381956259,0.3837581,0.385678613,0.38758374,0.389627086,0.39208738,0.393642537,0.395561636,0.397579621,0.399601476,0.401270852,0.40244904,0.404154078,0.405471273,0.406988202,0.408517008,0.408158567,0.410493852,0.411280134,0.412631725,0.41341326,0.414845887,0.41566323,0.41669864,0.417856555,0.418849021,0.419656723,0.420639678,0.421393529,0.422258083,0.423619674,0.423910367,0.424998804,0.425560004,0.426850299,0.427576781,0.427711824,0.428891832,0.429408618,0.429749437,0.430617974,0.431346558,0.431668774,0.431108604,0.432157015,0.432579297,0.433331683,0.433722003,0.433709789,0.435050674,0.434567773,0.435256392,0.435487737,0.43660724,0.43713001,0.436826743,0.437572171,0.436968451,0.436921672,0.438105865,0.438674433,0.438754394,0.439462601,0.440359221,0.440115806,0.44019699,0.440859184,0.440648077,0.441196404,0.443798396,0.443243699,0.44304162,0.44430502,0.445298104,0.444571067,0.445561721,0.446337388,0.44758866,0.446719575,0.446964541,0.448317896,0.449131999,0.448825296,0.448530063,0.449616123,0.44894932,0.450069435,0.44949295,0.450877841,0.451581107,0.45221075,0.452212308,0.451545485,0.45228496,0.453151601,0.452436992,0.452386932,0.454067916,0.453087783,0.454404069,0.453436338,0.45334269,0.452954453,0.450042616,0.451572914,0.448398253,0.452374204,0.449741448,0.448494006,0.44747509,0.446704258,0.447622293,0.450573539,0.445469918,0.453038675,0.451854562,0.369615696
M172,0.241474058,0.204495957,0.203505274,0.204302937,0.203686115,0.203781165,0.203529407,0.203712969,0.203903208,0.206264696,0.208310448,0.212971293,0.217866878,0.222351295,0.2270376,0.231382519,0.23528018,0.238446732,0.242107898,0.245439931,0.248692845,0.251755308,0.255016526,0.258144905,0.261044853,0.263676703,0.266190641,0.269030896,0.271346907,0.274219052,0.277198378,0.279668138,0.282786912,0.285480585,0.28823386,0.290859946,0.293221306,0.295505619,0.297833722,0.299751765,0.301809423,0.303643323,0.305388049,0.3071518,0.308840265,0.31021723,0.311744989,0.313541902,0.31483406,0.316247621,0.317625348,0.319152443,0.320102915,0.321284031,0.32250134,0.323963644,0.325372653,0.326915344,0.328440115,0.330825582,0.333014985,0.334873179,0.336560145,0.338122542,0.339740199,0.340734569,0.342155936,0.343122391,0.344299043,0.344857668,0.345866451,0.346540379,0.347189246,0.347518422,0.347976512,0.347888143,0.348069987,0.348280518,0.348754637,0.349167807,0.350021078,0.350778701,0.351864612,0.353296188,0.354464191,0.355899319,0.357453676,0.35924537,0.361160533,0.36270229,0.364405259,0.365941129,0.367443331,0.369375575,0.370722794,0.372125236,0.373746287,0.375253515,0.376484232,0.377223531,0.378374586,0.37910134,0.37992306,0.381158153,0.380847899,0.381752998,0.38274423,0.383666813,0.384217877,0.385222203,0.385711169,0.386394468,0.387123422,0.387705401,0.388222445,0.388812141,0.389301536,0.389666426,0.390777246,0.390775759,0.391636496,0.391905899,0.392978083,0.393462599,0.393479838,0.39437661,0.394739023,0.394864603,0.395421149,0.395936202,0.39605175,0.395348008,0.396154537,0.396403789,0.397039822,0.397319998,0.397289197,0.398437543,0.3980398,0.398609098,0.398861962,0.399774504,0.400268648,0.399872909,0.400574169,0.399949318,0.400060294,0.401141759,0.401797615,0.402047832,0.402744481,0.403518744,0.403334388,0.403357305,0.404021354,0.403965469,0.404410563,0.406911647,0.406337808,0.406205122,0.407344554,0.408195303,0.407443274,0.408301563,0.40889304,0.41000966,0.409161857,0.409214107,0.410406198,0.41101062,0.410520155,0.410167089,0.410984121,0.410270557,0.411141431,0.410484286,0.411623884,0.412148639,0.412549322,0.412502232,0.411613631,0.412061917,0.412719523,0.411908112,0.411770145,0.412961216,0.411793368,0.41268525,0.411604265,0.411184591,0.41054481,0.407430607,0.408700531,0.405323295,0.408619684,0.405889637,0.404568519,0.402966556,0.401786786,0.402214148,0.404409068,0.39954953,0.405480045,0.403447749,0.329868219
M173,0.337407164,0.173914534,0.167992058,0.165888239,0.16395328,0.163095582,0.162133334,0.161953558,0.161812509,0.163636807,0.165136284,0.168586406,0.1719123,0.175130352,0.17872452,0.182209259,0.185559799,0.188478374,0.191957654,0.195197366,0.198351242,0.201334577,0.204508496,0.207530922,0.210477692,0.213160654,0.215805241,0.218708106,0.221203608,0.224261301,0.227445417,0.230335736,0.233800096,0.236979154,0.240247951,0.243524633,0.246673281,0.249885118,0.253171574,0.256203512,0.259419667,0.262507882,0.265531383,0.268667022,0.271724335,0.274517543,0.277468659,0.280513087,0.28311536,0.285838943,0.288575855,0.291483435,0.293959897,0.296685074,0.299384699,0.302182894,0.304820182,0.307439927,0.309781893,0.312856978,0.315758506,0.318451862,0.320980842,0.323478016,0.326005883,0.327943247,0.330331263,0.332237902,0.334407734,0.335901154,0.337843575,0.339435119,0.341018251,0.342322978,0.343703647,0.344540213,0.345634962,0.346738303,0.348091763,0.349329483,0.351044316,0.352651737,0.354531123,0.356777671,0.358803269,0.361001597,0.363376324,0.366059645,0.368875041,0.37137319,0.374121108,0.37664614,0.379433576,0.382574102,0.384834141,0.387318405,0.389987197,0.39257793,0.39483245,0.396536316,0.398704748,0.400504549,0.402469398,0.404609722,0.404841487,0.407040528,0.4085271,0.410349475,0.411605723,0.413460856,0.414695209,0.416273526,0.417873367,0.419373847,0.420551743,0.421948208,0.423155818,0.42435695,0.426186696,0.426879769,0.428395075,0.429350598,0.431027512,0.432141373,0.432608055,0.434155042,0.434901455,0.435635033,0.436668999,0.437760724,0.438254737,0.437981626,0.439214996,0.439964646,0.440759492,0.441496378,0.441643752,0.443260566,0.442927918,0.443901505,0.444253263,0.445559027,0.446231609,0.446125134,0.446990833,0.446499076,0.446688816,0.448100891,0.448754938,0.449003039,0.449738626,0.450732454,0.450543367,0.45066998,0.451439268,0.4514404,0.451932567,0.454680716,0.454056433,0.453850505,0.455217224,0.456275913,0.455386612,0.456416362,0.457129064,0.458461133,0.457539901,0.457890371,0.459345849,0.460095273,0.45977606,0.459469616,0.460620046,0.459905421,0.461062456,0.460406764,0.461984975,0.462641803,0.463348687,0.463543443,0.462788071,0.463617818,0.46485175,0.464291305,0.464434358,0.466427963,0.465494321,0.46731436,0.466770779,0.466968661,0.466573886,0.463859666,0.465590454,0.462489579,0.466691175,0.463741029,0.462569254,0.461645088,0.460487078,0.461489276,0.464184535,0.458763972,0.465959002,0.464597019,0.359570371
M174,0.285904108,0.161120875,0.161120978,0.162300219,0.162288424,0.162853818,0.163050288,0.163796733,0.164560228,0.167273227,0.169753267,0.174165829,0.178593257,0.182682517,0.186922365,0.19093631,0.194621286,0.197652498,0.201274333,0.204613234,0.207839807,0.210936555,0.214224571,0.217326583,0.220259358,0.222945514,0.225575755,0.228440931,0.230828335,0.233706953,0.236712076,0.239266142,0.24251994,0.245368008,0.248227806,0.251060486,0.253736939,0.256367731,0.259031361,0.261377551,0.263863424,0.266150934,0.268316852,0.270516079,0.272640244,0.274465224,0.27643741,0.278602625,0.280295823,0.282182024,0.283971043,0.285905394,0.287331346,0.288974085,0.290681009,0.292573077,0.294417472,0.296310784,0.298177177,0.300865744,0.303362694,0.305607434,0.307649043,0.309642253,0.311686886,0.313113723,0.314982094,0.316328535,0.31792865,0.318881079,0.320263035,0.321330197,0.322373089,0.323201474,0.324141405,0.3245229,0.325188145,0.325825586,0.32671906,0.327491374,0.328691189,0.329813053,0.331189338,0.332950278,0.334464067,0.336211512,0.338100326,0.340268529,0.342552475,0.344479776,0.346613512,0.348560824,0.350477482,0.352743441,0.354588528,0.356443736,0.358471925,0.360397621,0.362002328,0.363121039,0.364687646,0.365761287,0.366841528,0.368411851,0.368214725,0.369888749,0.370915094,0.372262331,0.373044228,0.374378422,0.37517614,0.376213922,0.377173715,0.378112114,0.378791084,0.379680367,0.38039042,0.381078994,0.382410879,0.382648486,0.383655358,0.384158408,0.385355699,0.386049443,0.386256193,0.387357297,0.387841351,0.388250097,0.388953026,0.389656917,0.389841889,0.389323037,0.390272131,0.390703366,0.391387279,0.391876735,0.391889435,0.393201485,0.392881186,0.393640525,0.393933749,0.394993538,0.395492477,0.39524474,0.395995569,0.395467043,0.395686718,0.396860607,0.397522665,0.397767702,0.398463561,0.399327194,0.399073462,0.399152748,0.399874917,0.399807451,0.400255947,0.402768492,0.402119779,0.401899576,0.403042808,0.403895547,0.403126773,0.403934044,0.404490457,0.405627007,0.404686449,0.404726257,0.405941639,0.406443597,0.405893439,0.405505254,0.406388188,0.405566784,0.406498667,0.40569221,0.40682905,0.407245406,0.40754654,0.407505588,0.406572237,0.406867844,0.407443394,0.406672208,0.406314215,0.407630029,0.406479263,0.407329717,0.406219217,0.405951454,0.405142924,0.402159701,0.40300223,0.399777325,0.402800342,0.399720644,0.398063921,0.396359223,0.394710466,0.394814982,0.396274971,0.390977927,0.396274908,0.393652284,0.305961715
M175,0.304240718,0.251271211,0.249652308,0.246397667,0.246884483,0.246359179,0.24709055,0.246821095,0.24906356,0.252759258,0.256666134,0.262169533,0.267610608,0.273435244,0.278689051,0.28380388,0.288995649,0.292475153,0.296719467,0.300380066,0.303959963,0.307328442,0.311417988,0.314293641,0.317464273,0.320735655,0.323442475,0.326345669,0.328964908,0.331623079,0.334811932,0.337895897,0.341039221,0.344476343,0.348101477,0.351258856,0.35482449,0.357703612,0.361222585,0.363997245,0.366986943,0.369401499,0.371975177,0.374398662,0.376899685,0.378776521,0.380761641,0.382596744,0.385289017,0.386942997,0.389079149,0.390841743,0.392309598,0.393965497,0.396127281,0.39802462,0.400270777,0.401862563,0.403934772,0.406563651,0.408628242,0.410679865,0.412375935,0.414221567,0.415865148,0.417851886,0.419352864,0.420724575,0.422092182,0.423367833,0.42423598,0.425017857,0.426047123,0.427068898,0.427886829,0.428534352,0.429369284,0.429953023,0.430721614,0.431168798,0.43224892,0.433644132,0.434643094,0.436255063,0.437286907,0.438806834,0.440461738,0.442332208,0.443592023,0.445174902,0.447162058,0.449060419,0.450409567,0.451974786,0.45441261,0.455997172,0.458122194,0.459535342,0.460784844,0.46258937,0.463886611,0.465246724,0.46670328,0.46775998,0.467871353,0.470662934,0.471223602,0.472809663,0.473647482,0.474359852,0.47593864,0.477176828,0.478061418,0.479103521,0.479871327,0.480460628,0.481705941,0.483078174,0.484468681,0.484853313,0.485709472,0.48611017,0.487826202,0.487767258,0.489027804,0.489176026,0.489451082,0.491151221,0.491689539,0.492395842,0.492236279,0.492893604,0.493824276,0.493632963,0.494094631,0.495004754,0.495172159,0.495067373,0.495701375,0.495609697,0.49604279,0.497452229,0.496837273,0.496368231,0.497033637,0.497323656,0.497063586,0.496891151,0.497474284,0.497609262,0.498163914,0.497400552,0.499727425,0.499116116,0.499390453,0.498401975,0.499990374,0.499059849,0.499192386,0.500079749,0.498995005,0.501285587,0.499472749,0.499731084,0.499645043,0.500381231,0.500375335,0.499724374,0.500420006,0.500276372,0.498702524,0.499846277,0.499835147,0.50061955,0.500677399,0.498445394,0.498774312,0.501064185,0.500206172,0.498576527,0.499289287,0.498312292,0.497537059,0.498384995,0.496235646,0.496060026,0.496897224,0.496040664,0.497156907,0.494242403,0.495797156,0.494548395,0.49287748,0.49121839,0.491839402,0.490463029,0.491300637,0.492746857,0.486191359,0.489704717,0.486240153,0.483026642,0.482845389,0.483449249,0.398898125
M176,0.284865253,0.251271211,0.249652308,0.246397667,0.246884483,0.246359179,0.24709055,0.246821095,0.24906356,0.252759258,0.256666134,0.262169533,0.267610608,0.273435244,0.278689051,0.28380388,0.288995649,0.292475153,0.296719467,0.300380066,0.303959963,0.307328442,0.311417988,0.314293641,0.317464273,0.320735655,0.323442475,0.326345669,0.328964908,0.331623079,0.334811932,0.337895897,0.341039221,0.344476343,0.348101477,0.351258856,0.35482449,0.357703612,0.361222585,0.363997245,0.366986943,0.369401499,0.371975177,0.374398662,0.376899685,0.378776521,0.380761641,0.382596744,0.385289017,0.386942997,0.389079149,0.390841743,0.392309598,0.393965497,0.396127281,0.39802462,0.400270777,0.401862563,0.403934772,0.406563651,0.408628242,0.410679865,0.412375935,0.414221567,0.415865148,0.417851886,0.419352864,0.420724575,0.422092182,0.423367833,0.42423598,0.425017857,0.426047123,0.427068898,0.427886829,0.428534352,0.429369284,0.429953023,0.430721614,0.431168798,0.43224892,0.433644132,0.434643094,0.436255063,0.437286907,0.438806834,0.440461738,0.442332208,0.443592023,0.445174902,0.447162058,0.449060419,0.450409567,0.451974786,0.45441261,0.455997172,0.458122194,0.459535342,0.460784844,0.46258937,0.463886611,0.465246724,0.46670328,0.46775998,0.467871353,0.470662934,0.471223602,0.472809663,0.473647482,0.474359852,0.47593864,0.477176828,0.478061418,0.479103521,0.479871327,0.480460628,0.481705941,0.483078174,0.484468681,0.484853313,0.485709472,0.48611017,0.487826202,0.487767258,0.489027804,0.489176026,0.489451082,0.491151221,0.491689539,0.492395842,0.492236279,0.492893604,0.493824276,0.493632963,0.494094631,0.495004754,0.495172159,0.495067373,0.495701375,0.495609697,0.49604279,0.497452229,0.496837273,0.496368231,0.497033637,0.497323656,0.497063586,0.496891151,0.497474284,0.497609262,0.498163914,0.497400552,0.499727425,0.499116116,0.499390453,0.498401975,0.499990374,0.499059849,0.499192386,0.500079749,0.498995005,0.501285587,0.499472749,0.499731084,0.499645043,0.500381231,0.500375335,0.499724374,0.500420006,0.500276372,0.498702524,0.499846277,0.499835147,0.50061955,0.500677399,0.498445394,0.498774312,0.501064185,0.500206172,0.498576527,0.499289287,0.498312292,0.497537059,0.498384995,0.496235646,0.496060026,0.496897224,0.496040664,0.497156907,0.494242403,0.495797156,0.494548395,0.49287748,0.49121839,0.491839402,0.490463029,0.491300637,0.492746857,0.486191359,0.489704717,0.486240153,0.483026642,0.482845389,0.483449249,0.398898125
M177,0.340277208,0.238386349,0.231686558,0.229607367,0.227235928,0.226371565,0.22682628,0.227802051,0.229658681,0.232868592,0.236233843,0.240997282,0.24648796,0.251412206,0.255898738,0.260383069,0.265086063,0.269028354,0.273021376,0.276597318,0.280059323,0.283918198,0.287331365,0.290277024,0.293444112,0.296876118,0.300165669,0.303164299,0.306411708,0.309640078,0.31293402,0.315727253,0.319468926,0.323454649,0.326918524,0.330429781,0.334320969,0.338387917,0.341961886,0.345528098,0.349018334,0.351933957,0.355031207,0.358321812,0.361009208,0.364094325,0.36656953,0.369285967,0.372223024,0.374801805,0.377456858,0.380136194,0.382226195,0.38479004,0.387173849,0.389526594,0.392219338,0.394584871,0.397433419,0.400407043,0.402924017,0.405705845,0.407892986,0.410527097,0.412754579,0.415293586,0.417400268,0.419702045,0.421332633,0.423515977,0.425161348,0.426495914,0.428346568,0.429916995,0.431250524,0.43271602,0.434091317,0.435471039,0.436735188,0.43796884,0.439522432,0.44103734,0.442936581,0.444698434,0.446281145,0.448289234,0.450163528,0.452571639,0.453668927,0.456528957,0.458407675,0.460500064,0.462549196,0.464739224,0.466951926,0.469129102,0.471398753,0.473365962,0.475636432,0.477149807,0.479436089,0.480951444,0.482564598,0.484077459,0.484427375,0.489380467,0.489383006,0.49101671,0.492929293,0.494227134,0.495295578,0.497004793,0.498479008,0.500705266,0.50141159,0.502559375,0.504293109,0.506274591,0.507430753,0.507666788,0.50968879,0.510589569,0.511277019,0.513305081,0.514223272,0.514913015,0.515549696,0.516956046,0.51789389,0.518202452,0.519314023,0.520532989,0.520840429,0.522071138,0.521789418,0.52316123,0.52368381,0.523888217,0.524834878,0.524998526,0.525762624,0.526269409,0.527089664,0.527004386,0.527764891,0.5284788,0.526836858,0.528288286,0.527605702,0.528069185,0.528833054,0.530146003,0.529125421,0.528802724,0.529194595,0.528215432,0.530057747,0.52913271,0.529384023,0.530453434,0.529335796,0.529879716,0.530338481,0.530747332,0.530730233,0.531657254,0.531727652,0.531305712,0.529573431,0.52950726,0.530739938,0.529399884,0.529559419,0.527659526,0.530768467,0.528779521,0.529103351,0.528278663,0.527613219,0.529627495,0.530347254,0.525662468,0.524806134,0.525888074,0.523863919,0.523637803,0.524732099,0.524202729,0.525482818,0.522818631,0.519049805,0.517929539,0.522392778,0.514732179,0.515058329,0.521329854,0.514745912,0.51671313,0.50924434,0.513370391,0.509799971,0.50600538,0.505912826,0.506185582,0.409621892
M178,0.392536561,0.199992285,0.198655507,0.199606393,0.199270621,0.199896026,0.201572589,0.203728087,0.206600965,0.210576833,0.214719882,0.219965811,0.225773399,0.230886717,0.235399107,0.239867205,0.244485224,0.248364879,0.252291227,0.255832426,0.259338504,0.263286273,0.266896497,0.269914867,0.273194082,0.27660769,0.280026318,0.28315809,0.286531103,0.289726845,0.292907033,0.295542694,0.299042878,0.302736668,0.305905116,0.308974075,0.312423224,0.315940663,0.319018679,0.322095745,0.325094003,0.32757031,0.330172266,0.332913149,0.335129259,0.33769606,0.339764078,0.34203308,0.344484242,0.346661791,0.348870718,0.351139704,0.352822854,0.355005111,0.357089894,0.35923346,0.361710281,0.363890661,0.366512655,0.369387341,0.371805323,0.374469342,0.376658898,0.379249561,0.381475434,0.383982107,0.386086759,0.388352018,0.38996166,0.392086271,0.393786139,0.39521435,0.39709076,0.398716038,0.400114799,0.401683793,0.403100086,0.404605804,0.405919663,0.407241296,0.408830224,0.410458331,0.412321756,0.414186557,0.415781614,0.417865912,0.419802147,0.422177882,0.423342016,0.426138986,0.427926279,0.429921982,0.431515373,0.43340766,0.435547221,0.437489266,0.43957304,0.441256978,0.443250409,0.44461513,0.446575236,0.447641027,0.448555467,0.450059958,0.450282243,0.454630681,0.454751872,0.456248028,0.457948451,0.459131599,0.459980875,0.461486553,0.462620419,0.464550322,0.465053707,0.465947464,0.467470096,0.469130285,0.470144949,0.470219827,0.472042324,0.472797803,0.473501102,0.475329444,0.476223419,0.476879409,0.477550481,0.478785353,0.479682053,0.479947621,0.480968931,0.482029398,0.482416829,0.483679133,0.48359324,0.484936471,0.485602765,0.485943493,0.487139934,0.487385967,0.488338747,0.488931288,0.489914765,0.489945028,0.490874087,0.491638606,0.490405825,0.491986375,0.491704316,0.492307184,0.493274867,0.494626238,0.4938799,0.493644186,0.494252374,0.493512692,0.495390344,0.494752836,0.495127963,0.49625533,0.495301392,0.49585681,0.496315441,0.496698345,0.496760867,0.497592398,0.497719608,0.497279526,0.495705791,0.495488135,0.49655595,0.495117259,0.495210544,0.493331931,0.496264473,0.49420738,0.494285992,0.493311332,0.492525038,0.494174275,0.494633133,0.489907162,0.488807581,0.48957524,0.48751729,0.486967769,0.487250494,0.486278652,0.486946499,0.483861828,0.479702609,0.47802518,0.481507549,0.473627612,0.473290106,0.478336098,0.471379398,0.472276679,0.464509852,0.467034297,0.462908745,0.458542872,0.456870516,0.456153061,0.358965773
M179,0.32787548,0.227364884,0.222079728,0.220984791,0.219277639,0.218738387,0.219272455,0.220174189,0.221898394,0.224710828,0.227739558,0.232052464,0.237133636,0.241569242,0.245606574,0.249679333,0.254025924,0.257665036,0.261595027,0.265136178,0.268647721,0.272603918,0.276148747,0.279247569,0.28247496,0.285884827,0.289134551,0.292219601,0.29548051,0.298799697,0.302088443,0.304950497,0.308641196,0.312548722,0.315878352,0.319099602,0.322749308,0.32644013,0.329792962,0.333122667,0.336395997,0.33908868,0.342077685,0.345188461,0.347802348,0.350776543,0.353266726,0.355936606,0.358679892,0.361219549,0.363780219,0.366442709,0.368407593,0.370839207,0.373075128,0.375331848,0.377850463,0.380049816,0.382398158,0.38516283,0.387456902,0.389981674,0.391900266,0.394199512,0.396163276,0.398266882,0.400045942,0.401965263,0.403337367,0.405154243,0.406629404,0.407811641,0.409533797,0.41096289,0.412187431,0.41355361,0.414811636,0.416129372,0.417270998,0.418463159,0.419903058,0.421316518,0.422929948,0.424510056,0.425825056,0.427562347,0.429096491,0.431165424,0.432031043,0.434511259,0.436107847,0.437806204,0.439489759,0.441403507,0.443228137,0.445016119,0.447033226,0.448624043,0.450668408,0.451923821,0.453896542,0.455173008,0.45642146,0.458001961,0.458322541,0.461805599,0.462161359,0.463616853,0.4653024,0.466420282,0.467276546,0.468876681,0.470200063,0.47226174,0.472947564,0.473869039,0.475596309,0.477251147,0.478447244,0.478476812,0.480450202,0.481166222,0.481912114,0.483704922,0.484678516,0.485260789,0.485891622,0.487089418,0.48793881,0.488156411,0.489074244,0.490131387,0.490401211,0.491561751,0.491235876,0.492560659,0.493044808,0.493231028,0.494221849,0.494420262,0.495225379,0.495596408,0.496450405,0.496288778,0.497190899,0.497652049,0.496360251,0.497843688,0.497441266,0.497844865,0.498600889,0.49976845,0.498951557,0.498546378,0.49901819,0.498193357,0.499855507,0.499211833,0.499485911,0.500511322,0.499571,0.500099938,0.500365805,0.500837114,0.500879509,0.501686406,0.50201905,0.501442955,0.500138235,0.499989719,0.501251766,0.500007119,0.500251422,0.498457795,0.50148906,0.499421204,0.500090326,0.499323641,0.498631727,0.500831274,0.501778529,0.497611102,0.497132591,0.498337017,0.496533593,0.496696947,0.497845964,0.497467623,0.498933111,0.496417334,0.493052972,0.492199784,0.496591869,0.489433334,0.489946181,0.496137443,0.489919654,0.491802416,0.4849728,0.488797761,0.485705568,0.482545386,0.482530886,0.483074869,0.390793391
M180,0.303683569,0.182292433,0.1817933,0.183223629,0.183299302,0.184088614,0.185551175,0.187336809,0.189701543,0.193129932,0.196729059,0.20138643,0.206650633,0.21135036,0.215610913,0.219872135,0.224439408,0.2282848,0.232331193,0.236070537,0.239894339,0.244089675,0.247960233,0.251373352,0.254959283,0.25867063,0.262322577,0.265762678,0.269390688,0.272857585,0.27629233,0.279220168,0.282915288,0.286780416,0.29009977,0.293241913,0.296794196,0.300328096,0.303550049,0.306707607,0.309861393,0.312449876,0.315217135,0.318079487,0.320434575,0.323126194,0.325363602,0.327781325,0.33028719,0.332599178,0.334911354,0.337286857,0.339057151,0.341269507,0.343348783,0.345538354,0.348010966,0.350272187,0.352825679,0.355784471,0.358327303,0.361125366,0.363330837,0.365911854,0.368168051,0.370618453,0.372726747,0.374912494,0.376525241,0.37858238,0.380269872,0.381649084,0.383492263,0.385109707,0.386520015,0.388057035,0.389385109,0.390837263,0.392040219,0.393294982,0.394739443,0.396222701,0.397896414,0.399578304,0.400950347,0.402842493,0.404523667,0.406718363,0.407727656,0.410218957,0.411820992,0.413469482,0.41484258,0.416448719,0.418285401,0.419887977,0.421669837,0.423023735,0.424684342,0.42571505,0.427264652,0.428045301,0.42861329,0.42984913,0.429865808,0.433146118,0.433220417,0.43437295,0.435708584,0.436474828,0.436975625,0.438123054,0.438925047,0.44046651,0.440730671,0.441220766,0.442490771,0.443629876,0.44441524,0.444133946,0.445682307,0.446048833,0.446484349,0.447843813,0.448556161,0.448805753,0.449249745,0.450129396,0.450761675,0.450689,0.451496871,0.452191828,0.452364615,0.453309077,0.452964689,0.454064429,0.454468679,0.454549531,0.455526443,0.45563608,0.456354704,0.456675627,0.457492427,0.457326661,0.45808918,0.458592423,0.457463223,0.458757894,0.458408224,0.458908507,0.459586427,0.46069873,0.459987354,0.459649038,0.460174048,0.459333209,0.461036915,0.460380571,0.460559589,0.461491483,0.460603578,0.461003845,0.461317265,0.461619002,0.461568754,0.462246381,0.462412838,0.461772407,0.460360807,0.460042792,0.460916441,0.45958892,0.459658323,0.457869448,0.460600016,0.458310344,0.458545795,0.457568775,0.456711409,0.458258766,0.458740671,0.454215927,0.453237847,0.453812299,0.451930989,0.451531295,0.45177814,0.450703061,0.451409252,0.448343709,0.444552114,0.443007247,0.446178431,0.438954675,0.438673836,0.443282534,0.437138233,0.437948161,0.430950818,0.433489077,0.429750232,0.425886695,0.424839218,0.424389052,0.332733971
M181,0.630632411,0.267877705,0.264606509,0.262307509,0.26124225,0.262971234,0.264606272,0.267039951,0.271152909,0.275862677,0.281107042,0.286916989,0.293486691,0.299381431,0.305427145,0.310309059,0.316065546,0.320466566,0.324525873,0.328474919,0.332142074,0.33572361,0.339517864,0.343104316,0.346946638,0.350085792,0.353045552,0.3563764,0.35999757,0.363009535,0.366374642,0.369884888,0.373373813,0.377272822,0.380669261,0.385011031,0.388638663,0.393143756,0.397045944,0.40060028,0.403919426,0.407280508,0.410654363,0.413825366,0.416758116,0.419594661,0.422792765,0.425802324,0.428850557,0.431899887,0.434355613,0.437027167,0.439682087,0.441854559,0.444733456,0.447557882,0.449747467,0.4525046,0.455154599,0.457595702,0.459497722,0.461776928,0.464114486,0.465910891,0.467817219,0.469968604,0.47145581,0.472733664,0.474432687,0.475575494,0.476224743,0.477276326,0.47765959,0.477868799,0.478094045,0.478140766,0.478327746,0.478443093,0.479025045,0.479624025,0.480609696,0.48185065,0.483351206,0.484778209,0.486793163,0.488677742,0.490444913,0.492571288,0.494663218,0.496561475,0.498656299,0.500990889,0.503264673,0.505234984,0.507861849,0.510056935,0.512680742,0.514785091,0.516912219,0.518896401,0.521576879,0.523366018,0.524939152,0.526396936,0.52731731,0.532917156,0.533366742,0.535393061,0.537280609,0.539054587,0.54097384,0.542843396,0.544121585,0.546645522,0.548088735,0.550243769,0.551557281,0.553109197,0.555309441,0.55627405,0.557589557,0.558673614,0.560220499,0.561624223,0.563276338,0.564283365,0.565164541,0.566119594,0.567663568,0.56901075,0.569956964,0.570789501,0.571744434,0.571841573,0.572579569,0.573803767,0.574607578,0.574945413,0.574937383,0.575617691,0.575516309,0.576885997,0.577193234,0.578213116,0.577391173,0.577845832,0.577139705,0.578572401,0.578428604,0.576910881,0.577694476,0.576920579,0.579534577,0.579400618,0.578216693,0.579226602,0.579546556,0.57875197,0.579461075,0.578822588,0.577940118,0.57879789,0.579443561,0.580222381,0.578320802,0.57713897,0.577249856,0.577362259,0.578083787,0.578468317,0.57715867,0.57590949,0.576279149,0.574619435,0.574925321,0.57347155,0.574155693,0.574049196,0.574245002,0.57317629,0.571329115,0.571318736,0.571080622,0.568963858,0.568028159,0.568911381,0.566435509,0.566987346,0.564671635,0.563641317,0.561527108,0.562284459,0.562649299,0.557409923,0.553691809,0.554936848,0.551178259,0.555662598,0.552327723,0.551050163,0.543284764,0.544287321,0.538941239,0.534479696,0.432734102
M182,0.437270277,0.213661972,0.213461861,0.212923596,0.212689047,0.214526977,0.216165069,0.218483429,0.222386339,0.226817381,0.231861869,0.237453536,0.243727135,0.249457301,0.255333721,0.260261092,0.265859493,0.270237377,0.274402056,0.278441145,0.282338198,0.286185551,0.290200695,0.293960484,0.29794857,0.301250742,0.304455787,0.307999491,0.311778487,0.314882198,0.318185057,0.321553605,0.324908452,0.328548396,0.331733809,0.335636788,0.338882996,0.342813844,0.346318789,0.349459879,0.352496989,0.35543662,0.35841348,0.361106714,0.363647587,0.366048738,0.368791603,0.371296371,0.373836822,0.376432168,0.378472472,0.380726442,0.382919479,0.38480875,0.387415389,0.390120469,0.39232351,0.394980097,0.397526089,0.400304164,0.402487162,0.40502507,0.40766786,0.409732097,0.411969186,0.414374613,0.416242925,0.417862518,0.419814554,0.421217981,0.422205808,0.423553991,0.424290656,0.424838226,0.425377641,0.425807765,0.426213154,0.426564409,0.42731972,0.42807069,0.429151948,0.430536569,0.432089575,0.433704514,0.435762805,0.437872999,0.439845973,0.442179199,0.444491986,0.446567461,0.448827883,0.451167085,0.453224217,0.455167075,0.457706414,0.459700074,0.462041342,0.463854043,0.465648723,0.467294154,0.469435048,0.470584528,0.471378407,0.47287399,0.473332474,0.477544533,0.477949612,0.479559856,0.48094039,0.482234666,0.483580077,0.484947438,0.485635992,0.48750875,0.488420514,0.489914571,0.490849172,0.491758911,0.49351507,0.493951094,0.494937984,0.495592611,0.496836118,0.497769236,0.499141408,0.499895702,0.500488226,0.501178814,0.50236884,0.503464288,0.504088786,0.504579805,0.505400504,0.505527856,0.506070164,0.507238182,0.50794906,0.508344372,0.508511619,0.50913735,0.509163551,0.51044461,0.510760283,0.511550251,0.510990036,0.511339524,0.511019923,0.512263736,0.512474964,0.511290293,0.512103161,0.511537488,0.513825092,0.513796796,0.512852112,0.513952015,0.514333396,0.513861495,0.514493358,0.513949724,0.513233869,0.513987301,0.51446854,0.515270778,0.513641923,0.512617271,0.512791403,0.512673277,0.513386848,0.513596643,0.51230501,0.511130429,0.511554706,0.509992625,0.510240354,0.50883389,0.509372093,0.509091355,0.508982655,0.508001558,0.506127913,0.505722372,0.50533725,0.50334118,0.502097667,0.502673372,0.500084366,0.500061534,0.497602853,0.496066507,0.493694192,0.493880685,0.493633357,0.488659144,0.484720721,0.485209195,0.481384548,0.484751526,0.481382027,0.479674254,0.471871794,0.471837392,0.466801327,0.461948076,0.365012766
M183,0.319806178,0.188490375,0.187446735,0.185146811,0.185361233,0.184794434,0.185151907,0.184943125,0.185880522,0.187334633,0.189964809,0.193262501,0.196561336,0.20030407,0.204384726,0.208255698,0.211312044,0.214826971,0.217885465,0.221190844,0.224404099,0.227400532,0.230588014,0.233597207,0.236044628,0.239021199,0.241895177,0.244001193,0.246730252,0.249710731,0.25254939,0.255642513,0.258411025,0.26176066,0.264844785,0.267659185,0.270566368,0.273442479,0.276104051,0.278953113,0.281555895,0.284004957,0.286351245,0.288487524,0.291054425,0.293306598,0.295404441,0.297456805,0.299457326,0.301369792,0.30320806,0.305417792,0.307155866,0.30888743,0.310858432,0.313244178,0.31521399,0.31710105,0.318668011,0.321411172,0.323548952,0.325648643,0.327565235,0.329420667,0.33153408,0.333199128,0.335114189,0.33673768,0.338288882,0.339694997,0.341123316,0.342458757,0.343971789,0.345191141,0.346814175,0.348124007,0.349488796,0.350640317,0.351865523,0.353217953,0.354558148,0.355777533,0.35730454,0.358466394,0.360092637,0.361416763,0.36307888,0.364578026,0.36641721,0.368176789,0.369629069,0.371705408,0.372829472,0.374936166,0.376545177,0.378363285,0.380088704,0.38147583,0.383482857,0.384614779,0.385605185,0.386818697,0.387841575,0.390116618,0.390624804,0.390719131,0.392577345,0.393904413,0.395059269,0.396032332,0.396693805,0.39814226,0.39914537,0.400087153,0.401223664,0.402564711,0.403267492,0.403928859,0.405218199,0.405978655,0.406494569,0.407534215,0.408704193,0.40930204,0.410492691,0.410993602,0.411891984,0.412814406,0.413398022,0.413920821,0.414596888,0.414608192,0.415345744,0.41637177,0.416087578,0.417078838,0.417595241,0.418776975,0.418964513,0.420368087,0.420432011,0.420476341,0.420750545,0.421252417,0.421813404,0.422060985,0.423089972,0.423084867,0.423497449,0.424440842,0.424847987,0.425419331,0.426132607,0.425974234,0.426384033,0.426012478,0.427480892,0.427085121,0.427553659,0.42976048,0.429194251,0.429730705,0.428553004,0.429129478,0.430973781,0.430033317,0.430539664,0.430315206,0.431091315,0.431290444,0.432351065,0.431549692,0.432030453,0.430840254,0.433664916,0.432502511,0.433293634,0.43348519,0.433590917,0.433237961,0.432086813,0.435098999,0.435656034,0.434687228,0.434210198,0.435589364,0.434218724,0.435028488,0.433773027,0.433420647,0.436637892,0.433481812,0.434388299,0.430993457,0.434239855,0.430774306,0.434732043,0.43322099,0.431582658,0.431573836,0.433579513,0.428134007,0.425427323,0.431599114,0.336907581
M184,0.285182364,0.180842791,0.182063924,0.181070258,0.181955563,0.182007116,0.182982017,0.183452241,0.184985251,0.18688462,0.19002355,0.193779492,0.197527059,0.201586696,0.20582446,0.209791149,0.212874778,0.216414295,0.219447881,0.222631637,0.225790819,0.228834805,0.232095461,0.235206558,0.237712438,0.2408069,0.243785735,0.246001571,0.248795756,0.251719562,0.254476881,0.257373267,0.259997205,0.263117345,0.26593271,0.26848212,0.271074308,0.273619084,0.275868167,0.278228333,0.280349704,0.282319356,0.284106659,0.285648499,0.287564908,0.289193389,0.290727312,0.292181811,0.293651908,0.295022632,0.296373736,0.297951328,0.299079291,0.300226172,0.301607539,0.303456502,0.304949576,0.30648444,0.307913354,0.310497916,0.312471539,0.314425348,0.316186723,0.317894942,0.319800363,0.321327466,0.323086111,0.324556067,0.325941827,0.32722367,0.328472416,0.329616421,0.330936685,0.331955689,0.333372319,0.334476374,0.335675767,0.336652747,0.337670703,0.338806903,0.339947993,0.340984914,0.342274912,0.343300566,0.344714593,0.345883702,0.347365036,0.348678615,0.350218486,0.351742473,0.352825908,0.354604476,0.355257559,0.356823519,0.358149511,0.359540266,0.360851471,0.36186289,0.363339598,0.364084202,0.364687208,0.365345535,0.365831926,0.367570461,0.367448998,0.367888705,0.369040181,0.369970374,0.370763732,0.371364637,0.371632315,0.372634069,0.373162174,0.373659725,0.374383592,0.375233706,0.375493776,0.375880953,0.376735545,0.377126942,0.377328449,0.3779979,0.378852387,0.379183458,0.380038981,0.380261995,0.380940229,0.381577487,0.381979121,0.382238479,0.382823307,0.38259819,0.383224092,0.383968588,0.38368924,0.384505871,0.385019604,0.386018335,0.386201855,0.387443766,0.387475379,0.387452432,0.387682934,0.388050051,0.388536155,0.388748171,0.389621849,0.389585346,0.389922402,0.390935796,0.391414527,0.391897205,0.39258902,0.392402088,0.392808125,0.392447403,0.393922029,0.393512057,0.393861151,0.395943344,0.39535709,0.3958619,0.394766842,0.395168454,0.396707047,0.395849261,0.396077985,0.395725185,0.39632767,0.396405044,0.397126284,0.396202242,0.396471044,0.395300233,0.397629052,0.396436969,0.39697062,0.396840432,0.396855054,0.396286152,0.3949277,0.397345509,0.397447884,0.396245273,0.395560049,0.396373408,0.39463402,0.394980206,0.393369196,0.392511997,0.395053605,0.391840055,0.392164855,0.388471085,0.391020023,0.38745643,0.390380713,0.388646307,0.386618828,0.386178871,0.387362568,0.381912761,0.379141784,0.383927092,0.302329193
M185,0.275846021,0.26007382,0.256287687,0.253555607,0.252344357,0.250431091,0.249931216,0.250283441,0.250484611,0.253892939,0.257693332,0.262140896,0.267687111,0.273617059,0.279792076,0.284920949,0.289406057,0.293691501,0.29732212,0.301821425,0.305514116,0.308893973,0.312483642,0.315402742,0.318519428,0.321834819,0.324507965,0.327037626,0.3302402,0.333447594,0.336284404,0.339525555,0.34273322,0.346319012,0.349623526,0.35326029,0.356596634,0.359628114,0.363013448,0.365993297,0.368799536,0.37136226,0.374102111,0.376639205,0.379025306,0.381732383,0.383868638,0.386252241,0.388313901,0.390216415,0.392392473,0.394250367,0.396050905,0.398007881,0.399853711,0.402551018,0.404817103,0.4070643,0.409152015,0.412230528,0.41387134,0.416379752,0.418743699,0.420665276,0.422775865,0.424981647,0.427182349,0.428540409,0.430141178,0.431375224,0.433322647,0.434592003,0.436065626,0.436927359,0.438540943,0.440013355,0.441206347,0.442833538,0.443959967,0.44477656,0.44588441,0.4469587,0.448265556,0.449591593,0.45086085,0.452691504,0.454051783,0.455876409,0.457905753,0.459498697,0.461877909,0.463453646,0.465287788,0.467289895,0.469390063,0.470567295,0.473098657,0.474151973,0.476214468,0.477165512,0.479162858,0.480411421,0.481337688,0.483695658,0.483474667,0.485438706,0.486166198,0.487457948,0.488492423,0.489841485,0.490997761,0.492415277,0.492860365,0.494142734,0.495155291,0.495931991,0.496846545,0.497799998,0.499483109,0.500349846,0.500905773,0.501611276,0.502341944,0.503343819,0.504193667,0.504804463,0.505360369,0.50660328,0.506617287,0.507623272,0.507881699,0.508888692,0.50825422,0.509508039,0.510230682,0.510608554,0.510236445,0.511701236,0.511854327,0.51236206,0.51225701,0.513100686,0.513131445,0.513426333,0.5135769,0.513426641,0.514056985,0.514792263,0.51500479,0.514428794,0.514398543,0.514563347,0.516245552,0.516793183,0.514953859,0.516813383,0.516075698,0.516409115,0.516006081,0.51618499,0.518291583,0.518054544,0.51754312,0.517174031,0.516429586,0.516419102,0.517949157,0.518850498,0.518910405,0.517953081,0.518246922,0.518534239,0.517857932,0.517750999,0.519954743,0.516999443,0.519509238,0.51807126,0.519566967,0.517246488,0.520696535,0.519256691,0.521548698,0.517845128,0.519016715,0.518230939,0.518220273,0.521285813,0.516758221,0.518320013,0.519327187,0.517232781,0.514678284,0.512521152,0.518567608,0.516731951,0.516809179,0.509788518,0.509839602,0.512958036,0.508477866,0.513860938,0.513725536,0.502132369,0.359734409
M186,0.271864785,0.17088603,0.169895547,0.169012468,0.169037961,0.168606045,0.169267124,0.170360517,0.171186744,0.173990055,0.176939386,0.18023342,0.184099894,0.188106638,0.192262367,0.195811106,0.199097152,0.202390802,0.205303084,0.208841811,0.212011495,0.215106894,0.218425948,0.221256991,0.224416833,0.227614107,0.230549084,0.233227714,0.236582464,0.239697596,0.242599978,0.245631836,0.248736842,0.252018648,0.255181342,0.258585004,0.261710728,0.264564156,0.267685644,0.270479734,0.273144316,0.275609939,0.278218814,0.28066508,0.28291242,0.28542457,0.287554603,0.289863132,0.29202632,0.294002424,0.296274906,0.298224054,0.300175046,0.302141889,0.30401924,0.306495272,0.308687583,0.310948378,0.313358381,0.316483964,0.318518343,0.321282837,0.323941683,0.32627843,0.328701086,0.331279661,0.333807314,0.33569564,0.337751081,0.33954135,0.341861252,0.343617271,0.345601097,0.347093739,0.349144047,0.351164858,0.352915655,0.355068911,0.356773018,0.358193265,0.359814618,0.361392817,0.36311144,0.36486939,0.366555112,0.368692813,0.370382472,0.372437431,0.374548342,0.376343389,0.378630311,0.38037783,0.38204342,0.383922882,0.386075195,0.38738461,0.389771013,0.390979615,0.392938217,0.394035138,0.395969612,0.397054621,0.397766926,0.400038418,0.400059131,0.402534139,0.403289384,0.404719814,0.405906233,0.407348439,0.408573159,0.40993387,0.41054034,0.411751509,0.412822459,0.413580925,0.414590402,0.415612947,0.417229004,0.41811812,0.418804615,0.41961158,0.420476076,0.421526234,0.422522684,0.423306485,0.424056089,0.425289549,0.425679309,0.426600985,0.427119497,0.42814087,0.42792885,0.429271365,0.430307502,0.430827347,0.430940052,0.432474108,0.432968891,0.433675524,0.433926638,0.434911643,0.435212301,0.435779737,0.436186308,0.436261813,0.437139125,0.438026805,0.43844354,0.438356681,0.438671718,0.439050041,0.44075751,0.441406351,0.440126604,0.441922868,0.441672148,0.442053003,0.441968582,0.442275212,0.444249762,0.444049739,0.443920879,0.443700207,0.443131716,0.443167076,0.444428007,0.445244506,0.445198478,0.444364702,0.444383684,0.44462282,0.443953184,0.443832972,0.445611333,0.443004612,0.444939686,0.443415093,0.444712908,0.442400059,0.445079139,0.443194766,0.444666679,0.441172712,0.442027428,0.440762489,0.440236139,0.44235471,0.43797628,0.438664147,0.439033068,0.436580955,0.433687385,0.431224642,0.435762287,0.433463185,0.432698683,0.425786527,0.425256932,0.426762312,0.422198758,0.425718313,0.424765175,0.414091252,0.279760945
M187,0.253344842,0.205739713,0.204303614,0.203372571,0.203166903,0.202350352,0.202558979,0.203467506,0.203482237,0.206200375,0.20939558,0.213178129,0.217557132,0.222300996,0.227217084,0.230692454,0.234422435,0.238109357,0.241772797,0.245171442,0.24889602,0.251927506,0.255577126,0.258588175,0.261438018,0.264464201,0.267394593,0.269863464,0.272935424,0.275909326,0.278745266,0.281809843,0.285200046,0.288269579,0.291663325,0.294491912,0.297722437,0.300964858,0.303985846,0.30663891,0.309638339,0.312189766,0.314864449,0.317340498,0.319981504,0.322243498,0.324439395,0.32672041,0.328724911,0.330862196,0.332698808,0.334431093,0.336654251,0.338418215,0.340452906,0.342704911,0.344989001,0.347177778,0.348471678,0.35106166,0.35314569,0.355305791,0.357300025,0.359009791,0.361209074,0.362546898,0.364372187,0.365583823,0.367017638,0.367772966,0.369050165,0.36993745,0.371036777,0.371616883,0.372349218,0.372738643,0.373214721,0.37368222,0.374700816,0.37559246,0.376530796,0.377774203,0.379319085,0.380801302,0.38249015,0.384424961,0.386524526,0.388649476,0.390635508,0.393072647,0.395216374,0.397470718,0.399858701,0.402352849,0.404488094,0.40644889,0.408623911,0.410440371,0.412526787,0.414089832,0.41616701,0.416744581,0.41854313,0.420951037,0.421706099,0.422140014,0.424019907,0.425466726,0.426731512,0.427751577,0.429335868,0.430465227,0.431535437,0.433546688,0.434313767,0.435304359,0.436574418,0.437416327,0.438262541,0.439094202,0.440201681,0.441401822,0.442102893,0.443425456,0.444751121,0.44535731,0.445747068,0.446791529,0.4474833,0.448186025,0.448323702,0.449142531,0.450010437,0.450385053,0.450875545,0.451212882,0.451015125,0.452264838,0.452559839,0.453188727,0.454231106,0.455227154,0.454615901,0.455215113,0.45585303,0.456183404,0.457233814,0.457242803,0.457735321,0.458831518,0.459299547,0.458682004,0.458183352,0.459252232,0.459729503,0.460676053,0.460998451,0.46053553,0.461021743,0.462005204,0.461361288,0.463650524,0.462445475,0.463077166,0.463318447,0.462412465,0.464697556,0.464558999,0.463508434,0.463778751,0.462796729,0.464017843,0.464751705,0.465698272,0.463937143,0.465250093,0.463695015,0.463841658,0.466817015,0.46660838,0.465407176,0.465696598,0.466302813,0.465371204,0.464937585,0.46641219,0.465097831,0.466101826,0.46477945,0.464577785,0.463673833,0.464902916,0.466064517,0.462546326,0.460533378,0.462752311,0.460770992,0.465661625,0.457108581,0.457193759,0.45898136,0.461292391,0.459178635,0.45632686,0.36464295
M188,0.367070631,0.171473966,0.170500737,0.169795547,0.169816626,0.169517776,0.170251955,0.171667246,0.172354292,0.175137741,0.178276135,0.181805209,0.185929573,0.190280941,0.194853722,0.198252319,0.201967152,0.205616896,0.209222568,0.212587853,0.216323565,0.219513691,0.223260847,0.22646185,0.22959089,0.232877744,0.236152999,0.238982586,0.24234663,0.245529754,0.248529915,0.251651726,0.255101634,0.258205893,0.261677746,0.264582712,0.26781505,0.271049098,0.274041475,0.276656518,0.279539514,0.282077996,0.284634779,0.286983669,0.289455362,0.291641346,0.2937051,0.295920275,0.297963175,0.300055038,0.301940851,0.303675975,0.305874517,0.30761549,0.309658334,0.311901413,0.314176747,0.316473749,0.318208425,0.320950785,0.323301464,0.325708793,0.327992645,0.330017362,0.332469056,0.334196681,0.336299915,0.337968628,0.339669636,0.340857472,0.342386154,0.343559786,0.344904787,0.345718383,0.34667613,0.347328758,0.348053181,0.348743342,0.349928236,0.350980783,0.352025448,0.353422102,0.355144043,0.356794398,0.358625019,0.360716518,0.362923332,0.365183175,0.367170459,0.369698976,0.371738229,0.374043006,0.376227472,0.378565436,0.380627554,0.382551987,0.384555366,0.386288729,0.388187439,0.389646156,0.391569375,0.392025405,0.393440159,0.395594088,0.39609117,0.397210039,0.3985945,0.399875698,0.400966675,0.401893222,0.403318605,0.404242435,0.405130929,0.406851064,0.407436661,0.40827611,0.409271746,0.410018544,0.410697184,0.411470529,0.412415958,0.413414143,0.413976179,0.41524176,0.416425583,0.416950996,0.417375209,0.418301246,0.419017967,0.419582558,0.419780627,0.420495376,0.421467132,0.421814144,0.422468937,0.422759511,0.422713396,0.423930561,0.424221772,0.424867734,0.425889987,0.426909542,0.426395851,0.426990213,0.427625065,0.427981273,0.428938629,0.429014277,0.429457315,0.430615908,0.431231947,0.430727037,0.430277698,0.431388727,0.431917456,0.432787415,0.433118009,0.432655935,0.433111642,0.434017334,0.433434388,0.435507747,0.434443813,0.435020603,0.435278288,0.434363921,0.436372909,0.436129388,0.435076367,0.435301733,0.434312116,0.435343003,0.435753654,0.436718248,0.434995926,0.436082218,0.434443362,0.43435877,0.437009973,0.436481891,0.434961719,0.435070644,0.43523099,0.434001416,0.433325937,0.434259839,0.432554015,0.433178615,0.43149395,0.430920465,0.42964323,0.430509186,0.431213953,0.427603245,0.42532267,0.427013054,0.424576656,0.428914617,0.42058316,0.420192767,0.421552953,0.423289478,0.42087331,0.41789557,0.326007433
M189,0.355997958,0.218847684,0.215389385,0.2147167,0.213071118,0.212410564,0.212701986,0.21232767,0.213354343,0.215963576,0.220031867,0.223934104,0.228695887,0.233845057,0.239271916,0.243692094,0.247669961,0.25200054,0.255245742,0.258679576,0.261969539,0.26554789,0.268747614,0.271805894,0.275007083,0.277564964,0.280341891,0.283050586,0.285531805,0.288465271,0.291465009,0.294509223,0.297499582,0.300776773,0.303778237,0.307078091,0.309793272,0.312893083,0.316010837,0.318740534,0.321940697,0.324278343,0.326793837,0.329093246,0.331624078,0.333806206,0.336062859,0.338248106,0.34040826,0.342177338,0.344152292,0.346394879,0.348006276,0.349987995,0.35185515,0.3542669,0.356770074,0.358973918,0.360514576,0.363073018,0.36570166,0.367748269,0.369920848,0.37191472,0.374101,0.3760345,0.377750413,0.379151085,0.381015615,0.382562507,0.38373113,0.385012576,0.386539108,0.387826809,0.388990441,0.390538348,0.391528469,0.392438996,0.39367486,0.394851836,0.396003931,0.39734429,0.398838669,0.400368344,0.401518813,0.402878578,0.404682958,0.406619317,0.408438363,0.410400476,0.412489856,0.41448459,0.416140641,0.418230532,0.420042081,0.421753916,0.424333065,0.425310199,0.427113436,0.428648014,0.42999434,0.431367291,0.432340373,0.434497141,0.435467177,0.435574885,0.437349325,0.438356164,0.439950529,0.440954934,0.441663961,0.44318246,0.443824076,0.445206136,0.44641993,0.447344905,0.448573518,0.449123235,0.449841528,0.450946408,0.451292343,0.452855484,0.453368844,0.454579708,0.455125311,0.456202389,0.456344428,0.457927919,0.457604339,0.458949542,0.458761993,0.459353985,0.460102541,0.460988241,0.460372103,0.461295633,0.462493196,0.462577472,0.462420095,0.463656714,0.463281545,0.464799411,0.464588224,0.46464408,0.464574779,0.464146171,0.465796851,0.466277396,0.466228166,0.466743208,0.466376605,0.467616478,0.467520871,0.467765283,0.46732442,0.468876903,0.467989097,0.469580205,0.469028725,0.468902285,0.47039927,0.469898608,0.4691297,0.470298973,0.469365492,0.470881396,0.469999887,0.470364203,0.472152506,0.470916077,0.470723194,0.470675145,0.472105115,0.471567536,0.470611179,0.472611294,0.471693157,0.472734933,0.473824574,0.471372713,0.470762682,0.472030395,0.473427598,0.47332571,0.473895167,0.472704743,0.472154005,0.474302625,0.474101018,0.470255958,0.470323167,0.472743151,0.469873143,0.467417034,0.47206251,0.469699857,0.468971403,0.468674081,0.468019054,0.462465731,0.465562674,0.460850285,0.458926407,0.457138564,0.37747018
M190,0.347715497,0.182205136,0.182293999,0.183734464,0.183724518,0.184235209,0.185420146,0.186300024,0.18807437,0.191267217,0.195604971,0.199500594,0.203960115,0.208591921,0.213432459,0.217406926,0.221081008,0.225154835,0.228241593,0.231514674,0.234834702,0.23834851,0.241639582,0.244834684,0.248147897,0.250810156,0.253791913,0.256674797,0.259362328,0.262284909,0.265216224,0.26814054,0.270963648,0.274031304,0.276885823,0.279914228,0.28242187,0.285210706,0.288020754,0.290464251,0.293357468,0.295460393,0.297636031,0.299582073,0.301703479,0.303508686,0.305369238,0.307186388,0.308892049,0.310254493,0.311824742,0.313603087,0.314880314,0.316486717,0.317998914,0.320002909,0.322086829,0.323827429,0.324998131,0.327140056,0.32932646,0.331119878,0.332993239,0.334773959,0.336729665,0.338434201,0.340004822,0.341242061,0.342884742,0.34428863,0.345334572,0.346497148,0.347847997,0.348997046,0.349996883,0.351398558,0.352209091,0.352971576,0.35400106,0.35504627,0.356050974,0.357232797,0.35851016,0.359876413,0.360862875,0.362080947,0.363635659,0.365296095,0.36684794,0.368465519,0.370139594,0.371709963,0.37270689,0.374128474,0.375559676,0.37669643,0.378664684,0.379168277,0.380374357,0.381401772,0.382209252,0.382915723,0.383199642,0.384855353,0.385405949,0.385114207,0.386512369,0.387125484,0.388348342,0.388973602,0.389432516,0.390450711,0.390706743,0.391708538,0.392544972,0.393063594,0.393943295,0.394144062,0.394640039,0.395352282,0.39555051,0.396709811,0.397054218,0.397969974,0.398345604,0.399121321,0.399156602,0.400403773,0.400081345,0.401041742,0.400784119,0.401188927,0.401704441,0.40241359,0.401840304,0.40261187,0.403712788,0.403662794,0.403612099,0.404637679,0.404319319,0.405592441,0.405471211,0.405417069,0.405361277,0.404915808,0.406424924,0.40679792,0.406813246,0.407319248,0.407106557,0.408148213,0.408123133,0.408313957,0.407875468,0.409230686,0.408524385,0.409889114,0.409344172,0.409257808,0.410572506,0.410100974,0.409373527,0.410326801,0.409388615,0.410674084,0.40987946,0.410006106,0.411436062,0.410169345,0.409746456,0.409548338,0.41061277,0.409971325,0.408993678,0.410606144,0.409624485,0.410376122,0.41113935,0.408885871,0.408163026,0.408920638,0.409938321,0.409603103,0.409924387,0.408654845,0.407827933,0.409330943,0.408898259,0.405130327,0.404884248,0.406723261,0.403964974,0.401203545,0.404732994,0.402244714,0.40110296,0.400351133,0.399369725,0.393660249,0.395855991,0.390828766,0.389261682,0.386661394,0.315162949
M191,0.211644374,0.209182281,0.207110937,0.205621791,0.203519462,0.20362396,0.202203996,0.201524598,0.202315232,0.20463605,0.206645809,0.210353465,0.214126539,0.218912215,0.222880272,0.227240762,0.23088064,0.234448457,0.238188246,0.241726045,0.245620369,0.248876088,0.252384051,0.255263716,0.258665653,0.261191486,0.263835348,0.266616133,0.269599415,0.272605751,0.275848593,0.279122131,0.282943597,0.286516437,0.290050639,0.293605476,0.297075699,0.300739996,0.304267156,0.307727563,0.311477706,0.314847146,0.318115604,0.321378361,0.324922956,0.328049545,0.331242701,0.334427624,0.337390539,0.340317706,0.343203834,0.346143321,0.349064827,0.351929681,0.3548073,0.357752754,0.361078511,0.363532967,0.365563479,0.368828136,0.371663866,0.374489344,0.377228589,0.379668446,0.381646515,0.383960011,0.386244481,0.388021341,0.38996951,0.39133515,0.393358456,0.394768649,0.396076876,0.397578847,0.399088468,0.400412644,0.401419774,0.402514099,0.403639795,0.405088759,0.406535998,0.408003546,0.40974573,0.411417119,0.413195932,0.414976021,0.416945149,0.418855527,0.421554828,0.423524734,0.426226583,0.428616666,0.430829855,0.433428373,0.436199962,0.438064723,0.440586587,0.442559766,0.445275609,0.447106984,0.449416335,0.450875601,0.452599025,0.456215188,0.457113832,0.456939352,0.459987766,0.461935691,0.463696755,0.465599083,0.467208934,0.468837578,0.470394327,0.472516618,0.473931488,0.475398676,0.477445554,0.47837262,0.480002349,0.481123292,0.483152361,0.483914089,0.486699107,0.487001059,0.48858217,0.49011783,0.490572389,0.491890795,0.493354414,0.493473777,0.494504092,0.494727505,0.495819016,0.49651903,0.496285939,0.497742972,0.497905353,0.499533056,0.500246758,0.500412299,0.500842618,0.50137174,0.50124599,0.50236403,0.502612612,0.502403691,0.503132751,0.503867871,0.505037472,0.505455822,0.505204026,0.50523813,0.505617294,0.506263502,0.506116425,0.506820566,0.507944603,0.508516967,0.50844847,0.508950863,0.509128581,0.509173304,0.508780335,0.51059089,0.508397695,0.510284921,0.51023643,0.511095219,0.511281401,0.510688374,0.51103631,0.511508513,0.511288778,0.513537775,0.513371681,0.511167468,0.513761455,0.513126633,0.512439879,0.513986266,0.514823625,0.514057778,0.513607971,0.514854751,0.516847637,0.517275432,0.514719572,0.518463342,0.516057693,0.514425476,0.516680528,0.517181445,0.517060695,0.517328233,0.51412573,0.51478657,0.511296568,0.514833152,0.51116549,0.50967997,0.509904536,0.510571602,0.515298232,0.510660894,0.403211528
M192,0.233268414,0.217350763,0.220349724,0.221902084,0.221394197,0.222644577,0.222041714,0.222376123,0.224224483,0.227811613,0.231098958,0.236216862,0.241373309,0.247560603,0.252564763,0.257718249,0.261860302,0.265757556,0.269686123,0.273402202,0.277498059,0.280892739,0.284603592,0.287518425,0.291026519,0.293455335,0.296095349,0.298869824,0.301786566,0.304647289,0.307626599,0.310639814,0.314215483,0.317506619,0.320650969,0.323755952,0.326680227,0.329746674,0.332594809,0.335272743,0.338178558,0.34052907,0.342732029,0.344866248,0.347238236,0.349109273,0.351158522,0.353157452,0.354911869,0.356647929,0.358288745,0.360009724,0.361641282,0.363236351,0.364980336,0.366988141,0.369388409,0.370984243,0.37237114,0.375150807,0.377404979,0.379668767,0.381851498,0.383668164,0.385042498,0.38672403,0.38837511,0.389508115,0.39085336,0.391546922,0.392951072,0.393648211,0.394337835,0.395228155,0.396102127,0.396837251,0.397196058,0.397674422,0.398181912,0.39902721,0.399831808,0.40071476,0.401851141,0.402964248,0.404148157,0.405440093,0.406863639,0.408266008,0.410405204,0.411794059,0.413863377,0.415620429,0.416991953,0.418751056,0.420925033,0.422142886,0.423904585,0.425126425,0.427068685,0.428194143,0.429700093,0.430335737,0.431043034,0.433757028,0.433888127,0.433236621,0.435550328,0.436792513,0.437884845,0.439082117,0.439997959,0.440983454,0.441822702,0.443183212,0.443956485,0.444786181,0.446126388,0.446401352,0.447463213,0.448044921,0.449469711,0.449734768,0.451971629,0.451823808,0.452990778,0.454028039,0.454186544,0.455005226,0.456134917,0.4558508,0.456483269,0.456341508,0.457079887,0.457480697,0.45705973,0.458280579,0.458269479,0.459594761,0.460089585,0.460103029,0.460392892,0.460657458,0.460319808,0.461135846,0.461190071,0.460839263,0.461380213,0.461925796,0.462948384,0.46331046,0.463083677,0.463005081,0.46321518,0.463776107,0.463604042,0.464138308,0.465113378,0.465538135,0.465368183,0.465646827,0.465781765,0.465710543,0.465152048,0.466626535,0.464500365,0.466121684,0.465757331,0.466411405,0.466336094,0.465648454,0.465586733,0.465736703,0.465317322,0.467304766,0.467018886,0.464827918,0.466907064,0.466031713,0.465100789,0.466314422,0.466794575,0.46575815,0.464914115,0.465855318,0.467198509,0.467244135,0.464513302,0.467507313,0.464864533,0.462721797,0.464301387,0.463962186,0.463456481,0.463345733,0.459640235,0.459836232,0.456151124,0.458422095,0.454595478,0.45277514,0.452162453,0.451842603,0.455911887,0.450877661,0.36481844
M193,0.257808814,0.226267881,0.225576685,0.224993656,0.22307443,0.223334374,0.221631251,0.220868535,0.221715371,0.224362004,0.226500845,0.230684223,0.234919881,0.240298493,0.244640658,0.249273636,0.252992688,0.256400083,0.259887189,0.263180313,0.266727196,0.269576789,0.272657548,0.275027824,0.277998163,0.279978263,0.282041736,0.284343115,0.286901684,0.289488929,0.292337803,0.295379628,0.298954233,0.302280549,0.305617026,0.308933683,0.312191775,0.315663478,0.318972041,0.322203724,0.325691968,0.328695013,0.331616417,0.334510102,0.337670775,0.340427819,0.343302894,0.346172997,0.348764721,0.351375405,0.35385991,0.356457423,0.35892928,0.361382859,0.363814586,0.36642916,0.369407831,0.371557997,0.373280082,0.37645562,0.379164722,0.381745582,0.384285508,0.386442433,0.38815865,0.390180334,0.392197877,0.393659681,0.395417403,0.396441492,0.398221528,0.39934729,0.400452035,0.401767986,0.403058697,0.40425813,0.405115599,0.406087396,0.407044477,0.408399465,0.409642207,0.410981346,0.412553416,0.414018723,0.415612809,0.417210863,0.41899771,0.420742871,0.423303985,0.425088874,0.427766786,0.430003875,0.43210967,0.434626614,0.437289247,0.439119356,0.441609374,0.443498378,0.446229157,0.448072783,0.450372827,0.451831282,0.453508413,0.457258452,0.458372718,0.457547343,0.461064295,0.462978934,0.464813391,0.466659684,0.468391967,0.47001343,0.471691698,0.473816505,0.475398216,0.476881654,0.479054381,0.479881053,0.481727061,0.482864709,0.485051081,0.485800903,0.488805008,0.489132182,0.490843429,0.492433455,0.492930754,0.494270204,0.495826867,0.495956137,0.497016264,0.497292249,0.498410167,0.499165625,0.498983971,0.500466386,0.500612421,0.502203685,0.502997282,0.503177502,0.503825164,0.504142247,0.504117896,0.505028185,0.505328407,0.505053043,0.505939051,0.50662911,0.507887332,0.508362232,0.508196747,0.508095871,0.508455098,0.509168192,0.509043035,0.509727155,0.510844744,0.511509604,0.511389898,0.511758123,0.512124953,0.51217509,0.511806185,0.513518655,0.511394928,0.513342388,0.513406077,0.514165269,0.514458639,0.513869477,0.514156542,0.514772291,0.514701962,0.516984671,0.516873015,0.514893195,0.51737268,0.516693723,0.515932006,0.517447246,0.518423808,0.517737519,0.51723442,0.51877933,0.520778221,0.521252945,0.518679132,0.5225681,0.520070064,0.518454644,0.520847228,0.521094423,0.521118985,0.521502734,0.518405059,0.519196036,0.516067385,0.51915348,0.515752461,0.514336155,0.514744921,0.514880301,0.520533918,0.515334954,0.412634003
M194,0.187789474,0.18122627,0.182465145,0.182767858,0.181805546,0.182585141,0.181746592,0.181593534,0.182594942,0.185038142,0.187184285,0.19099184,0.194953763,0.199802617,0.203831077,0.20798486,0.211420619,0.214706465,0.218092486,0.221309492,0.224824276,0.227855903,0.231083537,0.233742314,0.236811854,0.239080463,0.241433712,0.243949545,0.246583643,0.24920211,0.251971099,0.254762967,0.25804518,0.261026274,0.264049228,0.2669567,0.269790828,0.272742134,0.275692651,0.278433415,0.28144599,0.284070364,0.286586551,0.289021044,0.291700824,0.294057662,0.296523396,0.299018615,0.301285989,0.30358585,0.305755359,0.307988188,0.310046426,0.3120914,0.314111949,0.316349216,0.318984367,0.32093254,0.322651163,0.325726023,0.328416459,0.330977429,0.333502847,0.335663453,0.33746503,0.339461304,0.341543965,0.343127783,0.344823134,0.34603886,0.347854671,0.349112105,0.350302068,0.35170156,0.353095777,0.354377641,0.355306981,0.35630509,0.357328147,0.358643859,0.359939482,0.361270148,0.362855184,0.36431826,0.365875436,0.367479551,0.369217487,0.370917365,0.37338225,0.375009175,0.377401249,0.379381748,0.381119296,0.383198523,0.38557722,0.387088474,0.389143507,0.390691288,0.392954704,0.394457944,0.396282977,0.397290327,0.398366472,0.401393031,0.402413414,0.401194884,0.404328915,0.405792344,0.407286368,0.408711823,0.41008912,0.411286817,0.412542152,0.414148955,0.415321217,0.416368457,0.418143702,0.41861132,0.420038928,0.420832144,0.422640332,0.423170146,0.425724089,0.425875332,0.427351994,0.428612002,0.429085688,0.430143716,0.431484019,0.431515683,0.432469801,0.432577069,0.433574608,0.434281285,0.434244677,0.435607893,0.43586089,0.437330407,0.438241061,0.438412589,0.439086387,0.439499201,0.439600959,0.440450345,0.440893148,0.440700267,0.441594874,0.442370698,0.443781725,0.444443343,0.444414527,0.444477649,0.444908723,0.445704182,0.445836343,0.446532738,0.447605744,0.448270235,0.448376943,0.448719922,0.449136873,0.44919845,0.448935452,0.450426372,0.448587293,0.450269973,0.450278298,0.450888343,0.451066334,0.450442566,0.450783562,0.451041573,0.450722124,0.452816318,0.452721434,0.450814194,0.452784419,0.452279064,0.451397578,0.45271837,0.453267791,0.452482152,0.451803705,0.452913737,0.454440893,0.454449852,0.45188574,0.454893661,0.452535286,0.450397451,0.452398501,0.451986792,0.451873075,0.451794228,0.448695742,0.448810549,0.445538316,0.448255175,0.444662092,0.44298158,0.44289063,0.442667405,0.447173932,0.442341529,0.347546605
M195,0.167105732,0.218972961,0.218132016,0.217537519,0.215855363,0.216264965,0.214756392,0.214205866,0.215073835,0.217631486,0.219815735,0.223802416,0.228071803,0.233480781,0.23806393,0.24294128,0.247108463,0.251077961,0.255244439,0.259207919,0.263599064,0.267264696,0.27116683,0.274371229,0.278044246,0.28071127,0.283367776,0.286267021,0.289235275,0.29225705,0.295514562,0.298910558,0.302743567,0.306405586,0.30998934,0.313529935,0.316913276,0.320527385,0.324013953,0.327347002,0.330959545,0.334105655,0.33711518,0.34007038,0.343352133,0.346245166,0.349190642,0.352144302,0.354803414,0.357491415,0.36001622,0.362679534,0.365241437,0.36778609,0.370305841,0.373005296,0.376028383,0.378158353,0.379775829,0.382839764,0.385484904,0.38806627,0.390589105,0.392676431,0.394381378,0.396296097,0.398267383,0.399679268,0.401273822,0.402277191,0.404001974,0.40513118,0.406179764,0.407466758,0.40874875,0.409915065,0.410732341,0.411645647,0.412550327,0.413901632,0.415127261,0.416417121,0.417985225,0.419418849,0.421015398,0.422585057,0.424338689,0.426026305,0.428603265,0.430294198,0.432899689,0.435028263,0.43705197,0.439511323,0.442149787,0.44388526,0.446298565,0.44811355,0.450777314,0.452659697,0.454869745,0.456293155,0.457872374,0.461600488,0.462941505,0.461660088,0.465357542,0.46729755,0.469042701,0.470946868,0.472598985,0.474250505,0.475875433,0.477930256,0.479400215,0.480881089,0.482997422,0.483842026,0.485508165,0.486682125,0.488741413,0.489574767,0.492407687,0.492782802,0.494448859,0.496047725,0.496479429,0.497843225,0.499333268,0.49947392,0.500494117,0.500800894,0.501821685,0.502573727,0.502351757,0.503939335,0.504083558,0.505773215,0.506555404,0.506726014,0.50742509,0.507900117,0.507832613,0.508847641,0.509298182,0.509036513,0.509898873,0.510725178,0.51208905,0.512672701,0.512342038,0.512453997,0.512764054,0.513601244,0.513485568,0.514319873,0.51535424,0.516096101,0.51610656,0.516560267,0.516929929,0.516973741,0.516589226,0.518431831,0.516225466,0.518075201,0.518192283,0.518957914,0.519288048,0.518686285,0.519011237,0.519493127,0.519314972,0.521675342,0.521637255,0.519526545,0.522024346,0.521482088,0.520580202,0.522267098,0.523188554,0.522601714,0.522140674,0.523674468,0.52557805,0.525945644,0.523290276,0.527235954,0.5247761,0.522795339,0.525453661,0.52545538,0.525414307,0.52570748,0.522313884,0.522974475,0.519394767,0.522735036,0.519099896,0.517558141,0.517436352,0.517679846,0.5225452,0.518333001,0.410875825
M196,0.20170697,0.193944041,0.19490843,0.195395297,0.194573709,0.195412133,0.194602716,0.194663426,0.196044883,0.19891535,0.201402351,0.20554965,0.209673344,0.214788332,0.219045109,0.223527795,0.227236762,0.230810246,0.234450254,0.237988596,0.241916461,0.245214994,0.248849243,0.251753545,0.255194529,0.257718763,0.260426969,0.263214403,0.266158758,0.269005207,0.272064608,0.275086996,0.278645162,0.281941947,0.285148762,0.28836307,0.291387649,0.294574133,0.297624718,0.300517123,0.303647165,0.306306985,0.308825809,0.311275394,0.313945682,0.316224157,0.318617241,0.321012864,0.323192495,0.325358545,0.327382635,0.329531701,0.331494202,0.33348707,0.335554754,0.337858278,0.34051542,0.342459055,0.344134091,0.347137776,0.349743517,0.35230132,0.354809047,0.356995513,0.358811299,0.360879865,0.362942927,0.364529987,0.366223829,0.36739543,0.369174335,0.370389579,0.371530993,0.372882387,0.374271663,0.375509632,0.376390812,0.377387831,0.378355478,0.379654271,0.380941649,0.382238904,0.383804178,0.385292592,0.386875671,0.388495029,0.39030032,0.392022914,0.39445523,0.396141865,0.398530815,0.400579777,0.402304173,0.404434585,0.406850765,0.408370476,0.410445742,0.412063115,0.414356023,0.415845253,0.417733771,0.418783084,0.419884419,0.422971858,0.423694387,0.422960244,0.425795976,0.427335183,0.428749754,0.430245632,0.431522293,0.432730516,0.433925267,0.435529106,0.436575744,0.437606437,0.43923824,0.439741927,0.441005827,0.44179967,0.443453864,0.443970694,0.446395454,0.446509077,0.447780435,0.449080276,0.44940481,0.45052575,0.451843026,0.451809593,0.452696845,0.452789444,0.453779307,0.454443752,0.454294609,0.455642599,0.455852451,0.457433074,0.458264221,0.458423246,0.459057207,0.459580505,0.459593507,0.460563419,0.460952798,0.460847173,0.46165627,0.462439723,0.463785101,0.464502462,0.46443609,0.464562541,0.464964372,0.465719951,0.465824983,0.466500336,0.467644643,0.468320058,0.468399374,0.468798994,0.469254248,0.46931247,0.468984869,0.470664634,0.468670837,0.470396624,0.470365854,0.471053477,0.471289505,0.470674673,0.470878677,0.471290165,0.47100171,0.473113728,0.472919484,0.470886255,0.473109071,0.472421952,0.471698502,0.473006551,0.473553725,0.472857275,0.472195071,0.473264788,0.474922255,0.475001688,0.47239253,0.475668599,0.473160406,0.471092916,0.472851791,0.47273134,0.47239264,0.472267682,0.468712113,0.469038696,0.465436358,0.468021051,0.464276416,0.462654093,0.462183717,0.462024128,0.466356774,0.46172543,0.363705038
M197,0.319530579,0.22976019,0.228242553,0.227204818,0.225192603,0.225520161,0.224054779,0.22377238,0.224894166,0.227883283,0.230491097,0.234950579,0.239534375,0.245276866,0.249931304,0.254855826,0.258916636,0.262724322,0.266568513,0.270123875,0.274002542,0.277040977,0.280402864,0.283040284,0.286238456,0.288494288,0.290928303,0.293566681,0.296367819,0.299217097,0.302374104,0.30554611,0.309360538,0.312972633,0.316516516,0.320147755,0.323673009,0.327460368,0.331118963,0.334649579,0.33848208,0.34184904,0.345120541,0.34838724,0.351989444,0.355121767,0.35835872,0.361587563,0.364602101,0.367591433,0.370479903,0.373463529,0.376347137,0.379160897,0.38195122,0.384810722,0.388086667,0.390500137,0.39264916,0.396069298,0.398972049,0.401862713,0.404681588,0.407138581,0.409123904,0.411471997,0.413730283,0.415509127,0.417463503,0.418728311,0.420733827,0.422015166,0.423288532,0.424737357,0.426190097,0.427435069,0.428384567,0.429397491,0.430422335,0.431794034,0.433153591,0.434606281,0.436310738,0.4379568,0.439698983,0.441525225,0.443524883,0.445508245,0.448267409,0.450345769,0.453201772,0.455689264,0.458119238,0.460821759,0.463819923,0.465890543,0.468587356,0.470672794,0.473620718,0.47553105,0.478054618,0.479647111,0.48146886,0.48527567,0.486009543,0.48637735,0.489432562,0.491526659,0.493408606,0.495404285,0.497100847,0.498902416,0.500570563,0.502820482,0.504306706,0.505876931,0.507999378,0.508977926,0.510692935,0.511931884,0.514015825,0.514853545,0.517832436,0.518140595,0.519764264,0.521342358,0.521780013,0.523160047,0.524751748,0.524800988,0.52579141,0.526086537,0.527167085,0.527793666,0.527530563,0.529031196,0.528995784,0.530657418,0.531187432,0.531264735,0.531617197,0.532042883,0.531737633,0.532708634,0.532801589,0.532523387,0.533089739,0.533748275,0.534739673,0.535046378,0.534684723,0.534628091,0.534733238,0.535299484,0.535097519,0.535620988,0.536653872,0.537102282,0.536855418,0.5371862,0.53732903,0.537260235,0.536779842,0.538462765,0.536063312,0.537929486,0.537649203,0.53853478,0.538616055,0.537881464,0.538114517,0.538519443,0.538122623,0.540498387,0.540230146,0.537984839,0.540601956,0.539652678,0.538627085,0.540233413,0.54100971,0.540112675,0.539494583,0.540732386,0.542644828,0.542887848,0.540079726,0.543961974,0.541110857,0.539348854,0.541673227,0.541905586,0.541816576,0.542035798,0.538599603,0.539234769,0.535469969,0.538918107,0.535090136,0.53346189,0.533491311,0.53379622,0.538782091,0.533991369,0.509648576
M198,0.168582854,0.163017564,0.163562817,0.163712997,0.162911993,0.163592894,0.162895999,0.162854066,0.163899168,0.166172557,0.168287817,0.171841658,0.175587564,0.180082532,0.18387433,0.187891734,0.19128599,0.194535832,0.197866788,0.201050451,0.204605657,0.20763729,0.210899026,0.213508958,0.216664637,0.219022891,0.221539198,0.2241742,0.226918596,0.22960886,0.232471054,0.23535813,0.238662987,0.241713884,0.244769071,0.247762622,0.250664029,0.25364215,0.256648456,0.25952611,0.262678943,0.265409507,0.268054069,0.270673622,0.273513769,0.276049271,0.278685774,0.281379357,0.283839108,0.286312985,0.288660667,0.291086423,0.293395551,0.295679828,0.298003853,0.300499648,0.303349313,0.305561625,0.307466956,0.310587808,0.313414894,0.31616266,0.318856539,0.321246668,0.323348034,0.325655241,0.327952468,0.329839573,0.331828805,0.333278247,0.335341272,0.336888502,0.338382144,0.340068477,0.341763045,0.343321152,0.344515405,0.345824164,0.347119831,0.348727579,0.350271206,0.351884855,0.353742467,0.355503148,0.357358946,0.35924789,0.361290027,0.363285316,0.366021845,0.367961799,0.370608813,0.372852486,0.374855778,0.377204233,0.379839232,0.381563138,0.383897949,0.385709027,0.388176399,0.389978416,0.392015792,0.393304119,0.394583413,0.397870964,0.399161359,0.398129425,0.4014342,0.4031104,0.404770172,0.406464159,0.407931705,0.409375073,0.410811782,0.412611923,0.413902513,0.415128669,0.417002191,0.417657681,0.419139269,0.420146177,0.421988873,0.422723373,0.425296403,0.425627601,0.427208681,0.428604015,0.429134345,0.430365045,0.431756307,0.432021126,0.432997722,0.433290494,0.434423888,0.435203143,0.435232551,0.43668267,0.437016316,0.438653706,0.439565822,0.439929221,0.440715395,0.441286744,0.441418239,0.442420656,0.442924861,0.442907594,0.443917084,0.444765826,0.446221009,0.446919303,0.446889728,0.447088579,0.447540533,0.448429175,0.448576765,0.449431024,0.450522716,0.451195751,0.451327502,0.451825801,0.452230686,0.45242793,0.452149116,0.453774514,0.452027069,0.453742841,0.453849761,0.454545392,0.454863092,0.454300831,0.454660364,0.455173219,0.454965527,0.457057333,0.45703825,0.455086225,0.457265027,0.456612345,0.455919527,0.457179698,0.457849841,0.457057119,0.45634037,0.457700573,0.459226944,0.459371641,0.456938613,0.460039928,0.457592007,0.455646689,0.45747752,0.457321327,0.456935192,0.457046207,0.453732496,0.45410259,0.450908891,0.453422896,0.449851233,0.448249177,0.447874045,0.447884509,0.451626433,0.447011125,0.427506542
M199,0.304702,0.22547197,0.220674213,0.2195916,0.217792067,0.21697202,0.215580349,0.215118422,0.214557157,0.216790978,0.218556852,0.222841803,0.22717159,0.231295797,0.235891374,0.240301385,0.244419042,0.247838349,0.252018155,0.25593804,0.259741977,0.263369692,0.26714378,0.270786015,0.273987763,0.277068922,0.279750628,0.282913599,0.285398428,0.288759083,0.292128609,0.295249802,0.299043021,0.302448317,0.305924899,0.309355744,0.312549132,0.315741579,0.319050071,0.321929706,0.324932716,0.327724632,0.330375903,0.333073565,0.335645451,0.337975142,0.340336517,0.34299136,0.344946533,0.34709884,0.3491977,0.351490833,0.35312816,0.355121267,0.357157058,0.359504183,0.361641502,0.363634039,0.365235954,0.367937193,0.37047735,0.372645256,0.374655761,0.37646002,0.37839607,0.379527488,0.381296657,0.38244596,0.383823919,0.384459457,0.385665129,0.386592889,0.387401797,0.388011862,0.388757722,0.388884349,0.3893682,0.389765764,0.390501047,0.391171666,0.392318438,0.393311068,0.394672438,0.396320098,0.397824373,0.399469248,0.401356955,0.403497153,0.405992032,0.407954078,0.410345301,0.412399851,0.414766478,0.417680081,0.419596967,0.421657949,0.424015701,0.426302556,0.428361089,0.429843417,0.431764033,0.43339431,0.435157865,0.437343977,0.438043696,0.438360637,0.440497478,0.442136617,0.443225994,0.444971923,0.44603268,0.447431966,0.448899758,0.450255654,0.451336111,0.452589498,0.453673356,0.454616609,0.456342434,0.456837425,0.458250027,0.459157842,0.460725604,0.461841407,0.46218406,0.463768935,0.464298668,0.465053026,0.465838906,0.466925895,0.467220125,0.466766082,0.467944464,0.468594241,0.469214975,0.469874412,0.469818571,0.471399095,0.470934762,0.471862816,0.472183286,0.473464171,0.474034673,0.473773535,0.474563936,0.473924789,0.474119651,0.475523859,0.476419238,0.476669651,0.477128986,0.478098549,0.477695694,0.477715025,0.478325338,0.478218387,0.478488443,0.481332861,0.480503848,0.480113087,0.481340433,0.482183044,0.481097025,0.482038529,0.482526194,0.483642233,0.482609835,0.482622746,0.483984161,0.484531889,0.483969303,0.483571115,0.484531003,0.483489262,0.484541768,0.48382251,0.485150159,0.485780706,0.486441285,0.486711573,0.485870905,0.486773587,0.488124057,0.487660727,0.48781162,0.489873953,0.489271943,0.491115994,0.490546596,0.490848167,0.490774909,0.487856097,0.489914796,0.486895882,0.491424119,0.488492314,0.487355064,0.486386479,0.485272445,0.486621618,0.489524837,0.484008199,0.491194836,0.489922593,0.395522682
M200,0.291809851,0.137935724,0.137897538,0.13898308,0.139068648,0.139339792,0.139177286,0.139511565,0.139763547,0.141825638,0.143472085,0.146812814,0.150069153,0.152973208,0.15622181,0.159240271,0.162128695,0.164494803,0.167420687,0.170039088,0.172723766,0.175310978,0.178027239,0.180635727,0.182992809,0.185247383,0.18728658,0.189701135,0.19161815,0.194120843,0.196605289,0.198924994,0.201625617,0.20405442,0.206571194,0.208931817,0.211199035,0.213434243,0.215753224,0.217838841,0.220067212,0.222135159,0.224107909,0.226077047,0.228003165,0.229763916,0.231541962,0.233579407,0.235048033,0.23672445,0.238315996,0.240083818,0.241389033,0.242976553,0.244621287,0.246517047,0.248268796,0.249945422,0.251278094,0.253596313,0.255918354,0.257929491,0.259890714,0.261679364,0.26359999,0.264883377,0.266731065,0.268088718,0.26956634,0.270514418,0.271856559,0.273015467,0.274058367,0.275033392,0.276093231,0.276747745,0.277551145,0.278359167,0.279314689,0.28032027,0.281564219,0.2827507,0.284182796,0.285800367,0.287265814,0.288947495,0.290768831,0.292777104,0.295098331,0.296920128,0.299055355,0.30090382,0.302777131,0.305009504,0.306832863,0.308577903,0.310489944,0.312323591,0.313993073,0.315318407,0.316751063,0.317960254,0.319032693,0.320823437,0.321960243,0.321136251,0.323505067,0.32482934,0.325774002,0.327102327,0.32800557,0.328997203,0.330117274,0.331079103,0.332021299,0.332896197,0.333812135,0.334441847,0.335776029,0.336145985,0.337363461,0.33803387,0.339312907,0.340198837,0.340608311,0.341965871,0.342398126,0.343027475,0.343607963,0.344498122,0.344778106,0.344521119,0.345442287,0.346095727,0.346782763,0.347430002,0.347623067,0.348922803,0.34889397,0.349651914,0.350216897,0.351154266,0.351871027,0.351742269,0.352667154,0.352137011,0.352639774,0.353912293,0.354992256,0.355414113,0.355832798,0.356679013,0.356497221,0.356673118,0.357353693,0.357455111,0.357737883,0.360142395,0.359680052,0.359413114,0.360558775,0.361181803,0.360417723,0.361103824,0.36165272,0.362477652,0.361875001,0.361734807,0.362934303,0.363371484,0.362951542,0.362654794,0.363327824,0.362635151,0.363460178,0.362870272,0.363712811,0.364162211,0.364444101,0.364436349,0.363571476,0.364072998,0.364671238,0.364165167,0.364066433,0.365352757,0.364435915,0.365405264,0.364639655,0.364413079,0.363931121,0.361390147,0.362500345,0.359829149,0.363008477,0.360248337,0.359002145,0.357825864,0.356338587,0.35684492,0.357948805,0.353316063,0.35778013,0.355583982,0.274459335
M201,0.852846715,0.164351792,0.159724981,0.158010317,0.157938827,0.156683569,0.156716568,0.15671883,0.157598096,0.159316926,0.161177356,0.164809854,0.167738252,0.171861154,0.1755254,0.179108477,0.182571577,0.186326876,0.190092321,0.193272036,0.196908575,0.200138609,0.203835555,0.207196624,0.210629599,0.213674584,0.216699409,0.219951713,0.223171273,0.226376115,0.229541309,0.233144446,0.236513621,0.239952481,0.243471424,0.247050383,0.250669359,0.253908488,0.25753274,0.26109121,0.264273302,0.267406763,0.270511789,0.273620838,0.27682045,0.279686768,0.282827009,0.285470737,0.288285241,0.290939466,0.293622902,0.296328403,0.298964848,0.301837193,0.30426456,0.306992811,0.309832847,0.312084139,0.314105691,0.316998128,0.319343221,0.321815688,0.32429089,0.326384256,0.328705915,0.330545953,0.332351744,0.333729821,0.335276618,0.33636924,0.337455675,0.338370041,0.339293949,0.33971643,0.340488282,0.3407811,0.341327674,0.341494968,0.342364465,0.343151834,0.344442641,0.345709576,0.34727724,0.349186514,0.351295827,0.353598426,0.35594774,0.358376699,0.360876379,0.363358008,0.365846572,0.368512763,0.3710492,0.373583465,0.376272882,0.378415252,0.381077479,0.383483446,0.385488213,0.3873628,0.389456067,0.390976983,0.3927989,0.395869579,0.395012839,0.398079982,0.398971046,0.400655753,0.40208135,0.403478766,0.405225948,0.406554616,0.407547387,0.409657783,0.41022934,0.411980898,0.412945619,0.414379974,0.41473076,0.416486815,0.417411051,0.418522464,0.419558315,0.420735692,0.421541809,0.422651388,0.423105292,0.424195859,0.425157783,0.425626279,0.426132535,0.427105036,0.427424125,0.428859496,0.427899354,0.429177215,0.429209286,0.430197395,0.43116929,0.431378152,0.431509673,0.432291023,0.432296239,0.432789594,0.432453743,0.432902842,0.434134489,0.434375481,0.43483819,0.434589965,0.435343568,0.435958519,0.436938948,0.436368072,0.437099642,0.437368231,0.438278527,0.438341433,0.439547626,0.439782638,0.438583466,0.440038912,0.439746201,0.439711855,0.440877357,0.440841661,0.441760865,0.442789718,0.442419615,0.442227611,0.443740985,0.442185924,0.44349267,0.44350718,0.443014132,0.443617054,0.443582412,0.443098239,0.442985617,0.444236879,0.445203892,0.444858497,0.444623605,0.445996949,0.445255174,0.445733506,0.447378617,0.448048229,0.446848684,0.446759366,0.446028484,0.447405208,0.448510926,0.450590836,0.449435672,0.447170251,0.451205725,0.445956354,0.445322365,0.447019715,0.450822268,0.448182535,0.448626373,0.441846539,0.3439781
M202,0.860980036,0.148242064,0.149120235,0.150522538,0.152563216,0.152879721,0.154352975,0.155569284,0.157705773,0.160404041,0.163066587,0.167321952,0.170554284,0.174750047,0.1782881,0.181486622,0.184517619,0.187671928,0.190814457,0.193346194,0.196294927,0.198913592,0.201956446,0.204686745,0.207454456,0.209841897,0.212280232,0.214844824,0.217485334,0.219998776,0.22238154,0.225123921,0.227551716,0.230022543,0.232520714,0.234970331,0.237439099,0.23951103,0.241877596,0.244163389,0.246148063,0.248074856,0.249925375,0.251759383,0.253701217,0.255328535,0.257201418,0.258668169,0.260289434,0.261802324,0.263345985,0.264877502,0.266344002,0.268042244,0.269443596,0.271138404,0.272917525,0.274289173,0.275582488,0.277706374,0.279319313,0.281031428,0.28279798,0.284233155,0.285861991,0.287074974,0.288246514,0.289069699,0.290071418,0.290715491,0.291319951,0.291858601,0.292399803,0.292566577,0.292957912,0.292997565,0.293234595,0.293223608,0.29375425,0.294292593,0.295197854,0.296125286,0.297231113,0.298716955,0.300304066,0.302126511,0.303859237,0.305723719,0.307559679,0.309380927,0.31110362,0.313054034,0.314534977,0.316365981,0.318266318,0.319751678,0.321581785,0.323300543,0.324574606,0.32587398,0.327216072,0.327966645,0.328824222,0.331179922,0.330011509,0.332474624,0.332940252,0.334186379,0.335037891,0.335964123,0.337071649,0.337918839,0.338416412,0.339840683,0.340067382,0.341265639,0.341777406,0.342746126,0.34285694,0.344103315,0.344663901,0.345381126,0.346103675,0.346904871,0.347481116,0.348345144,0.348562453,0.349422633,0.350177681,0.350412937,0.350849248,0.351538754,0.351862941,0.353070253,0.352436176,0.353605897,0.353740446,0.354632281,0.355592603,0.355831459,0.356137231,0.356883337,0.357043293,0.357501802,0.357424215,0.357953279,0.359273271,0.359584915,0.360169791,0.360200839,0.361009978,0.361637405,0.362705344,0.362443223,0.363260803,0.363617868,0.364554266,0.364685461,0.365846369,0.36609295,0.36525214,0.366468935,0.366271004,0.366346003,0.367312031,0.367307733,0.368142132,0.368923778,0.36858337,0.368358737,0.369520464,0.368114196,0.369316093,0.369290688,0.368875499,0.369302703,0.369055115,0.368623675,0.36836311,0.369252139,0.369931923,0.369185272,0.368634919,0.369491356,0.368639437,0.368776359,0.369655628,0.369752763,0.368300955,0.367910928,0.366730694,0.367297575,0.367848096,0.368781386,0.367347526,0.364962765,0.367564049,0.36256033,0.3613896,0.361984735,0.364173197,0.360984481,0.360337357,0.353788974,0.277315221
M203,0.851253964,0.186673631,0.182762368,0.181979967,0.182016267,0.180418049,0.180326708,0.180871323,0.182788295,0.185107557,0.187859722,0.191934643,0.195330301,0.199728922,0.20425183,0.208138997,0.211809645,0.215623356,0.219242224,0.22267283,0.226371992,0.229561552,0.233263728,0.236406307,0.239450017,0.242327634,0.245493631,0.248112114,0.251380202,0.254450993,0.257843366,0.260985344,0.264207304,0.267984534,0.271244346,0.274961679,0.278165056,0.28176505,0.285010807,0.288721638,0.292080321,0.294969853,0.297926562,0.3009847,0.30407744,0.307125786,0.30952653,0.312270894,0.315145404,0.317481286,0.320160552,0.322544311,0.32518962,0.327681486,0.330001431,0.332624268,0.335222405,0.337574253,0.339349669,0.341708545,0.34407712,0.346364104,0.348468971,0.350809513,0.352998484,0.354725872,0.356785866,0.358272167,0.360216642,0.361509426,0.363040803,0.363958984,0.365511798,0.365967297,0.367349505,0.367898863,0.369033207,0.369410063,0.370456912,0.371319573,0.372682597,0.373812267,0.37569038,0.377243444,0.379073754,0.381009172,0.382863881,0.384977731,0.387070611,0.389247526,0.391146598,0.393381533,0.395749476,0.397969707,0.39988995,0.402071102,0.404307366,0.406004718,0.40787702,0.409590759,0.411567717,0.412775765,0.41443998,0.417395753,0.416304252,0.419645254,0.420630644,0.42226561,0.42344787,0.425313786,0.426434781,0.427826478,0.4287845,0.430621782,0.431591409,0.43271956,0.43359562,0.435184647,0.435629339,0.437178962,0.43796259,0.439636011,0.439991554,0.44140367,0.442266381,0.442688435,0.44365157,0.444652598,0.445341962,0.44590025,0.44674717,0.44757545,0.447617218,0.448649664,0.448464929,0.449461185,0.449229724,0.450474434,0.450430305,0.450942993,0.450804089,0.450924192,0.451058166,0.451838469,0.452183604,0.452547231,0.453018055,0.45286395,0.452684311,0.453869389,0.453222604,0.453893931,0.454607254,0.45443672,0.454847183,0.45558207,0.455920509,0.455225331,0.455674313,0.456621981,0.457485386,0.456544571,0.45714899,0.457767657,0.456313437,0.457188699,0.45915482,0.457415799,0.457991107,0.458389356,0.45942097,0.458682052,0.459037801,0.457957792,0.458292635,0.457331666,0.458098887,0.458182919,0.458644303,0.458089355,0.459631089,0.459897284,0.460287539,0.462468222,0.458923242,0.460242556,0.459008873,0.460275484,0.459039297,0.459181699,0.458589101,0.460186728,0.461745445,0.463808773,0.46180459,0.458965928,0.463035335,0.462297333,0.461146377,0.454305892,0.457013193,0.459904519,0.457488583,0.455625043,0.307638078
M204,0.853376047,0.142117558,0.141504235,0.142340048,0.143300001,0.142799846,0.143382887,0.144443936,0.146501419,0.148804449,0.151419369,0.15498257,0.157939278,0.161613672,0.165444787,0.168832323,0.172030026,0.175444657,0.17870234,0.181837316,0.185276124,0.188335949,0.191855954,0.19490811,0.197946486,0.200781848,0.203982385,0.206712478,0.209965518,0.212928728,0.216120791,0.219034003,0.222000847,0.225397634,0.228345462,0.231613682,0.234405268,0.237488966,0.24029291,0.243509504,0.246443933,0.248941398,0.251495505,0.254089138,0.256728434,0.259334394,0.261397938,0.263749114,0.266244011,0.268304237,0.270632748,0.27272825,0.275020261,0.277222011,0.279330782,0.281759883,0.284204184,0.286455131,0.288311704,0.290748367,0.293198916,0.295582806,0.29783885,0.300359074,0.302729883,0.304770134,0.307046981,0.308818045,0.310953424,0.312548889,0.314280255,0.315522581,0.317302857,0.31813715,0.319732202,0.320675874,0.322063908,0.322814365,0.324110561,0.325219805,0.32679233,0.32819783,0.330213059,0.332056206,0.334054149,0.336275814,0.338369425,0.34076678,0.342983433,0.345384916,0.347342044,0.34974151,0.351780748,0.35407738,0.356091997,0.358260348,0.360396448,0.362063963,0.363728921,0.365363741,0.36705287,0.367926368,0.36896179,0.37171787,0.370596641,0.373544396,0.374333435,0.375803196,0.376706711,0.378264271,0.379108917,0.380211922,0.380896075,0.382386298,0.38310717,0.383921327,0.38455877,0.385780218,0.386081461,0.387291508,0.387927074,0.389284418,0.389591179,0.390717639,0.391539029,0.391849977,0.392751841,0.393596099,0.394276041,0.394621729,0.395476068,0.396144732,0.396270987,0.397257979,0.397250292,0.398231735,0.398295252,0.399385655,0.399642096,0.400222518,0.400332555,0.400509949,0.400792598,0.401519578,0.402069041,0.402558096,0.403090297,0.403098986,0.403186061,0.404388384,0.403953442,0.404606732,0.4054012,0.405322878,0.405845977,0.406643883,0.407027868,0.406471397,0.406970344,0.407875974,0.408746763,0.407926636,0.408482779,0.409040497,0.407785429,0.408548308,0.410234914,0.408629098,0.409161605,0.409403677,0.410242484,0.409390544,0.409737267,0.408766164,0.409021634,0.408040847,0.408552516,0.408542092,0.408700271,0.408083628,0.409278514,0.409033494,0.40904572,0.410656877,0.407490596,0.408333943,0.406741308,0.407538462,0.406070983,0.405836536,0.404544539,0.405407143,0.406457833,0.40767456,0.405482852,0.402266701,0.405197638,0.403912178,0.40222857,0.395357141,0.396974317,0.398490727,0.395455798,0.39247906,0.255923837
M205,0.859639233,0.190225173,0.185378938,0.183631206,0.183888113,0.184937211,0.185288309,0.186342956,0.189117723,0.192464648,0.196409801,0.200393297,0.204561589,0.209171779,0.213999331,0.218222082,0.222261543,0.226486406,0.23073781,0.234505785,0.238404776,0.24182827,0.245664522,0.249228961,0.252764259,0.255887006,0.259242975,0.262766664,0.265967281,0.269540317,0.272974547,0.276378442,0.279749023,0.283458932,0.287027486,0.290861348,0.294550165,0.298222179,0.301585313,0.305342148,0.3089219,0.31167982,0.314660189,0.317918183,0.320975963,0.323639577,0.326425787,0.329273003,0.33194379,0.334615965,0.337529701,0.340112482,0.342396183,0.344815825,0.347375302,0.349851589,0.352366836,0.354707834,0.356831846,0.35927377,0.361337072,0.363272267,0.365570056,0.367357446,0.369479262,0.371718481,0.373465058,0.374968733,0.376525419,0.377985144,0.37907791,0.380039596,0.381266231,0.382144719,0.3831114,0.38394161,0.384635763,0.385294885,0.386177582,0.387276776,0.388781244,0.390254627,0.391971901,0.393586947,0.395516534,0.397407052,0.399540909,0.401290859,0.403355395,0.405558588,0.407495606,0.409822079,0.411682569,0.413793715,0.415996755,0.417917959,0.419875938,0.421988717,0.424161819,0.425918778,0.427919032,0.42966648,0.431181507,0.432736114,0.433174518,0.436880745,0.437975386,0.439684807,0.441095084,0.442850242,0.444298564,0.445459436,0.447239516,0.448401264,0.449606644,0.451299269,0.452446554,0.453619298,0.45496766,0.455896781,0.456928067,0.458632976,0.45925652,0.460061691,0.461578465,0.461655373,0.463347038,0.46454802,0.464939737,0.465512034,0.466065345,0.467132667,0.467555697,0.468939871,0.468521944,0.46993608,0.469799407,0.47070845,0.470737785,0.471446969,0.472268996,0.472775641,0.472356527,0.473531583,0.473585714,0.473660282,0.474567114,0.47530527,0.475506167,0.475794147,0.474956444,0.476099608,0.476545944,0.476256356,0.476457909,0.477142869,0.477358815,0.477706536,0.478194985,0.477490238,0.478108377,0.47855856,0.478754012,0.479262618,0.479310406,0.479789373,0.479693135,0.479513004,0.479520651,0.479707408,0.478217455,0.478879057,0.47894687,0.479374559,0.479280013,0.478350664,0.478587356,0.478680553,0.479120291,0.478607663,0.477459114,0.477369439,0.477544312,0.47676663,0.476491698,0.477553121,0.476593793,0.477658067,0.476597589,0.477259126,0.477009074,0.474877484,0.472314137,0.474322088,0.473202894,0.471403584,0.470360471,0.470745664,0.470503498,0.466125973,0.463245821,0.467283595,0.460199209,0.461015024,0.357983797
M206,0.859033752,0.163796497,0.163860098,0.164798324,0.166589097,0.168414958,0.169525423,0.171154336,0.174568889,0.178558172,0.183061047,0.187620672,0.192143416,0.196744468,0.201441255,0.205349968,0.208993685,0.21274408,0.216529915,0.2198527,0.223451504,0.226607105,0.230229357,0.233492891,0.236710098,0.239466097,0.242582307,0.24578547,0.24872484,0.251896079,0.254859542,0.257736844,0.260627062,0.263779589,0.266866588,0.270102794,0.273152763,0.276144943,0.278834049,0.28182974,0.284661626,0.286748039,0.288979543,0.291375968,0.293629573,0.295534382,0.297570717,0.299706575,0.301670217,0.303597979,0.305787615,0.307681475,0.30920817,0.31082657,0.312696735,0.314733155,0.316713458,0.318593949,0.320441911,0.322738636,0.324587624,0.326372372,0.328441715,0.330102267,0.331984287,0.33395319,0.335516803,0.336827353,0.338143508,0.339312018,0.34010316,0.340867646,0.341817918,0.342484463,0.343277759,0.344032323,0.344591069,0.345076294,0.345721736,0.34664323,0.347821105,0.349078805,0.350433947,0.351806473,0.353454653,0.355116288,0.356948236,0.35850818,0.360305764,0.362248883,0.363823976,0.365897769,0.367059976,0.368846454,0.37073848,0.372283833,0.373804721,0.375504607,0.377074493,0.378362301,0.379774603,0.380737573,0.381243707,0.382516926,0.382302044,0.385294977,0.385943905,0.387150857,0.387934448,0.389173245,0.389974325,0.390631465,0.391712628,0.39239144,0.393047623,0.394134624,0.39478607,0.395491981,0.396349218,0.396793765,0.39743238,0.398705619,0.398964178,0.399421018,0.400524889,0.400416478,0.401760124,0.402577961,0.402806369,0.403030353,0.403357298,0.404068068,0.404294173,0.405443528,0.40507597,0.406209161,0.406112976,0.406861976,0.406895372,0.407534044,0.40823749,0.408660768,0.408264681,0.409154481,0.409272649,0.409283444,0.410164424,0.410726079,0.411012157,0.411333625,0.410588414,0.411547585,0.411928867,0.411702358,0.411787815,0.412374311,0.412548908,0.412920702,0.413223128,0.412522924,0.412931308,0.413311179,0.413292579,0.413603369,0.413619755,0.413838195,0.413567143,0.413325278,0.413220467,0.413149054,0.411757279,0.412018915,0.41189632,0.412217582,0.412084363,0.410997646,0.411048874,0.410855662,0.410974506,0.410289737,0.409030966,0.408504039,0.408188512,0.407133955,0.406621695,0.407091374,0.405822976,0.40613938,0.405074663,0.404983141,0.404139799,0.401850957,0.399071854,0.400391977,0.39891023,0.396747912,0.395131795,0.39448885,0.393602726,0.389017942,0.385882672,0.388323815,0.38108415,0.380654912,0.293906359
M207,0.851161457,0.201102345,0.19663124,0.195285306,0.194156836,0.193799053,0.193696989,0.194549375,0.195516752,0.197564078,0.201219034,0.205052869,0.209631508,0.214187719,0.218503503,0.22302695,0.226865505,0.230920776,0.234985912,0.238586322,0.24275375,0.245987214,0.249744982,0.253161891,0.256844572,0.259761431,0.263277899,0.266429568,0.269254934,0.273030675,0.276138351,0.279801265,0.283597393,0.287179696,0.291126724,0.294675024,0.298746939,0.302092891,0.306006727,0.309701993,0.313272541,0.316455801,0.319618187,0.32292732,0.326210897,0.329200201,0.332117727,0.33464848,0.337579046,0.34016427,0.3429727,0.34544655,0.348016255,0.350692608,0.353069516,0.355829014,0.35896798,0.361206915,0.363379965,0.366411753,0.36893432,0.371370062,0.373843314,0.376425013,0.378701693,0.381002924,0.383047514,0.38472768,0.386331419,0.38790456,0.389112881,0.390369632,0.391453202,0.392143632,0.393697876,0.394233793,0.395118412,0.395808981,0.396826983,0.397507467,0.398948209,0.400384838,0.401956688,0.403917408,0.405479382,0.407587348,0.409359585,0.411525841,0.414228669,0.416178753,0.418466755,0.420840167,0.423116284,0.425387224,0.427625755,0.429638526,0.432002277,0.433812363,0.43610075,0.437908225,0.440015194,0.441454091,0.442657566,0.445188214,0.445012027,0.447393753,0.448547914,0.449883193,0.4515514,0.452976353,0.454207065,0.455853173,0.457135261,0.458799696,0.459535184,0.460750736,0.461551642,0.463203643,0.464345986,0.465362916,0.466466212,0.467907229,0.468721559,0.46962467,0.470747006,0.471566489,0.472156582,0.473497424,0.473424622,0.47408444,0.474637252,0.475140414,0.475585663,0.476558979,0.476160898,0.476985333,0.477048844,0.478153323,0.478479975,0.478657133,0.478773818,0.479709788,0.478784537,0.479205188,0.47964478,0.480180679,0.479805452,0.480947172,0.480518717,0.481162387,0.480907757,0.4814243,0.482568551,0.483003877,0.482763158,0.483020769,0.483967112,0.483922984,0.483818221,0.484102738,0.485404907,0.48414934,0.483656962,0.485206232,0.484760378,0.486237307,0.485794425,0.485104939,0.486342369,0.486047197,0.486031045,0.486125715,0.48570219,0.485648324,0.487425377,0.48568032,0.485745117,0.485322883,0.485299021,0.486600471,0.487687748,0.487325067,0.487280563,0.489039688,0.488224113,0.489035724,0.487706127,0.48842502,0.487275915,0.487264683,0.490520375,0.488182836,0.489587572,0.487055954,0.490811388,0.488697626,0.487641597,0.487535932,0.487054205,0.482505815,0.486402667,0.483336468,0.484182408,0.485212439,0.377999126
M208,0.866418308,0.175306473,0.175386513,0.176288562,0.176969148,0.177894474,0.179054151,0.180961353,0.183202886,0.186172172,0.190606967,0.195103644,0.20003709,0.204668602,0.208906686,0.213333758,0.216970878,0.220740298,0.224420894,0.227633976,0.231363146,0.234296575,0.237759655,0.240824266,0.244195369,0.24682252,0.250105127,0.252926425,0.255511587,0.258839306,0.2614498,0.264564573,0.267591939,0.270509921,0.273722823,0.276426836,0.279663955,0.28214052,0.284997526,0.28775212,0.290251383,0.292464193,0.294563535,0.296768693,0.29885823,0.300800074,0.302585983,0.304091164,0.305975609,0.307537409,0.309322074,0.310758033,0.312259625,0.31385398,0.315321113,0.317110316,0.319247622,0.320702199,0.322404558,0.324627595,0.326483738,0.328282267,0.330149808,0.33212981,0.333787824,0.335551451,0.337109163,0.338397824,0.339474586,0.340691197,0.341458687,0.342341263,0.343040666,0.343456542,0.344529086,0.344774651,0.345297658,0.345704401,0.346391903,0.346773061,0.347847181,0.348936242,0.350096685,0.351686495,0.352927007,0.354644779,0.356068857,0.357840567,0.359954877,0.361524196,0.363185529,0.365048215,0.366355583,0.368080098,0.369677342,0.371147783,0.372855738,0.374143586,0.375652926,0.376975905,0.378345554,0.379034827,0.379337392,0.381045285,0.380751013,0.382629079,0.383262697,0.384116426,0.385211011,0.385993156,0.386760061,0.387681935,0.388371248,0.389370159,0.389719032,0.39037018,0.390644164,0.391803436,0.392332111,0.392965029,0.39362929,0.394483768,0.394936315,0.395490887,0.396234418,0.39671734,0.397113334,0.398108987,0.398008202,0.398332472,0.398768879,0.399113412,0.399474481,0.400199084,0.400059611,0.400710615,0.400828086,0.401768159,0.402138019,0.402337958,0.402618769,0.403359536,0.40271818,0.403232538,0.403851203,0.404328595,0.403953525,0.405009653,0.404782487,0.405567141,0.405441457,0.405983413,0.407062814,0.407502218,0.407280818,0.407532764,0.408461125,0.408414341,0.408412832,0.408636613,0.409893991,0.408783476,0.408404784,0.409650877,0.409433784,0.410537889,0.410067285,0.409406618,0.410362982,0.409934266,0.409663678,0.409595676,0.409079318,0.408928832,0.410088594,0.408560414,0.408361352,0.407759006,0.407489944,0.408384415,0.409036469,0.40824385,0.407539725,0.408667416,0.407915638,0.408063363,0.406388309,0.406450368,0.404784662,0.40435383,0.40635768,0.403669079,0.404316361,0.40136105,0.403979465,0.401349647,0.39966357,0.398818071,0.397703945,0.392975566,0.395273076,0.391610204,0.391233254,0.391092969,0.305116156
M209,0.858267716,0.274409136,0.271896476,0.267835733,0.268493872,0.270139595,0.272655951,0.275367567,0.278476356,0.284378044,0.291455915,0.29810745,0.304190913,0.310228682,0.316547064,0.321927106,0.326401512,0.330907047,0.334714882,0.338615177,0.342478704,0.346224143,0.349302087,0.353323697,0.356120598,0.359716046,0.362615466,0.366284518,0.369008043,0.371700295,0.375671799,0.378734689,0.382641438,0.386224355,0.390345675,0.394833817,0.398664565,0.403310304,0.407607552,0.411022813,0.414547395,0.417675645,0.421185668,0.424218964,0.427090247,0.429858919,0.432682954,0.43520772,0.437775965,0.44069731,0.443387294,0.445578909,0.448208978,0.450088184,0.451991269,0.454151078,0.45662247,0.458880421,0.462303061,0.465028695,0.466687867,0.468297193,0.470211861,0.471729196,0.473720389,0.475153873,0.476548303,0.47774424,0.479002338,0.47996393,0.48016186,0.480937892,0.481096351,0.481047086,0.480942465,0.481133141,0.481154464,0.48097987,0.481478166,0.48210602,0.482662777,0.483728805,0.48443149,0.486134064,0.487481944,0.489682224,0.491283844,0.493252269,0.494426048,0.496637617,0.498134871,0.500535282,0.502534507,0.504253905,0.506511214,0.508743784,0.511163439,0.51326346,0.515698072,0.517273809,0.519271911,0.521562835,0.523132482,0.523616918,0.522038311,0.532022862,0.531052176,0.532721638,0.534741655,0.536923413,0.538186027,0.540102142,0.541814429,0.543507963,0.544014886,0.545404283,0.547203095,0.549164573,0.550181231,0.552201495,0.553212295,0.554719485,0.554917122,0.557124227,0.557790293,0.55798103,0.559584527,0.559660811,0.561602255,0.562761889,0.562566972,0.563484494,0.564790679,0.56542173,0.564747805,0.565690653,0.56685424,0.566202591,0.566312261,0.566769208,0.566609233,0.567273547,0.566729615,0.568489736,0.567344837,0.567992292,0.567624002,0.565389768,0.564520864,0.565365803,0.566338682,0.565593391,0.566273992,0.565119465,0.567439839,0.565433685,0.564782686,0.565381711,0.565059196,0.563521067,0.564018197,0.563798594,0.563736346,0.566177217,0.565308829,0.563148858,0.565063241,0.563746058,0.564252225,0.563274259,0.563968039,0.561398602,0.560568394,0.561101265,0.560178884,0.559974095,0.559436598,0.556879482,0.55869226,0.555098009,0.553910561,0.555553436,0.552939595,0.552276216,0.553450113,0.550916873,0.550050403,0.547086614,0.545887379,0.546036671,0.54539237,0.547550716,0.541684512,0.543959518,0.539986716,0.534158495,0.538540045,0.535042243,0.530726315,0.52842928,0.52841719,0.528231446,0.519651234,0.523740762,0.419951986
M210,0.860653281,0.206128385,0.207047077,0.205960641,0.208264662,0.211422582,0.215456889,0.219398689,0.22385588,0.229971383,0.236864587,0.243053513,0.248660062,0.254004912,0.259500542,0.264347383,0.268604069,0.273012391,0.276754236,0.280588938,0.284461497,0.28848256,0.291874809,0.296051258,0.299432287,0.303472615,0.307114413,0.311190625,0.314582596,0.317682602,0.321797344,0.32491176,0.328690239,0.331992389,0.335911733,0.340113118,0.343697008,0.347945006,0.351787575,0.354943778,0.358080766,0.361088504,0.364224849,0.366999213,0.369594876,0.372083268,0.374597671,0.376980255,0.379554732,0.38227786,0.38493024,0.387020184,0.389667314,0.391572561,0.393439816,0.395406617,0.397632044,0.399952219,0.403732817,0.406329077,0.408175572,0.410105209,0.412351865,0.414401861,0.416662027,0.418697747,0.420573865,0.422434336,0.424089981,0.425748992,0.426463875,0.427741874,0.428479033,0.428913356,0.42929732,0.430025544,0.430553066,0.430929168,0.431936308,0.433089221,0.434081023,0.435607343,0.436845419,0.439041673,0.440786247,0.443380929,0.445298566,0.447540683,0.448889864,0.451229358,0.452615861,0.455015276,0.456474784,0.458147292,0.460361828,0.46260815,0.464713197,0.466770215,0.46886793,0.470471944,0.472218647,0.474137968,0.474976322,0.475251366,0.473886922,0.484096988,0.482909771,0.484540997,0.486475599,0.48856575,0.489737942,0.491340242,0.492863489,0.494296986,0.494799791,0.496088729,0.497523922,0.499495032,0.500334748,0.502262539,0.503159161,0.504600576,0.504804679,0.506933236,0.507708244,0.507903445,0.509672023,0.509877115,0.511888239,0.512963798,0.513105823,0.514065923,0.515697963,0.516428752,0.516534121,0.517541103,0.519086829,0.518664241,0.519221621,0.519927522,0.520329046,0.521268308,0.521176264,0.523257162,0.522688683,0.523622421,0.523476529,0.521729348,0.52124643,0.522569305,0.523734243,0.523471452,0.524298503,0.523554208,0.526061757,0.524320703,0.524075632,0.524853267,0.524786297,0.523490693,0.524166399,0.52404335,0.524352088,0.526665616,0.526126109,0.524012221,0.525813771,0.524786526,0.524887186,0.523946598,0.524345547,0.52188885,0.520882051,0.521422727,0.520222648,0.519890219,0.519158459,0.516453862,0.517910463,0.514245088,0.512604336,0.513423559,0.51024493,0.508761982,0.509552973,0.506754661,0.504825786,0.501356074,0.499631988,0.498994545,0.497248674,0.498253227,0.492019589,0.493208833,0.488288136,0.482215567,0.485046226,0.480593057,0.475383304,0.472067663,0.470679708,0.468813009,0.459885056,0.461633259,0.351446676
M211,0.863242699,0.152290625,0.148788557,0.145572509,0.144902471,0.143011387,0.14318476,0.142361207,0.143271271,0.144561878,0.146255386,0.148974564,0.15176831,0.154846556,0.157755488,0.160716647,0.16357939,0.166499538,0.169427948,0.172215952,0.175258691,0.177807959,0.180541599,0.183449666,0.186037838,0.188431898,0.191136314,0.193464476,0.196337426,0.199053374,0.201988199,0.204821925,0.20772814,0.210877986,0.214045285,0.217149128,0.220321864,0.223345194,0.226579707,0.229832077,0.232825112,0.235640475,0.238556031,0.241555582,0.244632998,0.247231952,0.250097246,0.252704221,0.255160289,0.257656067,0.260414383,0.263173509,0.26571544,0.268089359,0.270618355,0.273627643,0.276430279,0.278796137,0.280734813,0.283582438,0.286058224,0.288451193,0.29089819,0.293335375,0.295375404,0.29751599,0.299805875,0.30154051,0.30335846,0.30457199,0.306598461,0.307925623,0.309412456,0.310363339,0.311682693,0.312493146,0.313705631,0.314405562,0.315562018,0.317130166,0.318580979,0.320446872,0.322411314,0.324587767,0.326904948,0.329208105,0.332049457,0.3347387,0.337389094,0.339919673,0.342898244,0.345720587,0.348396933,0.351251227,0.35433232,0.35655319,0.359168623,0.361554501,0.364061559,0.366099071,0.368347235,0.370445499,0.372393987,0.375138259,0.375311909,0.377834726,0.379344982,0.381543225,0.382867683,0.38480065,0.386445799,0.388446417,0.389611851,0.391560928,0.39281616,0.394454674,0.396068246,0.397670474,0.398549273,0.400111277,0.401238618,0.402474092,0.404190297,0.405109175,0.40628793,0.407492966,0.408581909,0.409639427,0.411099792,0.411778081,0.412076425,0.413597192,0.414508244,0.415634376,0.416232773,0.416550104,0.417261306,0.418377024,0.418555113,0.420014132,0.420019615,0.421099299,0.420469927,0.422006842,0.421547144,0.42296438,0.422552796,0.423564079,0.424692446,0.424553599,0.425130956,0.425659995,0.426360993,0.426194657,0.426542254,0.4286319,0.428839207,0.428291176,0.43009285,0.430965167,0.43030084,0.430903606,0.431304441,0.43188229,0.430443288,0.43120747,0.433034749,0.432962488,0.433539724,0.433747644,0.432719232,0.433785175,0.434107794,0.434888395,0.435340338,0.434260845,0.435021423,0.43510836,0.435350568,0.437449833,0.436103789,0.436232554,0.436631888,0.435506429,0.438313275,0.436130506,0.438301133,0.435641645,0.438325063,0.438340657,0.437368944,0.438661886,0.439784743,0.436529541,0.439771758,0.436449012,0.440201419,0.438885648,0.437134515,0.43746545,0.431969601,0.43419479,0.431646792,0.428645057,0.335117222
M212,0.841504129,0.117063306,0.116718146,0.115672029,0.116251033,0.115832564,0.117093617,0.11741143,0.119200091,0.12119424,0.123504562,0.126577027,0.129622013,0.132784976,0.135700695,0.138632607,0.141411236,0.144270784,0.147031421,0.149624928,0.152463743,0.154952715,0.157575768,0.160327771,0.162867573,0.165195554,0.167932477,0.170229866,0.173013129,0.175566847,0.178403436,0.180913048,0.183589456,0.186375687,0.189282518,0.192081319,0.194909902,0.19760328,0.200451868,0.203265846,0.205899843,0.208378805,0.210893211,0.213484013,0.216099648,0.218404726,0.220953197,0.223289661,0.225582276,0.227884019,0.230427432,0.23292958,0.235218761,0.237297057,0.239603745,0.242339417,0.244886955,0.247180525,0.249353621,0.252127227,0.254648375,0.257123453,0.259664025,0.26224903,0.264393643,0.266738105,0.269132012,0.271112021,0.273007813,0.27449368,0.276622681,0.278073555,0.27970324,0.280886473,0.282386743,0.283497879,0.284954082,0.285920491,0.287326753,0.289085735,0.290709062,0.292733981,0.294861016,0.297203632,0.299688925,0.302184275,0.305158485,0.308040098,0.310696941,0.313371392,0.316250665,0.319196931,0.321589994,0.324404274,0.327494444,0.329847602,0.332376663,0.334812175,0.337183263,0.339309581,0.341448567,0.343387266,0.345020956,0.347579901,0.347948164,0.350987939,0.352354672,0.354547973,0.3559703,0.357884959,0.359521361,0.361447057,0.362586696,0.364496867,0.365782884,0.36733114,0.368892492,0.370528118,0.37139917,0.373031349,0.374180981,0.375405072,0.37716864,0.378218013,0.379470144,0.38067748,0.381994355,0.383166057,0.38478599,0.385476674,0.386043676,0.387658687,0.3887961,0.38997192,0.391040794,0.3914929,0.392558466,0.393863529,0.394393462,0.396048315,0.396417028,0.397641683,0.397367867,0.399175297,0.399040357,0.400583052,0.400432752,0.401643118,0.402904733,0.403195024,0.404055071,0.404821592,0.405664378,0.405758906,0.40633138,0.408505822,0.408971043,0.408494841,0.410468389,0.411480261,0.410966703,0.411604371,0.412189617,0.412800088,0.411556913,0.412255655,0.414009405,0.413986965,0.414477012,0.414604494,0.413541809,0.41440901,0.414640622,0.415523811,0.415826899,0.414727776,0.415168231,0.415000769,0.415082829,0.416850058,0.415280214,0.414836725,0.414490721,0.413050578,0.415614116,0.413011154,0.414453768,0.41146477,0.413311312,0.412640572,0.411167965,0.411788408,0.412118764,0.408374426,0.410752639,0.406927722,0.409557686,0.40746965,0.405177881,0.404430165,0.398578587,0.399543714,0.396377288,0.392582575,0.294421178
M213,0.857548509,0.188525871,0.185989237,0.184589818,0.183974466,0.182910572,0.183116119,0.183884668,0.184724994,0.186975015,0.190478405,0.193555105,0.197329852,0.201366161,0.205003551,0.208541717,0.211658903,0.214355571,0.217406396,0.220193149,0.222786814,0.22565157,0.228227486,0.23067116,0.233321225,0.235369006,0.237745388,0.239981288,0.242153249,0.244851197,0.247137243,0.24988895,0.252120043,0.254912594,0.25774617,0.260392085,0.263087861,0.265852463,0.268800073,0.270936891,0.273599403,0.275740066,0.278219945,0.280333563,0.282572043,0.284544081,0.286810563,0.288742936,0.290774393,0.292599934,0.294681244,0.296373048,0.29797513,0.299793831,0.301551811,0.30381149,0.305488839,0.307491259,0.309209162,0.311052598,0.312690366,0.314394178,0.316168054,0.317917592,0.319184858,0.32060514,0.321957426,0.322965973,0.324052551,0.324840935,0.325804225,0.326642922,0.327037019,0.327323737,0.327805173,0.327721299,0.32821393,0.328268406,0.328451301,0.329135346,0.330060176,0.331263281,0.332602517,0.334069166,0.335590692,0.336821251,0.338815005,0.340668531,0.342544985,0.344503111,0.34650199,0.348505777,0.350176265,0.352612078,0.354626772,0.356124097,0.358262814,0.360190193,0.362055036,0.363100412,0.365048051,0.366603675,0.36777222,0.36997226,0.37014896,0.372502802,0.373580905,0.374995248,0.376231616,0.377366124,0.379001023,0.380182117,0.381377363,0.382882142,0.384148596,0.384980733,0.38620753,0.387775266,0.388671991,0.389270856,0.390404456,0.391722542,0.392436452,0.393406089,0.394751508,0.395491443,0.396143219,0.397337311,0.398302547,0.398617208,0.399014716,0.400051214,0.40048937,0.401771608,0.401878495,0.40240928,0.403304403,0.40388737,0.40343766,0.405091808,0.405383809,0.405742529,0.405267994,0.4061027,0.405776354,0.406334283,0.407267728,0.407466055,0.407825212,0.407961816,0.408798857,0.408504738,0.409328379,0.409513332,0.410120867,0.409909166,0.410296943,0.411338847,0.412033263,0.411812931,0.411426678,0.412309923,0.413032687,0.413857186,0.412786216,0.412332016,0.414515263,0.413051533,0.414031401,0.414614749,0.414091405,0.413594228,0.414254838,0.4135583,0.414327771,0.413624772,0.414897955,0.415388812,0.413552874,0.416085326,0.41533637,0.415866427,0.413913165,0.41637231,0.416741405,0.415076695,0.41778617,0.415840956,0.415241643,0.415712251,0.41550174,0.417283445,0.414562204,0.416648292,0.415114136,0.412583055,0.411052959,0.415951904,0.414937678,0.409258324,0.411576448,0.414366502,0.412675807,0.411139601,0.331237535
M214,0.863875969,0.128208231,0.129512408,0.130302311,0.1312956,0.131692352,0.132726712,0.134124444,0.135598735,0.137962554,0.141112346,0.143881339,0.147113996,0.150423162,0.15343954,0.156419989,0.159279884,0.161739525,0.16463472,0.167361415,0.170073936,0.172960546,0.175718874,0.178358476,0.181190586,0.183571607,0.18632298,0.188930986,0.191503041,0.194422922,0.196973674,0.199777169,0.202190828,0.204949663,0.207694888,0.2102306,0.212741299,0.215265703,0.217950746,0.219954715,0.222386341,0.224333929,0.226573013,0.228438053,0.230404605,0.232122235,0.234117274,0.235825551,0.237621059,0.239273845,0.241093771,0.242623593,0.244040146,0.245651942,0.247171378,0.249239565,0.250799721,0.252646897,0.254266353,0.256188384,0.257900402,0.259667956,0.261550232,0.263395086,0.264879273,0.266459911,0.268023501,0.269222368,0.270495815,0.271520321,0.272680416,0.273777903,0.274512471,0.275165006,0.275935378,0.276284393,0.277064535,0.277508474,0.277996236,0.278866467,0.279965439,0.281292015,0.282688146,0.284249704,0.285754676,0.287080394,0.289020975,0.290855331,0.292649552,0.294493062,0.296336048,0.298167934,0.299391605,0.301430696,0.303387363,0.304628265,0.306504104,0.308122058,0.309633549,0.310570839,0.312089799,0.313174739,0.313703077,0.315698756,0.315687254,0.317508442,0.318452116,0.319586834,0.320575963,0.321447076,0.322688608,0.323581692,0.324346603,0.325537368,0.326472534,0.326982171,0.327912822,0.329044477,0.329766821,0.330051725,0.330950451,0.33193102,0.332540434,0.333291841,0.334435932,0.334956674,0.335551794,0.336525143,0.337350509,0.337516453,0.337845628,0.33865704,0.339084668,0.340213718,0.340381173,0.340935156,0.341797066,0.3424066,0.342214395,0.343734764,0.344102383,0.344476706,0.344242667,0.345021811,0.344929528,0.345494353,0.346441458,0.346759259,0.347294454,0.347608785,0.348520981,0.348322134,0.349238057,0.349420867,0.35001618,0.349945321,0.35043278,0.351428044,0.35208088,0.351960975,0.351690887,0.352442335,0.353040641,0.353767753,0.352819683,0.352379471,0.354262787,0.352918539,0.353699829,0.35401331,0.353465467,0.352957826,0.353508027,0.352720348,0.353367137,0.352495277,0.353473564,0.353674662,0.351995765,0.354058251,0.353073391,0.353144999,0.351092201,0.352971202,0.353009028,0.351284198,0.353058935,0.351006065,0.350135067,0.349940943,0.349245229,0.350161216,0.347286352,0.348540205,0.346837372,0.34396269,0.342127093,0.345394881,0.343920235,0.338392025,0.339381091,0.340739577,0.338408164,0.335778172,0.257548869
M215,0.85354854,0.189646296,0.184007236,0.182067926,0.181132656,0.181202689,0.180885584,0.181235852,0.18257815,0.184467707,0.187475792,0.191060323,0.194651716,0.198618007,0.202886701,0.206597987,0.209977717,0.213337976,0.21669373,0.219794583,0.223164092,0.225901682,0.229179876,0.23191329,0.234812639,0.237481391,0.240063696,0.242929256,0.245339048,0.24802136,0.250855187,0.25391404,0.256997078,0.260012665,0.263046358,0.266115233,0.269010449,0.271928383,0.274849013,0.278020926,0.280508422,0.283111018,0.285895696,0.288524142,0.291023948,0.293731324,0.295837613,0.298233255,0.300421209,0.302727703,0.304783396,0.307287996,0.309220236,0.311437986,0.313501465,0.31614432,0.318431462,0.32102089,0.322818385,0.325013894,0.327268232,0.329339013,0.331508739,0.333567334,0.335714664,0.337955403,0.33973933,0.34150334,0.343479139,0.345028265,0.346849624,0.348285922,0.350155376,0.351279034,0.352965817,0.354530702,0.356018911,0.357246072,0.358625103,0.359931653,0.361501374,0.363151424,0.364697969,0.366096178,0.367853768,0.369770369,0.371282126,0.373178083,0.375172146,0.376817535,0.379270179,0.380862769,0.382679713,0.384575379,0.386831,0.388397047,0.390428531,0.392032106,0.394007013,0.395358245,0.396994046,0.39791633,0.399262738,0.401733359,0.402035522,0.403659925,0.404661606,0.405937769,0.407402622,0.408328149,0.409405451,0.411291487,0.412342846,0.413703209,0.414331749,0.415752709,0.416745237,0.417946456,0.418633474,0.419789269,0.421208406,0.422231167,0.423220316,0.423840055,0.424900528,0.426489874,0.426719077,0.427526903,0.428634999,0.429206824,0.429859987,0.430451097,0.431109838,0.431990867,0.432212294,0.433108852,0.433437759,0.434346464,0.435013341,0.435235557,0.435720206,0.436240737,0.436995572,0.437054041,0.437995433,0.437601634,0.439058662,0.439504641,0.440342997,0.439684367,0.440706465,0.440619487,0.440496071,0.442084278,0.441605651,0.442991064,0.442255749,0.443721124,0.444584998,0.444627756,0.444371148,0.443966061,0.444789966,0.444255797,0.445023675,0.444709034,0.445649229,0.446151806,0.445643122,0.4465007,0.446286247,0.446164749,0.447350224,0.446862987,0.448081855,0.447612965,0.446715192,0.447663061,0.44843755,0.448895016,0.448368555,0.449335401,0.447561725,0.447464145,0.447897709,0.450328561,0.450039067,0.448217921,0.44810239,0.44879115,0.448969922,0.44657377,0.448734293,0.45146832,0.444964824,0.447882491,0.447055632,0.446296633,0.445507885,0.446696759,0.441976145,0.445063284,0.443202066,0.441417883,0.35104374
M216,0.852030017,0.146115616,0.144622696,0.144594666,0.144940066,0.145779904,0.146239617,0.147215855,0.149057682,0.151210069,0.154338167,0.157738555,0.161076458,0.164618357,0.168293225,0.171426888,0.174332815,0.177241378,0.180179363,0.182993439,0.18609772,0.188798423,0.191982117,0.194703504,0.19760579,0.200256534,0.202956728,0.20578754,0.208295461,0.210896487,0.213630792,0.216401729,0.2192293,0.22197226,0.224703542,0.227435937,0.229969804,0.232477749,0.234998197,0.237664753,0.239727518,0.241879357,0.244137821,0.246240605,0.248232765,0.250378771,0.25203921,0.253978795,0.25579127,0.257666528,0.259364642,0.26133044,0.26278042,0.26446954,0.266095225,0.268317497,0.270177833,0.272387231,0.274091914,0.276208607,0.278370817,0.280363655,0.282429909,0.284475916,0.286528287,0.288657674,0.290388292,0.292128652,0.293945024,0.295476111,0.297168083,0.298564304,0.300350488,0.301457306,0.30312513,0.304734435,0.306251831,0.307512736,0.308863557,0.310135258,0.311585483,0.313174442,0.314665772,0.316074088,0.317726527,0.319585066,0.321102121,0.322924608,0.324765381,0.326380336,0.328544609,0.330076743,0.331538253,0.333138955,0.335211508,0.336570655,0.33835838,0.339743654,0.341346423,0.342552314,0.343860741,0.344399812,0.345202901,0.347353765,0.347591536,0.349202731,0.350052829,0.351189118,0.352463718,0.353254302,0.354166677,0.355694809,0.356489929,0.357579252,0.358084354,0.359227764,0.360111328,0.361088883,0.361677325,0.362647602,0.363896464,0.364772972,0.365729042,0.36630555,0.367316213,0.36877668,0.369091875,0.369852543,0.371004152,0.371478867,0.372125852,0.372658763,0.37337466,0.374210594,0.374677078,0.375483257,0.37603618,0.376876567,0.377782355,0.37806174,0.378701634,0.379224569,0.380088868,0.380166063,0.381182956,0.381021775,0.382329359,0.382815817,0.383729751,0.383312885,0.384389214,0.384348156,0.384458727,0.385886835,0.385650446,0.386962618,0.386444666,0.387721006,0.388613366,0.38864771,0.388588208,0.388151429,0.389022125,0.388538093,0.389193144,0.388826506,0.389573943,0.389893279,0.3893366,0.38988897,0.38945525,0.38910981,0.389934976,0.389321995,0.390307715,0.389671473,0.388651088,0.389305782,0.389905185,0.390030385,0.389189848,0.389744227,0.387780794,0.387340851,0.387451094,0.389068538,0.388219298,0.386176775,0.385427329,0.38549906,0.385122658,0.382226523,0.383450923,0.385342126,0.379009454,0.380936545,0.379274852,0.378126822,0.376710153,0.376814477,0.372061387,0.373931658,0.371722323,0.369473818,0.285771505
M217,0.863151829,0.190109506,0.186745924,0.184789925,0.183818223,0.183390561,0.183892603,0.183772561,0.18469946,0.186911366,0.190335691,0.193407689,0.19642203,0.200254367,0.203897574,0.207395805,0.210050542,0.213244543,0.216095839,0.218765205,0.222218618,0.224675984,0.227704635,0.230600777,0.233704189,0.235813344,0.238488693,0.241150946,0.243652035,0.246484152,0.249098746,0.252063597,0.255017043,0.258192537,0.261105436,0.264010711,0.267015557,0.26977182,0.273109955,0.275846231,0.278756636,0.280974575,0.283898806,0.286390627,0.288982373,0.291291171,0.29395847,0.295956042,0.29788727,0.299977808,0.301959469,0.303958546,0.305685096,0.307471462,0.309393367,0.311516096,0.313677189,0.315747538,0.317197797,0.319208909,0.321479131,0.323355574,0.325609921,0.327525893,0.329362982,0.330994916,0.332950023,0.334576342,0.336481542,0.337916037,0.339439309,0.340885435,0.342481466,0.343869867,0.345340679,0.346525266,0.347875441,0.349160124,0.350552141,0.351629936,0.353186883,0.354393562,0.355911005,0.357574556,0.359334386,0.36102362,0.362560958,0.364488597,0.366534862,0.368236678,0.370486332,0.372506277,0.374453103,0.376511372,0.378543208,0.380224304,0.38239141,0.384126877,0.385879205,0.387341704,0.389101245,0.390814604,0.391994789,0.394359081,0.395356092,0.396355522,0.39768441,0.399169301,0.400385582,0.401931564,0.403187944,0.404436673,0.405619045,0.407153459,0.407923237,0.409452189,0.410705658,0.411464054,0.412761816,0.413447847,0.415508356,0.415432674,0.415973126,0.417805113,0.418301947,0.41931999,0.420173223,0.42167145,0.421536809,0.422072717,0.422680515,0.423240582,0.423958572,0.424042691,0.424226687,0.425183066,0.425488575,0.425520668,0.42719904,0.427464341,0.4280594,0.428600118,0.428424158,0.428508642,0.428457722,0.429171422,0.429583204,0.429996481,0.430968183,0.431486956,0.431360423,0.431357095,0.432575611,0.432848703,0.432444896,0.433940013,0.433199508,0.434802001,0.434257427,0.43425834,0.434140918,0.435426053,0.434776163,0.434295448,0.435129096,0.436647019,0.435885371,0.436382685,0.436103093,0.436941334,0.436782859,0.436836798,0.435962369,0.435379222,0.43665239,0.436242221,0.437955571,0.436394332,0.437561462,0.438028547,0.437614379,0.435788855,0.437321171,0.440674286,0.438054729,0.440444834,0.440560836,0.438936162,0.438960414,0.439825104,0.440156326,0.438017917,0.440527143,0.438217775,0.43742958,0.434996073,0.440256772,0.433483744,0.432575175,0.434234229,0.437295534,0.432521771,0.431138486,0.429217336,0.342711992
M218,0.848612946,0.118086472,0.118057432,0.118087713,0.118376711,0.118963406,0.120117291,0.120904219,0.122355393,0.124572895,0.127561442,0.130125411,0.132514751,0.135512154,0.138196299,0.140764365,0.142945769,0.145488447,0.14781147,0.150024658,0.152850568,0.155004515,0.157689382,0.160252126,0.162984895,0.164987759,0.167597767,0.170054159,0.172453247,0.174980164,0.177375002,0.179856866,0.182357335,0.185036704,0.187569439,0.190090288,0.192710271,0.195111375,0.197946401,0.200382911,0.202906017,0.204974522,0.20755825,0.209820766,0.212173225,0.214310049,0.216730612,0.218741913,0.220756565,0.222831754,0.224873556,0.226883758,0.228722192,0.23056561,0.232452573,0.234471301,0.236512398,0.238529173,0.240248303,0.242355804,0.244701016,0.246792152,0.249158266,0.251346946,0.253406202,0.25542183,0.257571456,0.259562214,0.261696892,0.263474722,0.265274251,0.266988559,0.268871419,0.270503993,0.272270329,0.273775543,0.275429669,0.277062121,0.278744253,0.280158634,0.281999663,0.283534156,0.285323268,0.287242532,0.289171698,0.291108365,0.292893955,0.294967278,0.297026625,0.298863193,0.301002467,0.302999741,0.304648753,0.306432997,0.30852694,0.310138726,0.312124607,0.313693954,0.315314701,0.316739321,0.318265004,0.319635637,0.320365666,0.322427436,0.323232254,0.32490534,0.325938135,0.327326861,0.32857384,0.329949951,0.331087655,0.332159615,0.333127309,0.334417454,0.335147626,0.336477283,0.33755229,0.338296234,0.339514106,0.340128433,0.341908411,0.34195023,0.342512006,0.344079447,0.344669268,0.345564194,0.346527029,0.347826995,0.347916754,0.348409049,0.349104205,0.349690062,0.350462704,0.35068834,0.351175604,0.352103385,0.352644884,0.352885747,0.354531658,0.354922903,0.355677104,0.356324667,0.356401814,0.356633021,0.356811733,0.357599787,0.358124052,0.358646652,0.359681416,0.360458832,0.36062419,0.36076143,0.362030266,0.362400698,0.362350442,0.363698669,0.36333461,0.364665833,0.364433318,0.364523964,0.364543299,0.36563386,0.365182334,0.364835969,0.365511935,0.366776081,0.366103631,0.366530693,0.366181937,0.366747534,0.366501208,0.366277168,0.365449408,0.364957337,0.36601671,0.365447387,0.366717502,0.365135696,0.365631598,0.365807136,0.365002227,0.362954221,0.363678715,0.365979446,0.363346428,0.364887073,0.364318619,0.362257047,0.361711353,0.361890911,0.361468652,0.358954634,0.360391223,0.357849486,0.356430089,0.353715515,0.35701839,0.350765484,0.349096987,0.349155757,0.3507879,0.34598112,0.343983365,0.341397984,0.256813821
M219,0.847529813,0.147862183,0.142963657,0.140394624,0.139247274,0.138419412,0.138164168,0.138274571,0.139635271,0.140539921,0.142420465,0.14510215,0.147816429,0.15063567,0.153772372,0.156575973,0.159344582,0.162716984,0.165220181,0.168111792,0.171488442,0.174596745,0.177429541,0.180459752,0.183343728,0.18612742,0.188912478,0.191747018,0.194617097,0.197728915,0.200630612,0.203533243,0.206779667,0.209985002,0.21291508,0.21643493,0.219408319,0.222272199,0.225730425,0.228786151,0.231835727,0.234492853,0.237475019,0.240362915,0.243067127,0.245878263,0.248618323,0.251169086,0.253848878,0.256404186,0.258924654,0.261405296,0.264089648,0.266757609,0.269498456,0.272237988,0.274931554,0.277192674,0.279726099,0.282448909,0.285043877,0.287755483,0.290362814,0.293035709,0.295537645,0.298304398,0.300867047,0.303116579,0.305735063,0.307631843,0.309897846,0.311759683,0.313775888,0.315276172,0.317244208,0.31897636,0.320770126,0.321893318,0.323655879,0.32514196,0.327338268,0.32915817,0.330969813,0.332950398,0.335391707,0.337623876,0.339863808,0.342042256,0.344702762,0.346893625,0.349366099,0.35187435,0.354077694,0.356343767,0.358934082,0.360925751,0.363236309,0.365543566,0.367469171,0.368871385,0.370978626,0.372648502,0.374110597,0.376506579,0.376313977,0.379564247,0.38017824,0.381979498,0.383525901,0.384660313,0.386355195,0.387872412,0.388242213,0.390002405,0.390864766,0.392344142,0.393279702,0.394621198,0.395144919,0.39636172,0.397319165,0.398937724,0.399473594,0.400857784,0.401162301,0.40167761,0.403278932,0.403670524,0.404582175,0.405228511,0.405655063,0.406473111,0.407347254,0.407596597,0.40855678,0.409475188,0.409612719,0.410763538,0.411080919,0.4117955,0.411399789,0.41170914,0.412485053,0.412795998,0.413718518,0.413777177,0.414548459,0.415030856,0.41533251,0.415827261,0.415909839,0.417149519,0.417411336,0.418064621,0.418062355,0.419547384,0.419547024,0.419611367,0.419839229,0.420343829,0.420822221,0.422450807,0.422658124,0.422860419,0.422882643,0.424749068,0.426075376,0.425838991,0.425869201,0.427605541,0.426231605,0.426794034,0.426701786,0.427293025,0.429035854,0.430001214,0.429947126,0.429583285,0.429326684,0.430605256,0.431298479,0.430592692,0.432873578,0.431221967,0.433669744,0.433736018,0.431883673,0.431968133,0.433748056,0.433039685,0.435469415,0.436233004,0.431854043,0.432778854,0.434608666,0.436252164,0.432896343,0.430888049,0.434748292,0.434145983,0.428197553,0.429272989,0.425452028,0.430715223,0.327014218
M220,0.842705786,0.109814935,0.109430318,0.109507077,0.10983622,0.110153706,0.110835638,0.111808516,0.1137657,0.115497816,0.117994925,0.121160766,0.124194863,0.127336246,0.130559494,0.133436719,0.136188298,0.139354778,0.141745929,0.144386317,0.147475487,0.150271663,0.152942985,0.155676038,0.158258206,0.160723117,0.163247541,0.16580726,0.168406244,0.171145147,0.173629705,0.176061265,0.178790215,0.181431596,0.18382159,0.18665516,0.188979152,0.191174925,0.193850062,0.196121679,0.198422937,0.200328172,0.202532558,0.204566642,0.206495071,0.208428996,0.210325659,0.212100192,0.213991775,0.215793703,0.217507843,0.219183607,0.221017794,0.222821127,0.224710624,0.226705259,0.228651115,0.230238822,0.232116759,0.234244397,0.236253535,0.23835899,0.240337118,0.242433226,0.244372148,0.246495773,0.248452018,0.250099583,0.252057282,0.253416642,0.255047655,0.256389892,0.257836892,0.258862369,0.260309282,0.261554761,0.262844893,0.26363316,0.264876239,0.265918245,0.267521629,0.268843607,0.270116351,0.271559995,0.273311442,0.275024357,0.276660444,0.278291538,0.280263596,0.281865471,0.283621412,0.285397566,0.286662608,0.288305772,0.290129904,0.291444386,0.292955521,0.29448136,0.29560892,0.296422763,0.29764945,0.298463974,0.298969938,0.300673185,0.299855325,0.302139407,0.302246252,0.30335889,0.304134231,0.304694321,0.305604703,0.306413595,0.306299464,0.307288762,0.30756174,0.30835626,0.308773526,0.309413576,0.309508068,0.310171078,0.310631776,0.311588672,0.311756941,0.31253329,0.312567686,0.312684914,0.313686878,0.313761051,0.314296634,0.314468108,0.314584554,0.315028543,0.315568193,0.315574551,0.316241917,0.316837935,0.316918134,0.317728075,0.317998125,0.318540247,0.318233141,0.318385737,0.31891154,0.319155478,0.319870543,0.319867815,0.320600004,0.321011323,0.321301703,0.321724832,0.321818488,0.322800431,0.322968594,0.323473112,0.323528215,0.324751892,0.324811212,0.324942578,0.325180672,0.325558597,0.325897914,0.327148163,0.32730241,0.327431206,0.327489927,0.328850136,0.329903253,0.329657622,0.329603459,0.330895687,0.329654588,0.330003844,0.329779334,0.33015233,0.331501867,0.332097406,0.332116116,0.331652012,0.331297143,0.332136405,0.332449178,0.331687403,0.333105339,0.331764174,0.333384974,0.333294405,0.33141696,0.331186755,0.332104286,0.331321506,0.332800136,0.33276484,0.329130184,0.329414917,0.330538994,0.331163602,0.328310808,0.326185214,0.328326911,0.32724173,0.322057446,0.322222749,0.318540265,0.321826499,0.241049152
M221,0.837596669,0.135109718,0.128521305,0.125542857,0.123821528,0.122825832,0.122618195,0.122576951,0.123144167,0.124328032,0.125397151,0.126934902,0.128703141,0.131114583,0.1332702,0.135567015,0.137576411,0.139931667,0.142304697,0.144657868,0.147335107,0.14961751,0.152426181,0.154869739,0.157662096,0.160069438,0.162951411,0.165496102,0.16830342,0.170893955,0.173802681,0.176558592,0.179808367,0.182930199,0.185945038,0.189196092,0.192393403,0.195707681,0.199018332,0.202222241,0.205579156,0.208774045,0.211996632,0.214996418,0.218229785,0.221295967,0.224567918,0.227488622,0.23041747,0.233485163,0.236783439,0.239764103,0.242859254,0.245770525,0.248854012,0.251937254,0.254978189,0.258060653,0.261076385,0.264261338,0.267232241,0.270428715,0.273573609,0.276815329,0.279823015,0.282831304,0.286000693,0.288764373,0.291641246,0.294477379,0.29731077,0.299926962,0.302523954,0.305200812,0.30789026,0.310519021,0.313037195,0.315682955,0.318422297,0.321127463,0.323636665,0.326379441,0.328923841,0.331842721,0.334300281,0.337363018,0.34006102,0.342849351,0.345672094,0.348656669,0.351392493,0.354126596,0.357086602,0.359542714,0.362692931,0.365347197,0.368271689,0.370860414,0.373540676,0.376169998,0.379080919,0.381160484,0.38364821,0.385885728,0.387346602,0.391636423,0.392936415,0.395477201,0.397681695,0.399650515,0.401990546,0.4042509,0.40637088,0.408634361,0.410687612,0.412832798,0.414648448,0.416871648,0.419251405,0.420780759,0.422651127,0.424769729,0.426803763,0.428315142,0.430374297,0.431756133,0.433572699,0.434867946,0.436857862,0.438647367,0.439849642,0.441408977,0.44338498,0.444733725,0.445581823,0.446686264,0.44788613,0.449973949,0.451014784,0.452197675,0.453122854,0.453748347,0.454933007,0.455766391,0.457284594,0.45713663,0.458679141,0.460053507,0.46060667,0.460667228,0.461474854,0.462718321,0.463326337,0.463340157,0.464456934,0.464724012,0.465210519,0.46588373,0.466555035,0.466167524,0.466666407,0.466526868,0.466420935,0.467286437,0.467513842,0.467809353,0.467023494,0.467965251,0.468070952,0.466718422,0.468227973,0.466937966,0.467170783,0.466818182,0.466848228,0.467414654,0.467587662,0.467582054,0.467892623,0.467220412,0.466779889,0.466468351,0.466688696,0.466464666,0.465602222,0.466289097,0.465659805,0.4635438,0.465426334,0.463174801,0.462645065,0.461608448,0.463063517,0.461517268,0.458355885,0.460896896,0.457527684,0.458193892,0.458805457,0.457297799,0.452686623,0.452465896,0.450555709,0.448464368,0.334266281
M222,0.840384116,0.124935106,0.123241804,0.123081065,0.123467525,0.1238052,0.124790863,0.125854556,0.127474482,0.1297794,0.131972565,0.134667363,0.137421875,0.140831659,0.143994295,0.147188649,0.150070006,0.153216948,0.156398793,0.159516308,0.163008276,0.166141541,0.169778654,0.173056675,0.176561064,0.179690463,0.18331686,0.18663457,0.190177315,0.19344395,0.196968865,0.200410078,0.20423883,0.207944844,0.21145138,0.215100702,0.218700353,0.222417574,0.226115296,0.229617361,0.23335677,0.236806669,0.240301234,0.243450607,0.24686698,0.250098365,0.253505463,0.256579278,0.259536345,0.262652112,0.265941936,0.268953616,0.272075699,0.2750545,0.278203767,0.281465737,0.284659471,0.287835438,0.290762978,0.294062855,0.297148157,0.30044295,0.303684184,0.307001644,0.310072807,0.313079889,0.316333526,0.319038546,0.321779471,0.324395939,0.327061455,0.329385785,0.331694528,0.334082432,0.336450144,0.338719486,0.34083071,0.342937161,0.345142142,0.347424902,0.349360705,0.351650588,0.35370377,0.356165829,0.358161808,0.360905563,0.363275587,0.365710078,0.368256109,0.370764485,0.373152075,0.375374447,0.377549405,0.379314943,0.382047035,0.383911361,0.38614865,0.387899013,0.389764391,0.391591074,0.393575757,0.394614119,0.395781188,0.39732116,0.398215584,0.400187961,0.401325351,0.402944166,0.404183913,0.405208847,0.406642236,0.407917668,0.40905276,0.410314353,0.411475162,0.412594992,0.413494878,0.414568663,0.416123562,0.416610294,0.417671695,0.418851625,0.42010561,0.420777616,0.422085958,0.422783581,0.423694363,0.424230716,0.425392482,0.426441221,0.42675474,0.427543111,0.42876684,0.429445972,0.429562762,0.430048054,0.43067738,0.432107524,0.432671535,0.433299622,0.433680667,0.433637814,0.434355032,0.434640003,0.435690472,0.434976646,0.436253573,0.437200388,0.43752658,0.437304005,0.437662767,0.438336757,0.438677473,0.438283607,0.439077221,0.439201181,0.439201065,0.439613051,0.439962647,0.439314069,0.439590982,0.439074196,0.438569932,0.439028954,0.439084162,0.439111087,0.438104296,0.438623727,0.43853563,0.436995983,0.438054954,0.436613815,0.436534732,0.435987144,0.435759838,0.436086272,0.435770001,0.435719009,0.435531255,0.435006651,0.434115092,0.433594017,0.433302656,0.433078063,0.431978798,0.432323845,0.431390244,0.429087823,0.430534003,0.427917312,0.427010177,0.42574854,0.426637692,0.424945041,0.421582513,0.42331614,0.419724261,0.419976004,0.420180913,0.418363285,0.412991001,0.41233258,0.410255442,0.407212813,0.301932973
M223,0.856679446,0.161610762,0.161068191,0.160673223,0.159527324,0.159896121,0.159403273,0.159962493,0.161228503,0.163569136,0.166570237,0.170292362,0.173940844,0.17801126,0.182150711,0.185592221,0.188964485,0.192260459,0.195802311,0.198928741,0.201877289,0.204756561,0.207618475,0.210428542,0.213187866,0.215510414,0.218039903,0.22062773,0.223409121,0.225812928,0.228571015,0.231497479,0.234526665,0.237522934,0.240235365,0.243191381,0.246152642,0.248847915,0.251851848,0.254555123,0.25739101,0.259800468,0.262353805,0.26478287,0.267251294,0.269453766,0.271874471,0.274113384,0.276154502,0.278219845,0.280298543,0.282258303,0.284270601,0.286234203,0.288295034,0.290487593,0.292699684,0.294694521,0.296149903,0.298481409,0.300494483,0.302383659,0.304253761,0.306043734,0.307899414,0.309378262,0.310841437,0.312138719,0.313604485,0.314689412,0.315759879,0.316650732,0.317497779,0.317943496,0.318945806,0.319173144,0.319627683,0.320363248,0.321140915,0.321954919,0.322904078,0.324359288,0.32557375,0.326960687,0.328304761,0.33023606,0.331974116,0.333933036,0.335912215,0.337849563,0.339704184,0.341642207,0.343523513,0.34553224,0.347637834,0.349499642,0.351274421,0.352936869,0.354746835,0.356114482,0.357758207,0.358713689,0.35989449,0.362362186,0.361917056,0.36307896,0.364286025,0.365605922,0.366762064,0.367867072,0.368952505,0.370134562,0.370615794,0.372490106,0.372961673,0.37394621,0.374912176,0.37587295,0.37679058,0.377684902,0.378528571,0.379729136,0.380748851,0.381537942,0.382788882,0.382822324,0.383358202,0.384608072,0.384702067,0.385341857,0.385423246,0.385993485,0.386550104,0.387704518,0.386823748,0.387786888,0.388141939,0.388794333,0.388735551,0.389390937,0.389199444,0.39025537,0.390728389,0.390011583,0.391132464,0.391226886,0.390977934,0.391853533,0.392448139,0.392635075,0.393025501,0.39327856,0.393196704,0.393311967,0.393902014,0.394234031,0.394865348,0.394919293,0.39463792,0.39575845,0.395621259,0.395637749,0.396178054,0.396167984,0.395753245,0.396765469,0.396476427,0.397050594,0.396723898,0.396124858,0.395898601,0.397314748,0.396947861,0.39641957,0.397805781,0.397958736,0.39768115,0.397206091,0.396765475,0.397729016,0.398367968,0.397623561,0.397260506,0.398415642,0.397175537,0.399970911,0.398526662,0.398517168,0.399861793,0.399273967,0.397835898,0.398499635,0.398972208,0.399752672,0.398212267,0.399135931,0.397843501,0.396567069,0.399890506,0.395005683,0.397017443,0.393166326,0.392647508,0.391397912,0.312551819
M224,0.848976941,0.143802364,0.145936952,0.147176323,0.147212208,0.148508168,0.148951082,0.150180406,0.15224145,0.15508105,0.158376934,0.162468521,0.166441481,0.170612358,0.174943453,0.178528364,0.1820365,0.185408556,0.188942237,0.192071734,0.195061678,0.198086367,0.201040424,0.203913525,0.206742976,0.209259666,0.211959814,0.214718332,0.21767672,0.220113663,0.222864935,0.225602761,0.228582878,0.231447393,0.234012472,0.236768112,0.239437811,0.241824073,0.244562675,0.24696188,0.249485862,0.251640761,0.253839276,0.255945799,0.258091594,0.259955813,0.262059055,0.264014587,0.265816038,0.267564793,0.269348148,0.270996025,0.272701392,0.274378217,0.276189381,0.278199347,0.280226042,0.282107217,0.283597393,0.285865794,0.287794454,0.289651093,0.291495427,0.293313838,0.295154958,0.296736359,0.298233892,0.299566432,0.300981061,0.302149513,0.30325048,0.304173885,0.305086703,0.305564951,0.306613509,0.306917997,0.307375524,0.308131337,0.308907464,0.309685587,0.310621542,0.312086368,0.313311217,0.314765657,0.316131811,0.318171071,0.319955851,0.321977529,0.323872521,0.325841259,0.327559566,0.329448965,0.331053773,0.332796537,0.33485923,0.336603744,0.338220961,0.339701391,0.341328882,0.342546576,0.343989279,0.344713303,0.34542378,0.347608229,0.346954977,0.348328226,0.349237265,0.350319553,0.351358468,0.352319456,0.353216866,0.354242224,0.354521686,0.356100529,0.356378066,0.357153805,0.357926563,0.358657373,0.359359701,0.360078515,0.360781751,0.361774333,0.362635567,0.363213984,0.364366329,0.364237156,0.364766529,0.365851776,0.365935017,0.366480615,0.366573765,0.367039633,0.367576087,0.368675028,0.367972955,0.368858465,0.369254926,0.369883945,0.37000467,0.370652055,0.37057716,0.371729015,0.372280303,0.371681208,0.372799568,0.373053389,0.372963716,0.373856882,0.374555763,0.374827181,0.375371832,0.375748417,0.375761327,0.375962657,0.376602358,0.377035672,0.377777139,0.377905418,0.377830795,0.37898976,0.378898593,0.378950587,0.379636208,0.379601727,0.379274808,0.380274213,0.37991013,0.380455325,0.38019321,0.379595531,0.379267446,0.380552326,0.38017917,0.379756766,0.381024775,0.381000545,0.380732339,0.380174515,0.379672526,0.380310256,0.380848962,0.379882516,0.379208989,0.380133815,0.378983173,0.381145502,0.379442068,0.379007883,0.37999479,0.379134603,0.377576466,0.377712432,0.37766245,0.377963332,0.376096257,0.376596617,0.374679455,0.372972319,0.375512151,0.370430367,0.371664752,0.36762805,0.366273713,0.364307697,0.285748512
M225,0.861382272,0.188384027,0.186880713,0.186166249,0.185968325,0.183957577,0.184502704,0.18355186,0.184912252,0.185917204,0.189093512,0.192649485,0.195929722,0.199619166,0.203974887,0.207074384,0.209940339,0.212855041,0.216309213,0.219138346,0.222354384,0.225266421,0.227658627,0.230593724,0.233414715,0.235630396,0.238101357,0.24048619,0.242774114,0.245524436,0.24791766,0.250782503,0.253681523,0.25661662,0.259229823,0.261962065,0.264514878,0.267115299,0.269997685,0.272778266,0.275024285,0.276908908,0.279206925,0.281279572,0.283518701,0.285401522,0.287211093,0.288930225,0.290768661,0.292513495,0.293963227,0.295744592,0.297274105,0.298716861,0.300519922,0.302734828,0.30464341,0.305860097,0.307515752,0.309335955,0.311023683,0.312954532,0.314637118,0.316125412,0.317814728,0.319377871,0.320886666,0.322056272,0.32372434,0.324779117,0.325962834,0.326996856,0.328304906,0.329086018,0.330248811,0.33127738,0.332220702,0.332998823,0.334020246,0.335115755,0.33607119,0.337250875,0.338503527,0.339478224,0.340835634,0.341907112,0.343587853,0.345053863,0.346817838,0.348355448,0.349968139,0.35183231,0.35356911,0.355000854,0.356955031,0.358222407,0.360289071,0.36123823,0.363259831,0.364087287,0.365579781,0.366868834,0.36783458,0.369999312,0.369717834,0.370373601,0.372005349,0.3726863,0.373556635,0.374615599,0.374994945,0.376508745,0.377215505,0.378768643,0.379510125,0.38018419,0.380556282,0.381562636,0.382985176,0.383117295,0.384287116,0.385559584,0.385890078,0.386241806,0.387620124,0.388270012,0.388356666,0.38899311,0.389910097,0.390725767,0.390540934,0.391607622,0.392100464,0.392747827,0.392188004,0.39281907,0.393091555,0.393873824,0.394513088,0.394829233,0.395307443,0.395982239,0.396040484,0.395370441,0.395641989,0.395724807,0.397258699,0.397115256,0.398045143,0.398706253,0.399034144,0.398326791,0.398879711,0.398483417,0.399817046,0.400569045,0.399459247,0.399999173,0.400333488,0.40111962,0.401567302,0.402138103,0.402294434,0.401327718,0.401365878,0.401946777,0.402086994,0.403555299,0.402394533,0.402377193,0.403269064,0.402328388,0.402637488,0.403322768,0.403572535,0.402457024,0.405222217,0.405371318,0.405508588,0.405066234,0.406388223,0.406507347,0.404164603,0.406100228,0.408567973,0.406542585,0.408634311,0.406232423,0.408527541,0.408312026,0.407457232,0.408503813,0.409417294,0.410755446,0.408949922,0.410653703,0.408868679,0.407419482,0.405384542,0.405149418,0.406633298,0.408390429,0.405850705,0.402575416,0.331192309
M226,0.842076048,0.12426549,0.125590492,0.126358525,0.12718108,0.126466327,0.127303606,0.127196658,0.128689642,0.130019078,0.1327879,0.135819347,0.138616179,0.141576281,0.145053612,0.147630969,0.150135352,0.152511921,0.155378531,0.157795134,0.160518724,0.163067168,0.165323818,0.167930908,0.170426181,0.17248514,0.174792616,0.177065625,0.179265138,0.181791885,0.184000326,0.186528286,0.189100046,0.191675292,0.194013546,0.196351971,0.19864173,0.200904337,0.203436339,0.205915294,0.208099049,0.210003474,0.212204709,0.21425294,0.21644095,0.218394869,0.220311655,0.222163659,0.224127422,0.226017335,0.227664288,0.229551308,0.231240902,0.232896077,0.234775245,0.236991039,0.238985824,0.240423205,0.242097811,0.244079913,0.246036202,0.248165664,0.250132813,0.251940508,0.253971208,0.255805684,0.257700906,0.259293054,0.261205961,0.262642667,0.264193308,0.265610223,0.26720785,0.268458302,0.270016659,0.271493827,0.272813659,0.274016078,0.275375551,0.276820064,0.278130499,0.279656308,0.281211508,0.282562601,0.284204832,0.28569961,0.287634068,0.289457691,0.29147313,0.293230048,0.295109972,0.297077348,0.298764606,0.300254897,0.302348756,0.303741314,0.305803275,0.306867181,0.308762661,0.309778517,0.311169499,0.312340671,0.312968051,0.315175937,0.31530767,0.315331894,0.317297927,0.318075769,0.319009978,0.320006336,0.320454941,0.321842546,0.322507378,0.32384303,0.32465679,0.325186558,0.325706736,0.326479281,0.327857125,0.327954869,0.329100623,0.330177146,0.330649989,0.331036225,0.332343127,0.333064982,0.333241947,0.33385364,0.334776791,0.335605714,0.33553147,0.336471874,0.337029442,0.33774104,0.337456484,0.338229305,0.338640321,0.339547902,0.340412871,0.340864093,0.341532416,0.342205361,0.342458269,0.342090959,0.342632811,0.342851163,0.344483305,0.344561483,0.345811468,0.346636979,0.347093051,0.346616655,0.34727685,0.347154493,0.348572864,0.349442442,0.348651588,0.349406596,0.349784154,0.350513041,0.351113037,0.351700391,0.351941527,0.351245866,0.351411453,0.351948688,0.352310849,0.353482833,0.352542372,0.352559072,0.353273066,0.352506248,0.35287977,0.35355314,0.353978702,0.352854156,0.355199142,0.355128318,0.355142018,0.35466628,0.355644448,0.355490962,0.353039129,0.354646178,0.356606162,0.354688301,0.356147431,0.353599239,0.355281473,0.354790948,0.353515933,0.354084103,0.354464201,0.355323571,0.35335242,0.354407307,0.352268551,0.350342351,0.348157821,0.347390242,0.347865039,0.348730272,0.345949317,0.342594272,0.265150353
M227,0.845430107,0.159869246,0.153834515,0.150099227,0.14715535,0.145707154,0.144340438,0.143738999,0.143125763,0.144377637,0.145251591,0.147850242,0.150346346,0.153218248,0.155999988,0.159014429,0.162368354,0.165496702,0.168460379,0.171680958,0.175260231,0.178342554,0.181688713,0.184674321,0.187888746,0.190930962,0.193965134,0.196855188,0.200039777,0.203058942,0.206576424,0.209973544,0.213403136,0.217102116,0.220562913,0.22384479,0.22752482,0.230734106,0.234467674,0.237747073,0.241130442,0.244379676,0.247821693,0.250895627,0.254054325,0.256945247,0.260164296,0.263033167,0.265696618,0.268442055,0.271174522,0.273885948,0.276665711,0.279682488,0.282308041,0.285460336,0.288396723,0.290870972,0.293463897,0.296420157,0.299197695,0.301973604,0.304839702,0.307863135,0.310588156,0.312713563,0.315682535,0.31773218,0.320238609,0.322347578,0.324619689,0.326496716,0.328799996,0.330353195,0.33260325,0.334355784,0.336190354,0.337809366,0.339712167,0.341302306,0.343413184,0.345386839,0.347208712,0.348885763,0.351352756,0.353704712,0.355691109,0.358013272,0.360613638,0.362660838,0.365203245,0.367757144,0.370253676,0.372752267,0.375298203,0.377182542,0.379592552,0.381821836,0.383470781,0.385416719,0.387356827,0.388548378,0.390624647,0.393409646,0.393167106,0.394355442,0.395893834,0.397755019,0.398617344,0.400112744,0.401293559,0.402936674,0.403631875,0.405553343,0.406719775,0.407673421,0.408827528,0.410095053,0.411407665,0.412533519,0.413470026,0.414946948,0.415431967,0.416565344,0.417681973,0.418530257,0.419298459,0.420046147,0.421122679,0.421522065,0.422014727,0.422515459,0.423074903,0.424647186,0.423904393,0.424608358,0.425583211,0.426438746,0.426102433,0.428034775,0.42748728,0.428874252,0.428524138,0.428496386,0.429268591,0.428871654,0.430140493,0.43048997,0.43008342,0.43160992,0.431284662,0.43111787,0.432239012,0.432431359,0.433098585,0.433155698,0.433734974,0.434959376,0.434385549,0.435800237,0.435540307,0.435098731,0.43583193,0.436972648,0.436016538,0.437335347,0.438312449,0.436880197,0.43834198,0.43720027,0.436849931,0.438869538,0.437906518,0.439444843,0.440835217,0.440386958,0.439521891,0.440404287,0.441453831,0.441864272,0.441274089,0.442362354,0.443873496,0.444062086,0.444568732,0.446962402,0.443228741,0.445416769,0.445463482,0.446540424,0.446995372,0.449828071,0.44729234,0.450307245,0.449856318,0.447638581,0.447283495,0.446930476,0.44690092,0.448581775,0.444244201,0.448218279,0.4474615,0.446479672,0.350615631
M228,0.852835136,0.111488453,0.111723533,0.111839632,0.111525043,0.111711613,0.11186609,0.112489637,0.113076111,0.115132621,0.116842653,0.119746789,0.122526215,0.125424584,0.128110735,0.130831708,0.133800109,0.136491465,0.13903472,0.141801766,0.144890837,0.147535562,0.150454018,0.152981289,0.155736713,0.15828857,0.160947015,0.163450697,0.166173314,0.168716224,0.171620405,0.17439701,0.17721351,0.180225249,0.183048291,0.185682195,0.188618839,0.19116065,0.194178499,0.196820698,0.199568745,0.202198325,0.204998935,0.20746205,0.210064704,0.212457959,0.215185842,0.21764878,0.219884458,0.222242245,0.224548579,0.22680657,0.229041826,0.231490875,0.233683806,0.236300478,0.238778645,0.240825978,0.242966914,0.245543018,0.247970625,0.250354086,0.25282237,0.255467684,0.257880173,0.259807231,0.262439519,0.264276711,0.266453116,0.268243158,0.270273727,0.271974236,0.274047091,0.275552213,0.277682838,0.2793222,0.281092824,0.282678237,0.284466987,0.285958861,0.28788551,0.289705351,0.291385725,0.292980827,0.29519812,0.297452402,0.299319406,0.301478198,0.303837295,0.305688145,0.307893021,0.310130971,0.312074805,0.314128301,0.316551086,0.318184076,0.320279722,0.322213496,0.323629377,0.325370573,0.327050904,0.327893698,0.329206597,0.331699477,0.331683878,0.332697264,0.334159698,0.335896275,0.336696235,0.338039509,0.339180678,0.340566638,0.341141752,0.342772993,0.343793288,0.344615694,0.34566191,0.34667253,0.347900664,0.348812625,0.349708685,0.350966691,0.351467987,0.352445646,0.353482704,0.354260176,0.355042677,0.355759199,0.35685687,0.357206655,0.357747138,0.358176383,0.358805178,0.360241779,0.359887303,0.360588647,0.361650073,0.362573685,0.362522863,0.36433654,0.364069009,0.365412333,0.365317232,0.365419821,0.366449585,0.366290181,0.367769811,0.368234959,0.368181306,0.369652014,0.369695761,0.369708003,0.370855682,0.371148281,0.372071454,0.372114865,0.372916585,0.37418229,0.373865581,0.375131903,0.375085541,0.374796312,0.375586651,0.376670837,0.375930999,0.377193104,0.377981633,0.376669194,0.377955096,0.376850132,0.376499482,0.378061121,0.377169721,0.378627267,0.379775499,0.379277804,0.378407388,0.37903129,0.379674223,0.379827584,0.379128483,0.379638419,0.380435568,0.380192636,0.380495258,0.382292484,0.378402916,0.379883539,0.379512413,0.379752357,0.37947453,0.381274651,0.37859568,0.380536139,0.379618125,0.376870833,0.375807604,0.374551818,0.373513776,0.373880053,0.369492402,0.371432367,0.36962458,0.367661131,0.275883534
M229,0.855332303,0.181199327,0.177006611,0.174524621,0.173163077,0.171729129,0.170447872,0.170126114,0.170288242,0.171858161,0.173907811,0.176504968,0.179608204,0.183517803,0.186512972,0.189955916,0.192686462,0.195897911,0.198266352,0.200966239,0.20391603,0.206675941,0.20964208,0.212050672,0.214721103,0.216575487,0.219003978,0.22135893,0.223949291,0.226394916,0.22885621,0.231695421,0.234615865,0.237354213,0.240262044,0.242839941,0.245541695,0.248048156,0.250818788,0.253559916,0.255774703,0.25813171,0.260417429,0.262688674,0.264991741,0.267075993,0.26936543,0.271084937,0.272986823,0.274796074,0.276709428,0.278470549,0.280020773,0.282062722,0.283962912,0.28586278,0.288031112,0.289555893,0.290799368,0.293311753,0.295210786,0.297408637,0.299235993,0.301291839,0.30292052,0.304732662,0.306596836,0.307921781,0.30963662,0.310482143,0.311972813,0.313072183,0.31460317,0.315446009,0.316658303,0.317528862,0.318604391,0.319450891,0.320504141,0.321736285,0.32308254,0.324222364,0.325770522,0.327085001,0.328496647,0.330262522,0.3317601,0.333661927,0.335801616,0.337524015,0.339744137,0.341564574,0.343763765,0.34585395,0.347946165,0.349168532,0.351374008,0.353138486,0.354773242,0.356125726,0.357544478,0.358732113,0.360276427,0.363102978,0.362124989,0.363762653,0.364568759,0.3660244,0.36702095,0.367789938,0.368942475,0.370286618,0.37066733,0.372298148,0.372782995,0.373957487,0.374860276,0.375634104,0.37673162,0.377565271,0.378445443,0.379370985,0.380438576,0.381404551,0.381897595,0.382794733,0.383572838,0.384342134,0.38488671,0.385256919,0.385902661,0.385897877,0.386479338,0.387407563,0.387676875,0.387904362,0.388426897,0.388669754,0.389598283,0.390304241,0.390322567,0.391392567,0.390945695,0.390836575,0.391640701,0.392274801,0.393260899,0.392764412,0.394177517,0.394243349,0.394202865,0.394935401,0.395068593,0.395387566,0.396297975,0.397804175,0.397516742,0.39882702,0.398735307,0.398939783,0.398957846,0.400367431,0.401288616,0.401329404,0.400903639,0.400973202,0.402088134,0.401373925,0.402838451,0.402354866,0.402575722,0.402796251,0.404313307,0.404288217,0.403998931,0.40429727,0.404405666,0.405887519,0.405452897,0.406684777,0.407373311,0.406758072,0.409169,0.407695131,0.40933072,0.409780592,0.411107431,0.411346906,0.413034312,0.412265296,0.414568329,0.415242072,0.415525237,0.416325125,0.413782623,0.419956151,0.417475857,0.415474638,0.419003968,0.418639601,0.419906935,0.413898468,0.418285445,0.415402074,0.337867427
M230,0.859813084,0.138439258,0.138800755,0.138821346,0.139326347,0.139220869,0.139232805,0.139963963,0.141031383,0.143284334,0.146010597,0.149153503,0.15264519,0.156663259,0.159990201,0.163586269,0.16661296,0.170053886,0.172752684,0.175723566,0.179008298,0.182093847,0.185397334,0.188170577,0.191189842,0.193488431,0.196322528,0.199135269,0.202075682,0.204867244,0.207581446,0.210671022,0.213800588,0.216703907,0.219783018,0.222489907,0.225291578,0.227883232,0.230790449,0.233613475,0.236049301,0.23856302,0.240960355,0.243320118,0.245685182,0.247895844,0.250263252,0.252144948,0.254173749,0.256097756,0.25810022,0.25991589,0.261604383,0.263785065,0.265801513,0.267860382,0.270141145,0.271846813,0.27321816,0.27580532,0.277905929,0.280280244,0.282309449,0.284529147,0.28640333,0.288451352,0.290529537,0.292060171,0.293929942,0.294952857,0.296593508,0.297838983,0.299486682,0.30051873,0.30190231,0.302962115,0.304165219,0.305091637,0.306253216,0.307609081,0.309038644,0.310290107,0.311915202,0.313408368,0.314970892,0.316961135,0.318640013,0.320693493,0.322944309,0.324728281,0.326982944,0.328804921,0.330703887,0.332651372,0.334812505,0.335956703,0.338012134,0.339606543,0.341021553,0.342279903,0.343416557,0.344277178,0.345158276,0.347821524,0.346872665,0.347973269,0.348851833,0.350118956,0.350914937,0.351508864,0.352437943,0.353527753,0.353622883,0.35499261,0.355284497,0.356103731,0.356812836,0.357300614,0.358128384,0.358664128,0.359335706,0.360012692,0.360886162,0.361643736,0.361961017,0.362666263,0.363253749,0.363852593,0.364230787,0.364400953,0.364891897,0.36471417,0.365159405,0.365945165,0.366149469,0.366317043,0.366746808,0.367025342,0.367877447,0.368483272,0.368426152,0.369361713,0.368967304,0.368802776,0.369537499,0.370079518,0.371128474,0.370642966,0.372081637,0.372206778,0.372070357,0.372763222,0.372867631,0.373157771,0.374018218,0.375394167,0.375089419,0.376340398,0.376296405,0.376435141,0.376509785,0.377685949,0.378505592,0.378526688,0.378118848,0.378096043,0.379094628,0.378203803,0.379554378,0.378914515,0.378941518,0.378988677,0.380358627,0.380295823,0.379902317,0.380013748,0.379756124,0.380995948,0.380270419,0.381252643,0.38159434,0.380715428,0.382488774,0.380834838,0.382152464,0.382143458,0.382971868,0.382674797,0.383804396,0.382444804,0.384070702,0.384184753,0.383851616,0.384003362,0.381146585,0.386084617,0.383209763,0.380526823,0.382937206,0.381778088,0.381862455,0.375590232,0.378893119,0.374872341,0.291164516
M231,0.853797658,0.138439258,0.138800755,0.138821346,0.139326347,0.139220869,0.139232805,0.139963963,0.141031383,0.143284334,0.146010597,0.149153503,0.15264519,0.156663259,0.159990201,0.163586269,0.16661296,0.170053886,0.172752684,0.175723566,0.179008298,0.182093847,0.185397334,0.188170577,0.191189842,0.193488431,0.196322528,0.199135269,0.202075682,0.204867244,0.207581446,0.210671022,0.213800588,0.216703907,0.219783018,0.222489907,0.225291578,0.227883232,0.230790449,0.233613475,0.236049301,0.23856302,0.240960355,0.243320118,0.245685182,0.247895844,0.250263252,0.252144948,0.254173749,0.256097756,0.25810022,0.25991589,0.261604383,0.263785065,0.265801513,0.267860382,0.270141145,0.271846813,0.27321816,0.27580532,0.277905929,0.280280244,0.282309449,0.284529147,0.28640333,0.288451352,0.290529537,0.292060171,0.293929942,0.294952857,0.296593508,0.297838983,0.299486682,0.30051873,0.30190231,0.302962115,0.304165219,0.305091637,0.306253216,0.307609081,0.309038644,0.310290107,0.311915202,0.313408368,0.314970892,0.316961135,0.318640013,0.320693493,0.322944309,0.324728281,0.326982944,0.328804921,0.330703887,0.332651372,0.334812505,0.335956703,0.338012134,0.339606543,0.341021553,0.342279903,0.343416557,0.344277178,0.345158276,0.347821524,0.346872665,0.347973269,0.348851833,0.350118956,0.350914937,0.351508864,0.352437943,0.353527753,0.353622883,0.35499261,0.355284497,0.356103731,0.356812836,0.357300614,0.358128384,0.358664128,0.359335706,0.360012692,0.360886162,0.361643736,0.361961017,0.362666263,0.363253749,0.363852593,0.364230787,0.364400953,0.364891897,0.36471417,0.365159405,0.365945165,0.366149469,0.366317043,0.366746808,0.367025342,0.367877447,0.368483272,0.368426152,0.369361713,0.368967304,0.368802776,0.369537499,0.370079518,0.371128474,0.370642966,0.372081637,0.372206778,0.372070357,0.372763222,0.372867631,0.373157771,0.374018218,0.375394167,0.375089419,0.376340398,0.376296405,0.376435141,0.376509785,0.377685949,0.378505592,0.378526688,0.378118848,0.378096043,0.379094628,0.378203803,0.379554378,0.378914515,0.378941518,0.378988677,0.380358627,0.380295823,0.379902317,0.380013748,0.379756124,0.380995948,0.380270419,0.381252643,0.38159434,0.380715428,0.382488774,0.380834838,0.382152464,0.382143458,0.382971868,0.382674797,0.383804396,0.382444804,0.384070702,0.384184753,0.383851616,0.384003362,0.381146585,0.386084617,0.383209763,0.380526823,0.382937206,0.381778088,0.381862455,0.375590232,0.378893119,0.374872341,0.291164516
M232,0.859813084,0.100711542,0.101371342,0.101142089,0.102007899,0.102397893,0.102225114,0.1025923,0.103796826,0.105406213,0.107241888,0.109474558,0.112421576,0.115127115,0.117927282,0.12062473,0.123074195,0.125461092,0.128139157,0.130565667,0.133138276,0.135343133,0.138009875,0.140432106,0.142854456,0.144925987,0.147070717,0.149545106,0.151807481,0.154078739,0.156552056,0.159089645,0.161614334,0.164215154,0.166517833,0.16886578,0.171030284,0.173170678,0.175571966,0.177770842,0.17999466,0.181984116,0.184234006,0.18629875,0.188522108,0.190341984,0.192454398,0.19435472,0.196185703,0.19812431,0.19983378,0.201679415,0.203580046,0.205420581,0.207231749,0.209481212,0.211481729,0.213319233,0.21464294,0.216805602,0.218951996,0.220938661,0.22291473,0.224931131,0.226948083,0.228624381,0.230684487,0.232094863,0.233760499,0.235086968,0.236752857,0.237953305,0.23950873,0.240823384,0.24254793,0.243748856,0.245253516,0.246491576,0.247610787,0.248979232,0.250755453,0.252021793,0.253439947,0.254888976,0.256621256,0.258263521,0.260150685,0.26195596,0.263907247,0.265667321,0.26760086,0.26937579,0.270831561,0.272837286,0.274688595,0.276081025,0.277718408,0.279154759,0.280629487,0.281924342,0.283194004,0.283691563,0.284902195,0.287180309,0.286572999,0.287028865,0.28830209,0.289345187,0.290033387,0.291248351,0.291747616,0.292867368,0.293223905,0.294585393,0.295137308,0.296033474,0.296945139,0.29694326,0.297994997,0.298747898,0.299326194,0.299879525,0.300897467,0.301402371,0.302406707,0.302940111,0.303334884,0.304152537,0.30441853,0.304805813,0.305069277,0.305223136,0.305976474,0.306964736,0.306470559,0.306993774,0.307270492,0.30842141,0.308415058,0.308782681,0.309127775,0.310387,0.310044778,0.310388127,0.310981598,0.311309977,0.312123928,0.312320824,0.313389605,0.313203019,0.313756676,0.314180019,0.314939319,0.315147588,0.315640347,0.315837273,0.316327253,0.317278592,0.317890133,0.317920271,0.318788389,0.318604739,0.319135775,0.318932374,0.319431222,0.320278444,0.319823195,0.320049401,0.320898709,0.321443394,0.321165481,0.320990747,0.321889435,0.321429043,0.322414506,0.322176779,0.323271825,0.32251882,0.323429887,0.322185807,0.323961859,0.324775551,0.323959517,0.324566386,0.325275988,0.324987701,0.325288953,0.327251679,0.325089361,0.326401746,0.32440314,0.327014022,0.326408414,0.326103428,0.327111702,0.326823859,0.324096513,0.325630664,0.322777855,0.325718265,0.32552048,0.325256598,0.32158897,0.317790543,0.24058447
M233,0.853597235,0.153812522,0.149478609,0.147016169,0.144613151,0.143389296,0.142375024,0.141411467,0.141023499,0.141835339,0.143756525,0.145768007,0.14884222,0.151760399,0.1549877,0.158201295,0.160947335,0.16409304,0.16699058,0.169748049,0.17275041,0.175599741,0.178630785,0.181457096,0.184240765,0.186630647,0.189237991,0.191816541,0.194379415,0.197511947,0.200194839,0.203031298,0.206379078,0.209564651,0.212437073,0.215497813,0.218532248,0.221338198,0.224470933,0.227549012,0.230378562,0.23337224,0.236079298,0.238793111,0.241699212,0.24423939,0.246740058,0.249103252,0.251419976,0.25383345,0.256196564,0.258558708,0.260839777,0.263358884,0.265691177,0.268763355,0.271336596,0.273525644,0.275401469,0.278136785,0.280826173,0.283300178,0.286084198,0.288711697,0.291135187,0.2934954,0.295781766,0.297672088,0.300067295,0.301787157,0.303952959,0.305684532,0.307606124,0.309212229,0.311509802,0.312750596,0.314477935,0.31609385,0.31757685,0.31922788,0.320816073,0.3224068,0.324007506,0.325833063,0.32730639,0.329391344,0.331231897,0.333199796,0.33589466,0.337916102,0.339972826,0.34231906,0.344523978,0.347069194,0.349148254,0.350810735,0.352883399,0.354577771,0.356557729,0.357684889,0.359336011,0.360754961,0.3622483,0.364800514,0.363722824,0.364762645,0.366200177,0.367220695,0.368077524,0.368997798,0.369999669,0.371130672,0.37201963,0.373496263,0.37381506,0.375106885,0.375900883,0.376461011,0.377384433,0.378511765,0.379206138,0.379948368,0.381218738,0.381495978,0.382283512,0.382963867,0.383931993,0.384526437,0.384770637,0.385433314,0.385732117,0.386101764,0.386327822,0.387653301,0.386938245,0.387515242,0.387828472,0.388541074,0.388467761,0.389616487,0.389365833,0.390165786,0.390289355,0.389905576,0.390382341,0.390717255,0.390643344,0.392635609,0.391855868,0.392579232,0.39409824,0.39267683,0.393538186,0.394716318,0.394225903,0.395504642,0.396060297,0.397154359,0.396739108,0.396770673,0.397783159,0.397563384,0.398287167,0.398049443,0.398691456,0.399868066,0.399344665,0.399875253,0.401005855,0.400321423,0.400191675,0.40190155,0.401427088,0.401119369,0.402459049,0.40252829,0.402282594,0.403535576,0.404922998,0.403703202,0.403965937,0.405543246,0.407684407,0.408681883,0.407325367,0.407515713,0.408519157,0.411642141,0.409631145,0.412243987,0.414153795,0.414569264,0.414767531,0.415130764,0.41255445,0.41309854,0.415633171,0.413110237,0.416329431,0.415383238,0.415908072,0.416925111,0.413543433,0.4180084,0.330980446
M234,0.841692255,0.101793874,0.103433098,0.104382597,0.104369683,0.1046334,0.104806855,0.104940794,0.105406072,0.106896139,0.109173588,0.111405887,0.114246081,0.116858625,0.119595464,0.122165533,0.124378942,0.126848373,0.129148302,0.131372353,0.133819503,0.136160492,0.138643628,0.140985622,0.143254158,0.14512802,0.147215371,0.149351033,0.151351803,0.153836912,0.155825187,0.158002475,0.160395572,0.162668043,0.164680898,0.166611109,0.168544448,0.170263023,0.172169335,0.1740361,0.175739132,0.17747913,0.17896393,0.180426729,0.18199241,0.183334402,0.1846052,0.185822999,0.186885721,0.188082406,0.189191882,0.190339898,0.191336002,0.192593743,0.193743839,0.195515265,0.196913958,0.198033963,0.198813138,0.200442192,0.202088898,0.203615587,0.20534304,0.2069561,0.20848649,0.20990449,0.21137737,0.212514346,0.213979547,0.214973296,0.216322942,0.217407566,0.218617794,0.219666065,0.221248881,0.222059293,0.223219559,0.22435933,0.225348599,0.226544136,0.227581087,0.228674096,0.229753384,0.230946534,0.231889459,0.233311687,0.234532703,0.235838823,0.237688639,0.238927828,0.240287394,0.241748258,0.242943321,0.244406715,0.245768231,0.246658865,0.247922285,0.248830159,0.249957569,0.250610042,0.251462439,0.252139248,0.252611946,0.254331433,0.253766436,0.253157048,0.254647373,0.255184882,0.255612392,0.255999031,0.256527238,0.257022361,0.257423068,0.258121139,0.258247834,0.258811911,0.259256763,0.259225913,0.259720091,0.260247653,0.260627611,0.260884273,0.261698471,0.261702693,0.262198514,0.262569831,0.2630926,0.26338534,0.263394744,0.263748758,0.263825299,0.263936495,0.264089484,0.264912632,0.264454016,0.264861446,0.265119791,0.265619314,0.265694494,0.266485546,0.266478242,0.266979658,0.267210121,0.266913329,0.26743585,0.267691686,0.267919997,0.2693123,0.269198819,0.269840107,0.270940071,0.270043366,0.27075553,0.271671527,0.27149889,0.272540913,0.272940791,0.273908757,0.273695457,0.273668962,0.274551936,0.274419191,0.274867008,0.274634047,0.275252992,0.276009137,0.275877084,0.276040107,0.27697448,0.276389853,0.276226847,0.277391412,0.277123397,0.276735058,0.277816713,0.27774214,0.277438243,0.278335014,0.278991041,0.278077173,0.278137078,0.27903025,0.280229032,0.280855587,0.279686849,0.279675622,0.280016822,0.281837707,0.280304925,0.281427394,0.282438785,0.282256035,0.281999582,0.281908447,0.279878504,0.279719387,0.281283948,0.278853442,0.280531836,0.27927959,0.278931116,0.278908316,0.276313743,0.278113964,0.216752256
M235,0.843087362,0.145907868,0.140532697,0.13701492,0.135446229,0.133821987,0.132093789,0.131316486,0.130746733,0.131118256,0.132132854,0.133997393,0.135638664,0.138365297,0.141067141,0.143400089,0.146063716,0.148486438,0.150955598,0.153493573,0.156211729,0.158886644,0.161394627,0.163853607,0.166508803,0.168678267,0.171223153,0.173484962,0.175746072,0.178564305,0.181033871,0.183738256,0.186489243,0.189357432,0.191966995,0.194674017,0.197398172,0.200048847,0.20275067,0.205503945,0.208152964,0.210565998,0.213300398,0.215804329,0.218421904,0.220741818,0.223381242,0.225678301,0.227753143,0.230043017,0.232193654,0.234525535,0.236921958,0.239089947,0.241406133,0.244044693,0.246466619,0.248475178,0.250159632,0.252899736,0.255283264,0.257683049,0.260100304,0.262399983,0.264915424,0.267119098,0.269360556,0.271223528,0.27366967,0.275289836,0.277459767,0.279315181,0.28115987,0.283175795,0.285170353,0.286889086,0.288870003,0.290729012,0.292172496,0.294173935,0.29620141,0.297718654,0.299597695,0.301386502,0.303183992,0.30502165,0.307037799,0.30907349,0.311086984,0.313241215,0.315562448,0.317592216,0.319785399,0.32232921,0.324391359,0.326308843,0.328674898,0.330251477,0.332468107,0.333780465,0.335638347,0.337014125,0.338862719,0.341608549,0.341156592,0.342364903,0.343733064,0.345345002,0.346373176,0.347519845,0.348856801,0.349896064,0.351222132,0.353043126,0.353581006,0.354830089,0.356105029,0.357101768,0.358698404,0.35981478,0.360437529,0.361597229,0.36261191,0.363279658,0.364739342,0.365585412,0.366489401,0.367623433,0.368480433,0.368560599,0.369479297,0.369916336,0.370718353,0.371806503,0.371449176,0.372194558,0.37295192,0.373524843,0.374617209,0.375859281,0.375724364,0.376808136,0.376680322,0.37745424,0.377275145,0.37763772,0.378889796,0.379944117,0.379773706,0.380610972,0.381812224,0.382062171,0.38221438,0.382619015,0.384079252,0.383885086,0.384670292,0.385782594,0.385852747,0.386146243,0.387180844,0.38745326,0.38813861,0.388324565,0.388208454,0.389326918,0.389251512,0.389975251,0.391184133,0.39100864,0.391144974,0.392811035,0.392944516,0.392900019,0.393037881,0.393679066,0.394040207,0.395919422,0.396287041,0.396015261,0.397734226,0.39811034,0.398810246,0.39900191,0.398990417,0.400519456,0.400546452,0.401869848,0.402215877,0.403559696,0.404208933,0.404019016,0.403348438,0.406605549,0.404193091,0.408075981,0.405766111,0.407605166,0.405356207,0.409814239,0.40537821,0.406324311,0.410699773,0.409457976,0.321612211
M236,0.852559205,0.10798929,0.107142954,0.106419841,0.10659292,0.106405201,0.10586505,0.105977686,0.106346764,0.107419032,0.109004751,0.111215541,0.113104769,0.115810679,0.118356135,0.120552922,0.123021193,0.125243108,0.127500044,0.12978314,0.132250785,0.134715382,0.137073772,0.139354964,0.141754078,0.143852124,0.146204998,0.148370639,0.150560606,0.153196452,0.155491536,0.15804414,0.160542873,0.163134231,0.165533082,0.167915731,0.170328455,0.172635112,0.175011302,0.177405952,0.179790682,0.181932586,0.18434151,0.186541192,0.188846718,0.190966966,0.193342973,0.195454078,0.197370838,0.199452875,0.201420618,0.203586892,0.205802814,0.207875924,0.210030708,0.212513095,0.214861878,0.216780563,0.218330288,0.220930158,0.223271824,0.225656454,0.228090192,0.230383313,0.232935138,0.235159103,0.237466862,0.239444507,0.241922695,0.243686029,0.245964846,0.247995584,0.249991445,0.252179845,0.254412869,0.256407389,0.258561926,0.260598092,0.262257535,0.264463663,0.266586298,0.268336847,0.270358177,0.272323668,0.274263181,0.276337383,0.278454366,0.280593888,0.282792946,0.284966279,0.287335965,0.289320368,0.291299162,0.293680438,0.295792101,0.297619362,0.29985987,0.30136937,0.303424578,0.304814155,0.306465948,0.307687029,0.309076109,0.311870315,0.311910279,0.312092748,0.31405546,0.315687917,0.31673784,0.317895663,0.31921513,0.320212568,0.321528141,0.323187337,0.323883773,0.325004859,0.326365473,0.327230244,0.328780828,0.3298097,0.330563271,0.331720586,0.332838223,0.333550794,0.335132019,0.336089648,0.337003877,0.33812931,0.338994294,0.339165711,0.340129502,0.3406018,0.341466831,0.342585812,0.342338202,0.343275542,0.344191517,0.344760354,0.346041153,0.347257031,0.34734501,0.348414576,0.348517066,0.34925095,0.349414784,0.349764935,0.351279904,0.352388701,0.35261444,0.35364549,0.35480131,0.35517972,0.355441655,0.355971019,0.357508489,0.35750659,0.358268719,0.359554155,0.359750313,0.360042623,0.361132014,0.361480589,0.362096586,0.362330862,0.36228847,0.363347662,0.363487437,0.363974133,0.365167545,0.364930926,0.364976369,0.366470228,0.366571026,0.366497073,0.366547046,0.367001174,0.367258355,0.368932577,0.369086055,0.368867229,0.370142116,0.370327171,0.370671552,0.370816364,0.370623857,0.371843529,0.371566552,0.372310139,0.372427546,0.372987636,0.373325771,0.372596724,0.371464331,0.373998878,0.371360043,0.374410584,0.371738768,0.373066643,0.370205917,0.373676521,0.368884983,0.368814821,0.372463859,0.370112694,0.277958534
M237,0.847621844,0.14366231,0.139125467,0.136399503,0.134016317,0.133697604,0.133339028,0.132768436,0.133573942,0.134657583,0.135901781,0.138076892,0.140109721,0.142533409,0.144793073,0.147587756,0.149998527,0.152505653,0.155222316,0.157823461,0.16075955,0.16324625,0.166251077,0.168868067,0.171718479,0.174171502,0.177153773,0.179775389,0.182562473,0.185252571,0.188121327,0.191111088,0.193891284,0.197069648,0.199914293,0.202816347,0.205608523,0.208668582,0.211841402,0.2147873,0.217627949,0.22040055,0.223329461,0.2259491,0.228940671,0.231666432,0.234339296,0.23692084,0.239529077,0.242211324,0.244713088,0.247181726,0.250062924,0.252548994,0.255050349,0.25793493,0.260630158,0.263103677,0.265456231,0.268268545,0.270582155,0.273382485,0.276076852,0.278616831,0.281241073,0.283759384,0.286221144,0.288283761,0.290683508,0.292749106,0.294943079,0.296828342,0.298924914,0.300696577,0.302414636,0.304204542,0.305874084,0.307588431,0.309157304,0.310989138,0.313102457,0.315075325,0.317296045,0.319491222,0.321662299,0.324000796,0.326416247,0.328627808,0.33132207,0.333769055,0.336126414,0.338625275,0.341003319,0.343368468,0.34617307,0.348373849,0.351031671,0.353068848,0.355119571,0.357144554,0.358854892,0.361035866,0.362741862,0.364562013,0.365614721,0.368027609,0.369508907,0.371070818,0.372386882,0.374293616,0.375915971,0.377174636,0.37828802,0.380645156,0.381800149,0.382861395,0.384429003,0.385767173,0.386975359,0.388207351,0.38911712,0.390649254,0.391650263,0.39325388,0.394271738,0.395081745,0.396420254,0.397685587,0.398714312,0.398946955,0.400108891,0.400437946,0.401614011,0.402166127,0.402967303,0.404269101,0.404389644,0.40578764,0.406203356,0.407120981,0.407354713,0.408526308,0.409004888,0.409783674,0.409676016,0.410181279,0.41124335,0.411476296,0.412026182,0.412087293,0.412754835,0.413452798,0.413296801,0.414372835,0.415054588,0.414815499,0.415211296,0.416206476,0.416769912,0.41649974,0.417477051,0.418290093,0.417254357,0.418060132,0.418494801,0.419382447,0.418317408,0.418272107,0.419228405,0.419657987,0.418954321,0.418315457,0.418906925,0.420063026,0.420756726,0.419883092,0.418651633,0.421216898,0.421673918,0.421431496,0.42037467,0.420691197,0.421365107,0.420519552,0.420351282,0.418670385,0.42089911,0.41858275,0.421298253,0.421429924,0.420864074,0.417957829,0.419081428,0.415982229,0.418946849,0.415640333,0.41386095,0.417821838,0.41617857,0.409573776,0.411034051,0.41229516,0.410005319,0.407022596,0.310389602
M238,0.835830212,0.084382358,0.083696768,0.083410093,0.083082253,0.083434129,0.083957138,0.084138563,0.08529085,0.086542449,0.087983755,0.089953601,0.091877304,0.093895752,0.095828883,0.097953604,0.099918875,0.101835143,0.103908921,0.105891676,0.108117243,0.110043304,0.11233675,0.114352653,0.116490682,0.118353787,0.120610871,0.122634525,0.124795257,0.126879308,0.129099268,0.131400965,0.133607936,0.136121163,0.138368698,0.140635224,0.142867154,0.14525541,0.147764452,0.150138104,0.152542606,0.154843212,0.15732229,0.159560754,0.162089902,0.164486984,0.166881662,0.169256492,0.171599066,0.174044633,0.176297516,0.178540903,0.181041065,0.183261292,0.185530958,0.18813144,0.190598281,0.192877528,0.194982626,0.197580018,0.199809013,0.202420814,0.204941274,0.207330893,0.209826535,0.212164591,0.214588025,0.216602893,0.218907991,0.220934268,0.223133832,0.225099447,0.227244391,0.229230419,0.231192307,0.233191683,0.235102161,0.237050333,0.238851719,0.240858712,0.243055361,0.245157321,0.247451034,0.249656497,0.251893722,0.254268109,0.256718381,0.259034063,0.261732276,0.264135991,0.266540348,0.268968642,0.271183434,0.273478396,0.276300243,0.27845407,0.281051916,0.28307324,0.285092813,0.287194802,0.28898651,0.29101426,0.29252037,0.294547939,0.296172303,0.297734063,0.299794272,0.301477619,0.303004514,0.304899073,0.306692449,0.308105628,0.309415916,0.31165664,0.313125955,0.314212915,0.315980051,0.317201788,0.318702197,0.3199459,0.321160977,0.32263404,0.323934837,0.325578903,0.326855482,0.327904606,0.329360714,0.330787104,0.332030274,0.332613469,0.333860698,0.334517377,0.335828534,0.336725474,0.337756403,0.339219118,0.339739355,0.341287738,0.342103488,0.343277939,0.343853681,0.34522602,0.346090627,0.347152006,0.347501358,0.348281138,0.349796575,0.350376016,0.351437548,0.351915981,0.352890832,0.35383087,0.354019204,0.355280819,0.356250985,0.356490032,0.357136607,0.358396353,0.359127757,0.359089643,0.360253008,0.361227631,0.360507903,0.361438372,0.361984834,0.363026707,0.36239801,0.362420891,0.36340739,0.363887523,0.363387691,0.36301796,0.363758357,0.36479276,0.365623143,0.364807032,0.363685308,0.366083583,0.366360921,0.366209142,0.365235886,0.365344928,0.365807194,0.365203121,0.36501598,0.363360758,0.365059133,0.362781794,0.365027706,0.364820104,0.363855183,0.360983683,0.361593625,0.358692781,0.360983236,0.357683142,0.355664414,0.358643369,0.356745859,0.350712039,0.351046465,0.351344385,0.348666857,0.345591161,0.246590906
M239,0.840519909,0.139138262,0.134653157,0.132956536,0.130387109,0.128938805,0.128412108,0.127920854,0.127566615,0.128380747,0.129030086,0.131200225,0.133336095,0.136183189,0.138887372,0.141245457,0.143630303,0.146449974,0.149026054,0.151575592,0.154375899,0.157012068,0.15960494,0.162290055,0.164718293,0.167038489,0.169567909,0.172074806,0.174731233,0.177314382,0.180087872,0.182999002,0.185757854,0.188730306,0.19168999,0.194553785,0.197213264,0.200050934,0.203024392,0.205784912,0.208709664,0.211075576,0.213919711,0.21659979,0.219308441,0.221887914,0.224591341,0.226876963,0.229276373,0.231766144,0.234069719,0.236566892,0.239073147,0.241397312,0.243822155,0.246431019,0.249103353,0.251240335,0.252960737,0.255659977,0.258190208,0.260668611,0.262832527,0.265475739,0.267838171,0.269491116,0.271527777,0.273412185,0.275267726,0.276516589,0.278184163,0.279821253,0.280965389,0.282017073,0.283375721,0.284273937,0.285300716,0.28623465,0.287529627,0.288648767,0.290375315,0.291903689,0.293605554,0.295669437,0.297616797,0.299903035,0.302156655,0.304595802,0.307091693,0.309723274,0.312081224,0.31464512,0.317338001,0.32005154,0.322885827,0.324743664,0.327208574,0.329512698,0.331688956,0.333583897,0.335742117,0.337200574,0.338827309,0.342021415,0.341991368,0.343163113,0.344919523,0.34662881,0.347870637,0.349170628,0.350547396,0.352059919,0.353058041,0.354818058,0.355625403,0.356901137,0.358854173,0.359377393,0.360733518,0.361740184,0.362871607,0.363997781,0.365230288,0.365970299,0.367596075,0.368266715,0.369136164,0.369603187,0.370754606,0.37134308,0.371483901,0.372779102,0.372887186,0.374530988,0.373631378,0.374666242,0.375297535,0.376394456,0.376712264,0.377451313,0.37752273,0.378632164,0.378331865,0.379071875,0.379103862,0.379695419,0.380898797,0.38139631,0.381957162,0.382150837,0.382810842,0.38273453,0.382856353,0.38324087,0.385096224,0.385564039,0.385203622,0.386565319,0.386375334,0.386596775,0.387900589,0.387899327,0.387482262,0.388803018,0.388394526,0.389820889,0.389562639,0.39011793,0.390183129,0.391252952,0.39141509,0.391750632,0.391467617,0.391411062,0.393097454,0.393354132,0.393390791,0.394891154,0.394436133,0.395715213,0.396288369,0.395744121,0.397994803,0.39673255,0.398446364,0.398918668,0.400250523,0.400388407,0.398728933,0.40136908,0.399934485,0.400286154,0.400635399,0.401176063,0.403388655,0.40439081,0.402016554,0.405522212,0.40304582,0.402450153,0.403419029,0.404619513,0.401367512,0.398547497,0.315929455
M240,0.843193567,0.085791033,0.084379535,0.084316826,0.083562129,0.083396083,0.083891238,0.084200901,0.084764589,0.085924299,0.086943252,0.088840123,0.090623832,0.092769943,0.09481297,0.096627293,0.098417571,0.100509141,0.102378175,0.10421047,0.10630398,0.108266128,0.110224829,0.112234831,0.114115309,0.115906615,0.117974997,0.119920942,0.122089684,0.124031199,0.126172926,0.128268504,0.130337374,0.132514629,0.134724491,0.136872608,0.138788427,0.140838114,0.142986734,0.144965646,0.147062713,0.148770408,0.150796948,0.152694392,0.154578028,0.156388495,0.158308873,0.15997052,0.16175831,0.163568665,0.165260221,0.167062176,0.168938528,0.170665357,0.172483304,0.174431826,0.176463316,0.178174911,0.179826201,0.182042227,0.184178501,0.186312186,0.188275008,0.190653918,0.192770245,0.194531527,0.196499411,0.198407927,0.200216507,0.20172295,0.20345559,0.205205809,0.20665031,0.207950624,0.209490616,0.210758774,0.21208461,0.213336977,0.214893326,0.21629389,0.218194859,0.219928365,0.221838718,0.224060655,0.226187542,0.22859908,0.230968015,0.233474913,0.23591727,0.238579258,0.240846098,0.243438684,0.245878925,0.248388896,0.25121585,0.253202419,0.255671674,0.257991326,0.260184118,0.262244961,0.264447511,0.265923307,0.267532126,0.270387993,0.270597668,0.27312238,0.274566505,0.276436148,0.277978659,0.279576291,0.2811906,0.282878948,0.284156623,0.286020614,0.287105448,0.288648737,0.290631916,0.291618058,0.293141806,0.294456467,0.29586999,0.297305589,0.298809108,0.299892043,0.301787063,0.302802474,0.304231088,0.305115582,0.306781821,0.307694107,0.308589196,0.31014496,0.310976618,0.312963212,0.313085674,0.314434556,0.315754143,0.31729645,0.318390184,0.319666278,0.320434301,0.322124867,0.322642837,0.323957142,0.324734646,0.326036864,0.327623714,0.328705814,0.329848877,0.330667187,0.332178416,0.332625886,0.333451657,0.33439236,0.336731176,0.337607071,0.338025416,0.339757568,0.340266421,0.340929317,0.342660809,0.343199994,0.343427587,0.344999827,0.345177697,0.346820344,0.346911216,0.348018148,0.348256115,0.349518987,0.349988264,0.350372376,0.350422492,0.350668735,0.35233404,0.352834799,0.353044445,0.354524913,0.354365694,0.355524495,0.356087167,0.355487689,0.357462357,0.356143839,0.357633479,0.357919347,0.358905003,0.358831573,0.357106643,0.359139785,0.357605412,0.357572629,0.357512748,0.357498478,0.358974971,0.359521539,0.356652829,0.359166033,0.356492823,0.355178295,0.355418879,0.35572824,0.352251056,0.348323047,0.258813212
M241,0.853809697,0.1551515,0.150614677,0.149479335,0.148217514,0.147198158,0.146421847,0.146544647,0.147060741,0.148717919,0.150860785,0.153668012,0.156983391,0.161145497,0.165068938,0.168548252,0.17238387,0.175827275,0.179307202,0.18264025,0.186308957,0.189369353,0.193270343,0.196382631,0.199432784,0.202241825,0.205471189,0.208553153,0.211830261,0.214940689,0.218040321,0.221505777,0.22503901,0.228340914,0.231578352,0.235183366,0.238218617,0.241210927,0.244560243,0.247784038,0.250711462,0.253369469,0.256352152,0.258888324,0.261805556,0.264134278,0.267013686,0.269312948,0.271393555,0.273554169,0.275681926,0.277981205,0.280151403,0.28220989,0.284640535,0.287033051,0.28925644,0.291275241,0.292828338,0.295374677,0.297490668,0.299752563,0.302172078,0.304238301,0.306255908,0.308311334,0.310139302,0.311482318,0.313334948,0.314512676,0.3161306,0.317379291,0.318831467,0.319744482,0.32155061,0.322282351,0.323580329,0.324787821,0.325886419,0.326965466,0.328358988,0.329701054,0.331078604,0.332471254,0.334140335,0.335971745,0.337488069,0.339232911,0.341094088,0.343061471,0.345025879,0.346539816,0.348648393,0.350416897,0.352518766,0.353922637,0.355581601,0.357274616,0.359111063,0.360104603,0.361767305,0.362551394,0.363914856,0.366061243,0.365501036,0.366690568,0.367593605,0.368966788,0.369549075,0.370554828,0.371228753,0.37240416,0.372698638,0.374565355,0.374542022,0.375555999,0.376360198,0.377427227,0.377980797,0.378695576,0.379467225,0.380333364,0.381192333,0.381605428,0.382428068,0.383164222,0.383341221,0.383959597,0.384393878,0.385135172,0.38509954,0.38555353,0.385457893,0.386272232,0.386351649,0.387129589,0.386845366,0.387734662,0.388467461,0.38827694,0.388098043,0.389080043,0.389303104,0.389085621,0.389682784,0.390270241,0.390251019,0.390537261,0.391720692,0.391612751,0.391374522,0.392184874,0.392076891,0.392381325,0.393117306,0.393305729,0.394087318,0.395251452,0.395033337,0.395100892,0.395055951,0.396248785,0.395754495,0.395650927,0.396542378,0.397945531,0.39743079,0.398179726,0.397999536,0.399032323,0.399128744,0.397514669,0.399046188,0.398870362,0.398454756,0.398741027,0.398544957,0.399875817,0.401576096,0.400556564,0.401095945,0.402854742,0.402678566,0.403796253,0.402549672,0.40581395,0.404048168,0.407371434,0.405600552,0.408409707,0.406853031,0.407470618,0.407720441,0.408251224,0.410392886,0.406605109,0.409080974,0.407067581,0.410212137,0.409399054,0.41051558,0.411854658,0.408602954,0.405452534,0.321423648
M242,0.863077823,0.127459089,0.128622939,0.13014995,0.13065026,0.130516894,0.130304016,0.130865504,0.131659236,0.133670271,0.135933843,0.138651573,0.141531814,0.144991486,0.148104047,0.15067101,0.153490531,0.155860652,0.158408819,0.160822404,0.163488489,0.165767349,0.1687692,0.171042909,0.173204454,0.175268078,0.177568692,0.179793192,0.182173791,0.184388576,0.186551307,0.189026237,0.191457615,0.193732759,0.195897143,0.198249176,0.200135101,0.20198057,0.204063996,0.206130937,0.208017772,0.209592622,0.211441346,0.212962706,0.214809081,0.216188865,0.218040397,0.219496386,0.220672873,0.222015093,0.223241011,0.224651045,0.225917906,0.22714911,0.228732977,0.230400137,0.231990484,0.233373588,0.234266135,0.236195671,0.23782512,0.239588016,0.241515201,0.243151064,0.244833672,0.246437959,0.248013414,0.24906876,0.250554678,0.251487773,0.252854052,0.253918557,0.255156037,0.256024853,0.257698384,0.258475544,0.25967196,0.260827897,0.261830523,0.262882622,0.264131436,0.265349112,0.266596099,0.267871614,0.269339686,0.271014103,0.272414565,0.273995444,0.275738794,0.277412751,0.279191894,0.280544978,0.282151999,0.283594853,0.285414789,0.286582091,0.287969852,0.289355289,0.290787718,0.291671845,0.292918035,0.293418624,0.294199256,0.296120268,0.295927996,0.29599363,0.297225036,0.298332161,0.298827073,0.299607565,0.300173809,0.301126791,0.301286577,0.302728926,0.302768643,0.303465129,0.30417083,0.304872408,0.305398907,0.305916791,0.306619709,0.30722135,0.308014575,0.308367885,0.30913102,0.309815418,0.309988,0.31057873,0.310991261,0.31163734,0.311575925,0.311962277,0.311973145,0.31270315,0.312963543,0.313678044,0.313601959,0.314475366,0.315348791,0.315299465,0.315443306,0.316237948,0.316695019,0.316589517,0.317414048,0.317924673,0.318294538,0.318682673,0.320074585,0.320230918,0.320151273,0.320943191,0.321084089,0.321441946,0.322205899,0.322554463,0.323259561,0.324468577,0.324376703,0.324599081,0.324754737,0.325724173,0.325454794,0.32535282,0.326182603,0.327360261,0.327145701,0.327665226,0.327581112,0.328337192,0.328355939,0.327116182,0.328237344,0.328118777,0.327849178,0.32792921,0.327694062,0.32882345,0.330107458,0.329169233,0.329463664,0.330700633,0.330287477,0.331164689,0.330030698,0.332607342,0.330839245,0.333226365,0.331582064,0.333476199,0.331816095,0.331840796,0.331728377,0.331806738,0.333247893,0.329535239,0.331239408,0.328963716,0.331275808,0.330146144,0.330243655,0.33046717,0.327432504,0.324029086,0.254521037
M243,0.852826931,0.175282647,0.171685646,0.171045292,0.171078637,0.169545918,0.168108389,0.168703753,0.169445055,0.170733698,0.173051388,0.175847513,0.179086914,0.182610035,0.185735108,0.188769048,0.19163616,0.194386084,0.19714544,0.199750447,0.2021861,0.204334851,0.207039906,0.208923769,0.211339839,0.212929882,0.214861454,0.217030296,0.219136442,0.221105416,0.223578236,0.2256739,0.228344333,0.230812233,0.23320249,0.235533501,0.237959023,0.240165134,0.242676751,0.244724395,0.246987063,0.248937665,0.251249466,0.252981868,0.255112456,0.257120213,0.259109692,0.260571154,0.262424527,0.264363901,0.265867263,0.267607952,0.26940832,0.271127181,0.273040312,0.2748923,0.276857584,0.278245356,0.279636304,0.281671342,0.283469342,0.285208229,0.28698725,0.288767474,0.290539585,0.292008288,0.29360666,0.294776797,0.296270531,0.297328774,0.298686297,0.299838515,0.301061208,0.301747581,0.303196432,0.303902519,0.305272634,0.306007241,0.306966082,0.307936859,0.309215039,0.310278314,0.311568476,0.312811846,0.313992561,0.315485964,0.317122806,0.318341145,0.320123991,0.321793818,0.323450941,0.325182877,0.326781249,0.328501858,0.330528809,0.331728876,0.333713787,0.334942412,0.336590451,0.338024395,0.339512963,0.340506897,0.341773733,0.344070123,0.343308341,0.344966625,0.345753097,0.347034483,0.347898772,0.348903958,0.349832639,0.351319725,0.351609518,0.353382003,0.354060781,0.355442578,0.356145346,0.357139605,0.358005659,0.359049032,0.359696841,0.360800531,0.362046149,0.362389899,0.3635652,0.364132135,0.365201405,0.365678693,0.366489154,0.36715344,0.36691859,0.368364441,0.36865486,0.369166051,0.369158014,0.370275533,0.370365393,0.371589584,0.372050319,0.372281339,0.372512738,0.373059352,0.372883335,0.372938924,0.373947928,0.374786155,0.375218986,0.375791779,0.376462335,0.376756534,0.377862477,0.376991321,0.377305555,0.378928966,0.379024433,0.379514514,0.380497617,0.380897254,0.382068846,0.381386761,0.381574335,0.38307885,0.383058881,0.383216214,0.384387516,0.384668302,0.38452393,0.384069883,0.385845073,0.385569881,0.386045286,0.386634842,0.386577633,0.38687211,0.388752504,0.387292432,0.387566902,0.387333302,0.389244704,0.388419511,0.389264147,0.389055625,0.391574272,0.393004489,0.392301637,0.39306515,0.394698985,0.39530948,0.393979558,0.393645346,0.396158541,0.396806534,0.39790931,0.394509363,0.397079007,0.398601999,0.396563101,0.400247276,0.398300684,0.39792009,0.399367099,0.393896031,0.398592953,0.395842805,0.321661591
M244,0.85113387,0.132525481,0.133659219,0.13552289,0.137189463,0.137131416,0.137138861,0.13863636,0.140246188,0.14246359,0.145474989,0.1488223,0.152482781,0.156202681,0.159529291,0.162693042,0.165739476,0.168625583,0.171619677,0.17444857,0.177170567,0.179712407,0.182800063,0.185023862,0.187766551,0.189773008,0.192065123,0.19449983,0.196885836,0.199044022,0.201581172,0.203711398,0.206290604,0.208621792,0.210870891,0.212916647,0.215065789,0.216943813,0.219071998,0.22074148,0.222616401,0.224189441,0.226033255,0.227283021,0.228868255,0.230346924,0.231801327,0.232815489,0.234079767,0.235472576,0.236418297,0.237582551,0.238781937,0.23992362,0.241287088,0.242708615,0.244161086,0.245173926,0.246220907,0.247929356,0.249444736,0.250964222,0.252463035,0.254007813,0.255580941,0.256828803,0.258257835,0.259210665,0.260464145,0.261281193,0.26239987,0.263351392,0.264355715,0.26492449,0.266140954,0.266731529,0.267834922,0.268407545,0.269157397,0.269923182,0.270933243,0.271782327,0.27280647,0.273890309,0.274845733,0.276171135,0.277561908,0.278571429,0.280127334,0.281496293,0.282856946,0.284276665,0.285281316,0.286554103,0.288268448,0.289063029,0.290489717,0.291241699,0.292351826,0.29325809,0.294184452,0.294509935,0.294919562,0.296693849,0.295721627,0.296422662,0.297038807,0.29779891,0.298196167,0.298667232,0.299167047,0.299983288,0.29976094,0.300818212,0.301040074,0.301755303,0.302017715,0.302398252,0.30283796,0.303202096,0.303416323,0.303980659,0.30475588,0.304645613,0.305390798,0.305620652,0.306211866,0.306363215,0.3068084,0.306969755,0.306520109,0.307375693,0.307455313,0.307714546,0.307494855,0.308199438,0.308241378,0.309155898,0.309500535,0.309576372,0.309673091,0.309987002,0.309781317,0.309773637,0.310606566,0.311157614,0.31155067,0.311995611,0.312658214,0.312895289,0.313776467,0.312989409,0.313203948,0.314511196,0.314566744,0.314958462,0.31582077,0.316192299,0.317158245,0.316481522,0.316690635,0.317893645,0.317720212,0.317785784,0.318603983,0.318763074,0.318590196,0.318075681,0.319409732,0.318972204,0.319126501,0.319474758,0.319293751,0.319411354,0.320898083,0.31953572,0.319498885,0.319019922,0.320418458,0.319773806,0.320167706,0.319535508,0.32128676,0.322292952,0.321399165,0.321597067,0.322557514,0.322641193,0.321234283,0.320449989,0.321990269,0.322014465,0.322241097,0.319176337,0.320700307,0.321303479,0.318957903,0.321296304,0.319326302,0.318396685,0.31880427,0.313562426,0.316954791,0.31391702,0.249059819
M245,0.86275048,0.19962293,0.195807992,0.193593427,0.192429391,0.191068591,0.190147066,0.190122749,0.19068445,0.192748365,0.195341063,0.198494647,0.202115154,0.205924143,0.209380392,0.21313583,0.216578076,0.219620865,0.222039999,0.225230342,0.228273203,0.2306779,0.233350719,0.236125456,0.238494335,0.240974498,0.243233005,0.245621396,0.248007687,0.250754812,0.253234515,0.255755891,0.258470419,0.261475592,0.264486918,0.2671514,0.269929661,0.272515007,0.275373557,0.278144947,0.280548662,0.282492273,0.284736339,0.287217997,0.28957748,0.291219861,0.293419505,0.295302199,0.296993392,0.298918247,0.300647643,0.302456037,0.304178183,0.30575282,0.307566712,0.309779062,0.311891145,0.313374384,0.314908841,0.317172845,0.319046027,0.321027027,0.323012283,0.325062594,0.326809708,0.328666368,0.330480317,0.331800377,0.333189934,0.334573437,0.335963772,0.336968347,0.338390589,0.339227688,0.340712196,0.341462601,0.342857976,0.343528645,0.34469327,0.345873775,0.347151084,0.348215311,0.350013944,0.350920261,0.352596026,0.354432591,0.355969726,0.357448801,0.359581479,0.361341244,0.363221633,0.364870439,0.367273409,0.3691165,0.370940534,0.372706348,0.374410443,0.376003622,0.377625074,0.379041556,0.38079705,0.382027584,0.383539382,0.38609298,0.384601043,0.386671266,0.387638679,0.388848711,0.389904711,0.391080054,0.391579795,0.392921396,0.394101336,0.39577878,0.395922218,0.397104746,0.398081576,0.399447509,0.400144799,0.40153499,0.402477073,0.403001717,0.404118116,0.405209254,0.405774236,0.406719222,0.407688946,0.408437432,0.408572937,0.409576559,0.409720671,0.410395131,0.411080933,0.41202242,0.411832622,0.412636102,0.413326425,0.413629496,0.414678006,0.415297095,0.415327893,0.415716239,0.416117321,0.416045699,0.416830161,0.417480735,0.417601687,0.417942465,0.418397208,0.419372812,0.41929939,0.418989544,0.420255344,0.420562611,0.421518622,0.422866866,0.422579068,0.423950816,0.423800158,0.424029672,0.425381793,0.423955756,0.425040841,0.42641028,0.426054014,0.426021434,0.42705222,0.4263094,0.427743741,0.42894645,0.429055569,0.429273038,0.428840205,0.428707927,0.428239118,0.428594346,0.428456529,0.429970741,0.431871017,0.430618566,0.4311888,0.433087006,0.432833331,0.434083965,0.435699288,0.436160563,0.437539996,0.437723769,0.435869246,0.438876112,0.437229862,0.437687716,0.438135243,0.438619491,0.440947998,0.44237559,0.439463586,0.437143133,0.440812643,0.440099115,0.441329201,0.442859001,0.439741137,0.436274676,0.35707964
M246,0.853000223,0.151102426,0.151210703,0.151401086,0.152000781,0.152101991,0.152286329,0.153364277,0.154681683,0.157303265,0.160254408,0.163661513,0.16743844,0.17143198,0.175123902,0.179058091,0.182787552,0.186086911,0.188930251,0.192263066,0.195567992,0.198251881,0.201157092,0.204102044,0.206737752,0.209439791,0.211904137,0.21456667,0.217132468,0.219991173,0.222530559,0.225115337,0.227816098,0.230670646,0.233539756,0.236033115,0.238599972,0.240959874,0.243615448,0.246217878,0.248559403,0.250485512,0.252672274,0.255077712,0.257421505,0.259093658,0.261333748,0.263284383,0.265036676,0.267054432,0.26884849,0.2707723,0.272609309,0.274401319,0.276371079,0.278697976,0.280952998,0.282612391,0.284245825,0.286609664,0.288603,0.290708938,0.292841249,0.295030985,0.29700129,0.299027527,0.30097895,0.302505004,0.30407718,0.305632956,0.307218243,0.308435511,0.310057823,0.311111928,0.312746568,0.313695816,0.315154546,0.316007573,0.317275915,0.318581171,0.319965219,0.3211852,0.323062851,0.324174246,0.325915995,0.327958628,0.329663549,0.331333669,0.333570649,0.335394621,0.337363136,0.339016747,0.341143716,0.342941932,0.344888123,0.346552698,0.348243678,0.3496864,0.351204178,0.352569945,0.354121443,0.355067958,0.356144632,0.358627688,0.357361533,0.35889448,0.359977977,0.361056957,0.362072518,0.363171715,0.363650886,0.364858854,0.365944968,0.367452272,0.367586911,0.368632391,0.369541827,0.37065455,0.371279108,0.37243521,0.373390782,0.373814685,0.374984622,0.375954747,0.376488351,0.377411182,0.378335505,0.379089123,0.379264121,0.380129507,0.380370719,0.380881874,0.381585013,0.382497716,0.382366322,0.383164379,0.383870436,0.384223168,0.385298315,0.386002348,0.386161271,0.386489551,0.38699499,0.38703486,0.387945173,0.388672658,0.388958926,0.389459402,0.39009527,0.391156157,0.391152609,0.390974182,0.392263422,0.392610941,0.393604388,0.395040523,0.394888729,0.396158494,0.396135648,0.396381989,0.397767752,0.396496051,0.397510219,0.398879184,0.398513625,0.398467388,0.399516308,0.398638098,0.400084911,0.401071889,0.401196361,0.40135437,0.401044295,0.400991132,0.400536164,0.400722419,0.400485181,0.401756946,0.403402089,0.402054546,0.402440911,0.40393664,0.403285059,0.404267021,0.405853883,0.406005686,0.406857381,0.406755519,0.404673449,0.407042757,0.405142819,0.405009757,0.405014177,0.405182228,0.406822936,0.407592675,0.404432505,0.401638488,0.404368927,0.403055246,0.4036293,0.404302068,0.40082466,0.396654925,0.309831471
M247,0.86036036,0.17016778,0.165081322,0.16348743,0.162885815,0.162180563,0.16166537,0.162807375,0.163975013,0.165596083,0.168295965,0.171385692,0.17491923,0.178712304,0.182132055,0.185553826,0.188699882,0.191460021,0.19464303,0.198048095,0.200645263,0.203414137,0.206314251,0.209429665,0.212135678,0.214594632,0.217423318,0.220016919,0.222597888,0.225258145,0.228210156,0.230906563,0.233538797,0.23694136,0.239587304,0.242663927,0.245523872,0.248462939,0.25140212,0.254077885,0.256946501,0.259250969,0.261671114,0.264196174,0.266592872,0.268707711,0.270973473,0.27308728,0.275263107,0.277075143,0.279274686,0.281097345,0.283175507,0.2851754,0.287264115,0.289260986,0.29145505,0.293397702,0.295176147,0.297533547,0.299263628,0.301313952,0.303037108,0.305172867,0.306829907,0.308479422,0.309621551,0.311146765,0.312356338,0.313472441,0.314734619,0.315773271,0.316665027,0.317211859,0.318179326,0.318809821,0.319491451,0.320243186,0.320685538,0.3221199,0.323256211,0.324397261,0.325828051,0.327407172,0.32857744,0.330483112,0.332104815,0.333977515,0.335766535,0.338156183,0.339836291,0.341603619,0.343426843,0.345421861,0.347465398,0.349144944,0.351078986,0.352718725,0.354566372,0.355981867,0.357684091,0.358926379,0.360382422,0.362013397,0.361905455,0.364652837,0.365619909,0.366562195,0.367322993,0.369026717,0.370125445,0.371516368,0.372546075,0.373908441,0.374935144,0.37591581,0.376915684,0.377832176,0.378570133,0.379878988,0.380788914,0.3818624,0.382927193,0.383545692,0.384585113,0.38502033,0.385916906,0.386726308,0.387992988,0.387838504,0.388604554,0.389219821,0.389948174,0.390800488,0.391251452,0.392044072,0.391820629,0.39275897,0.39276788,0.393197074,0.393807657,0.394692191,0.394847378,0.395325389,0.395668332,0.396020625,0.396552109,0.396518306,0.397562478,0.397227575,0.39770108,0.398013829,0.398673821,0.398407607,0.398724058,0.399431685,0.399523797,0.400131972,0.400537865,0.40137966,0.400591561,0.401068842,0.401298415,0.401814758,0.401935814,0.402478502,0.402599554,0.40254794,0.403047897,0.403110828,0.402261758,0.403233528,0.403568571,0.402312477,0.402756827,0.403691167,0.402201148,0.402162758,0.40228356,0.40432478,0.403173821,0.403185231,0.40351448,0.40552557,0.40223389,0.403301509,0.405229433,0.40289395,0.405348661,0.405347231,0.404529264,0.405726846,0.402616849,0.403736633,0.401840236,0.40373165,0.401781088,0.400213642,0.404201231,0.397968114,0.399453628,0.401031113,0.3986121,0.3958567,0.3128591
M248,0.868619618,0.139746623,0.139984893,0.141268543,0.142584863,0.14336414,0.144067503,0.146309776,0.148561359,0.15126854,0.154921418,0.158747581,0.162798451,0.166820615,0.170421763,0.173893735,0.177162877,0.180074007,0.183324842,0.186780459,0.189415497,0.192331624,0.195414039,0.198600352,0.201374242,0.203959874,0.206890498,0.209638419,0.212345427,0.214957549,0.217802548,0.220344072,0.222768961,0.225877746,0.22826179,0.230966129,0.233507024,0.236008183,0.238579011,0.240855638,0.243364521,0.245341533,0.2474266,0.249500465,0.251460374,0.253186862,0.255081984,0.256844325,0.258710731,0.260175322,0.262043306,0.263517177,0.265189745,0.266836919,0.268563098,0.270228844,0.272060876,0.273713031,0.275260088,0.277345191,0.278898758,0.280743132,0.28232739,0.284326816,0.285931017,0.287479459,0.288576789,0.290013103,0.291147395,0.2921706,0.293265564,0.294197572,0.295021334,0.295556095,0.29641223,0.297022224,0.29768908,0.298409313,0.298813446,0.300219616,0.301300959,0.302429261,0.303821491,0.305439559,0.306578379,0.308483115,0.310167629,0.312010308,0.31371337,0.315963723,0.317494803,0.319076944,0.320482969,0.322240211,0.324147657,0.32562506,0.327263456,0.328629505,0.330172118,0.331339693,0.332717435,0.333465216,0.334207908,0.33557806,0.335228697,0.337884119,0.338542364,0.339242173,0.33985223,0.341234237,0.34193236,0.34304791,0.343643961,0.344643677,0.345292492,0.345923581,0.346583928,0.347175699,0.34760189,0.348546078,0.349149843,0.349892484,0.350681716,0.351055236,0.351866352,0.352067093,0.352856185,0.353375973,0.354380785,0.354060363,0.354625718,0.355042968,0.355613719,0.356320981,0.356712603,0.357424654,0.357213655,0.358092011,0.358167341,0.358604122,0.359179447,0.359977282,0.36017582,0.360653762,0.361075589,0.361374096,0.362019511,0.36195668,0.363036636,0.362794116,0.363334483,0.363606581,0.364367251,0.364071661,0.364402526,0.365094844,0.365241644,0.365868579,0.366255466,0.366971722,0.366399445,0.366758596,0.367021907,0.367416527,0.36744049,0.367973328,0.368061359,0.367887082,0.368218342,0.368185031,0.3671001,0.367807268,0.367979278,0.366763363,0.366892257,0.367655387,0.366051844,0.36584638,0.365732021,0.367356162,0.365886397,0.365617414,0.365392973,0.366902536,0.363627477,0.364062779,0.36550759,0.362857441,0.364584481,0.363925798,0.362787795,0.363373889,0.359914718,0.360322188,0.357959043,0.358880071,0.356354158,0.354348699,0.357056973,0.350587288,0.351151219,0.351439213,0.348398548,0.344738909,0.264941794
M249,0.847614526,0.139746623,0.139984893,0.141268543,0.142584863,0.14336414,0.144067503,0.146309776,0.148561359,0.15126854,0.154921418,0.158747581,0.162798451,0.166820615,0.170421763,0.173893735,0.177162877,0.180074007,0.183324842,0.186780459,0.189415497,0.192331624,0.195414039,0.198600352,0.201374242,0.203959874,0.206890498,0.209638419,0.212345427,0.214957549,0.217802548,0.220344072,0.222768961,0.225877746,0.22826179,0.230966129,0.233507024,0.236008183,0.238579011,0.240855638,0.243364521,0.245341533,0.2474266,0.249500465,0.251460374,0.253186862,0.255081984,0.256844325,0.258710731,0.260175322,0.262043306,0.263517177,0.265189745,0.266836919,0.268563098,0.270228844,0.272060876,0.273713031,0.275260088,0.277345191,0.278898758,0.280743132,0.28232739,0.284326816,0.285931017,0.287479459,0.288576789,0.290013103,0.291147395,0.2921706,0.293265564,0.294197572,0.295021334,0.295556095,0.29641223,0.297022224,0.29768908,0.298409313,0.298813446,0.300219616,0.301300959,0.302429261,0.303821491,0.305439559,0.306578379,0.308483115,0.310167629,0.312010308,0.31371337,0.315963723,0.317494803,0.319076944,0.320482969,0.322240211,0.324147657,0.32562506,0.327263456,0.328629505,0.330172118,0.331339693,0.332717435,0.333465216,0.334207908,0.33557806,0.335228697,0.337884119,0.338542364,0.339242173,0.33985223,0.341234237,0.34193236,0.34304791,0.343643961,0.344643677,0.345292492,0.345923581,0.346583928,0.347175699,0.34760189,0.348546078,0.349149843,0.349892484,0.350681716,0.351055236,0.351866352,0.352067093,0.352856185,0.353375973,0.354380785,0.354060363,0.354625718,0.355042968,0.355613719,0.356320981,0.356712603,0.357424654,0.357213655,0.358092011,0.358167341,0.358604122,0.359179447,0.359977282,0.36017582,0.360653762,0.361075589,0.361374096,0.362019511,0.36195668,0.363036636,0.362794116,0.363334483,0.363606581,0.364367251,0.364071661,0.364402526,0.365094844,0.365241644,0.365868579,0.366255466,0.366971722,0.366399445,0.366758596,0.367021907,0.367416527,0.36744049,0.367973328,0.368061359,0.367887082,0.368218342,0.368185031,0.3671001,0.367807268,0.367979278,0.366763363,0.366892257,0.367655387,0.366051844,0.36584638,0.365732021,0.367356162,0.365886397,0.365617414,0.365392973,0.366902536,0.363627477,0.364062779,0.36550759,0.362857441,0.364584481,0.363925798,0.362787795,0.363373889,0.359914718,0.360322188,0.357959043,0.358880071,0.356354158,0.354348699,0.357056973,0.350587288,0.351151219,0.351439213,0.348398548,0.344738909,0.264941794
M250,0.850236967,0.139746623,0.139984893,0.141268543,0.142584863,0.14336414,0.144067503,0.146309776,0.148561359,0.15126854,0.154921418,0.158747581,0.162798451,0.166820615,0.170421763,0.173893735,0.177162877,0.180074007,0.183324842,0.186780459,0.189415497,0.192331624,0.195414039,0.198600352,0.201374242,0.203959874,0.206890498,0.209638419,0.212345427,0.214957549,0.217802548,0.220344072,0.222768961,0.225877746,0.22826179,0.230966129,0.233507024,0.236008183,0.238579011,0.240855638,0.243364521,0.245341533,0.2474266,0.249500465,0.251460374,0.253186862,0.255081984,0.256844325,0.258710731,0.260175322,0.262043306,0.263517177,0.265189745,0.266836919,0.268563098,0.270228844,0.272060876,0.273713031,0.275260088,0.277345191,0.278898758,0.280743132,0.28232739,0.284326816,0.285931017,0.287479459,0.288576789,0.290013103,0.291147395,0.2921706,0.293265564,0.294197572,0.295021334,0.295556095,0.29641223,0.297022224,0.29768908,0.298409313,0.298813446,0.300219616,0.301300959,0.302429261,0.303821491,0.305439559,0.306578379,0.308483115,0.310167629,0.312010308,0.31371337,0.315963723,0.317494803,0.319076944,0.320482969,0.322240211,0.324147657,0.32562506,0.327263456,0.328629505,0.330172118,0.331339693,0.332717435,0.333465216,0.334207908,0.33557806,0.335228697,0.337884119,0.338542364,0.339242173,0.33985223,0.341234237,0.34193236,0.34304791,0.343643961,0.344643677,0.345292492,0.345923581,0.346583928,0.347175699,0.34760189,0.348546078,0.349149843,0.349892484,0.350681716,0.351055236,0.351866352,0.352067093,0.352856185,0.353375973,0.354380785,0.354060363,0.354625718,0.355042968,0.355613719,0.356320981,0.356712603,0.357424654,0.357213655,0.358092011,0.358167341,0.358604122,0.359179447,0.359977282,0.36017582,0.360653762,0.361075589,0.361374096,0.362019511,0.36195668,0.363036636,0.362794116,0.363334483,0.363606581,0.364367251,0.364071661,0.364402526,0.365094844,0.365241644,0.365868579,0.366255466,0.366971722,0.366399445,0.366758596,0.367021907,0.367416527,0.36744049,0.367973328,0.368061359,0.367887082,0.368218342,0.368185031,0.3671001,0.367807268,0.367979278,0.366763363,0.366892257,0.367655387,0.366051844,0.36584638,0.365732021,0.367356162,0.365886397,0.365617414,0.365392973,0.366902536,0.363627477,0.364062779,0.36550759,0.362857441,0.364584481,0.363925798,0.362787795,0.363373889,0.359914718,0.360322188,0.357959043,0.358880071,0.356354158,0.354348699,0.357056973,0.350587288,0.351151219,0.351439213,0.348398548,0.344738909,0.264941794